puuid,region,rank
sFyR0SQ2UcMPE2twgo2tWgygIhAXpJdzQO4nvzA9Ub1m3KinsJAt3CE9KWu_pUN7E-YTzGnvwF49HQ,eun1,SILVER
uoucgETtm4RQoDXXylymQWzvWSzAeL_JjsPYRmSY3O-Sd-qA2ja2VM46Mm3TXG4WZc3uIpC7cJ0M8g,euw1,SILVER
K86E_v9ohso85Xs_s6bTYNn793K5-bQ9JnTDhw33Ez1Wsne0uV33xOmx6uTffGvUEvlTF0xU6qWHGA,euw1,SILVER
1wqG0hcDAdZq5S8MGt2za4pKfzUNmaYiGfTe6z68u73GOnVh5Qbzhq3uMZ5eHdhXOk1P500Il6Ixig,euw1,SILVER
3WbcVoXNuYC5AO3PFzQ-T9PQGCCXfB9wGs8sYzR6e5IzgWpb3JlpSoAOSian3MrH5qvze7ZrSJQS2g,euw1,SILVER
d2Qa3UjI1OwdMPJC56rCmKz4KHuUM3GueY7scThDaO2qJ2KcFkh-3xjf-Y2WbYD12QKfQQ2Wa0woJw,euw1,SILVER
ZHCR4--KlwRTRxTkwImNYgGbljnTpqUOiepqJj9Cs7WlhcHEmbZInGSQvPwf-pgHLTdFe9DQrk1vnA,euw1,SILVER
S6yv-glS2bHPpGfkIxRmiG467TWCXGQ7FeECDKry-rY3TCIZ1DsMRbhrr_QZ4v7MOF7M0XiLbKnQCw,euw1,SILVER
qfrdoOWrO-2H1Ig6TV01DBJKqNMom9BDPf0BeIJudcJSLUU-tud2Tw8GSLSWvmw9xMWKjDSyX3af5w,euw1,SILVER
lFn6GHSFSA-TU3goiP_PhYkVB5Q6XXRtjV-CBHoeknBmZmwx4RgvEPpMp_NXOD5b-CaUzlKlr5XYOg,euw1,SILVER
Xm0iGPiv-RW4EcvsbRCOCOwM6Q-sK5vBhcaVqkEHX_FU4ui5kuYU5gK806XtTwj9mwZUAYkckT-hMg,euw1,SILVER
wmRqmFvLKkd5tBk6-5ukb2-cqfXcbrM1fT_SYzFYSagAQyqjw-VBsH4TCUFutRr5FQDmgz-tPlvolw,euw1,SILVER
hEjzcl-Jo8jOLhIpucdmFEO_vdH96_9cv9iBW2GBkDoOuHRbkgkV4FW9EzxufdGpWxwOhXk9-af2Rw,euw1,SILVER
B1bypcnjetPIpZ5f--skM3n4XwhPPU17hyw__OgVGsv4U0Mt-9abJ9LOKuS9a6HXQxos6bmosgO_eQ,euw1,SILVER
hqbL4RPU87UFOnGQ67eQsnjTqBWW4KPgv7l6onysNIz3XQIljoc6ps165HvWl-UY5V9GDt9R6fYQJg,euw1,SILVER
r8y0UtngWhliSPDdCqhnGloSCW8NMw67cujCO9UgocyNfiG5vKxZSPLStgtWkIndQ4pdE4CzlAOIhw,euw1,SILVER
Lc9JdE3j8lxovFi0dvo6akxdsofMqJ9BlebxzME1ka7Z-HpLdimBQgl2KtBz7tfu19wTBesSPYnc-w,euw1,SILVER
BGuCBaCrnPS-a_iltLqA3LAPE_q0PP3fN0zbGrrdHjc5prQO792WsdxOvUaGlPVCDRnovjfIehLeAw,euw1,SILVER
31g13mN3uvD-MHae78oMy2lh7B7hSDhXm2oske7xkcHkiAdFo7mwqSFq4KtwN0LPJkZ-qSzT7Wwfcw,euw1,SILVER
bYKc5eKeIDdLY697HjItHMJpI5iXWHi4Zq1alFbl0LI2aRjxh8F9Oy4zFn7eQ90PO_UV2HSc4EVzjg,euw1,SILVER
YstAOYmhptAHGolT-OmlsvJ8WUWBuvk0bgMttFBNFMlR3v1n5DratO5dX7MWkoISDFZSCPFi1FkEWA,euw1,SILVER
C92yqbGUCBno1CAVO0mfd_ZSrRwONlI3gaIkskAKbPFna_9YtRw1eCeCMrDPkDZskPJwh_g-XGKd1g,euw1,SILVER
JMR6bjWd5cD0TaLjfZPsWxLgLdxgcUtBu6kLbotr32h7HmEg1kvOfSeA46V5Eyk2Y07OkUYtS-gLrw,euw1,SILVER
Z7B2kbNCiNS3j0_WJXBvQ-6aqdIhhC5hVcKPf6wg6X3jTE6eFAiNZPa5GgLoxjoL0noV9bli4G71lA,euw1,SILVER
zJsckY3tLsmDKhZWNBxSm4exws_Ec9SHPuq9psX_i97xFD5C3FyGX628GhlAdaSv9UlSOwAOA0eXOg,euw1,SILVER
OK20ldAJFEmz9j3edqLMp7Gkyp3YlScDu00lPFiqSH6iAMgInGlzCnTsn4F7zSoy07KxjtyWrLR8gA,euw1,SILVER
kS4iQuMVnGAxnNobOKmINaoZ_iPtGF75VfhsZJ-g3D7HhJ_cafqu6ERiwF7m83gXSbxnkpcFGNAnSQ,euw1,SILVER
YnqDvrQjJomnpVhu0iZMRON9w8fDriS7KAXvlLvpoEledlRwZXIo2Wpy2L1M611epjxM27uFeYCFeQ,euw1,SILVER
rLjo8V8lMMA6RZjsu7XttWnjX0QZeGS0Z6W39oTIT4tVVAlAZvAAO3Y-496eiR3Sdg1w8W9zPFITHg,euw1,SILVER
9609Ue31wyND5F9aNN4dPg_uOJpROfTue8hK0UA-pHmSSjM46_wsM3QzXFnBH24thq8-TziKbIIZFg,euw1,SILVER
jwcacEfh6ddYsz_UFguiUL5UQzOVmp8WilSBh0JaBd3eMKAn0kUDNpeCAz74C6tAusslu5n7EBdtgQ,euw1,SILVER
QUJLiQ7qeB4Vh8FfKX5k-b4JhUu2S0O2ZMhi4AoR2HACPlW4VctJlM2X-4poln5YxYWyyOfCIVJlYw,euw1,SILVER
ZDMliBC4RzkgcC5nkrfEuHE7lIVSrsIXkVXYI2pJDP8dgVdAHwv5HZGO3RECboNRD0ZBz8St76pDMg,euw1,SILVER
1phMABWLGy38Jm90Syl5SLZEepQ231dynmEXKMppNTBZ8S_33dsshsOcpokrlTEp161rKAYm15I20g,euw1,SILVER
XssKzCQnmsfDPOT6EOWZQsoihFdIWTVRhia0Kg6NIFGvOTS6RBsAgWWu1gAhiFBt8OwV_gn5siJrfQ,euw1,SILVER
Y9f9lhsPiZyDjnQfy1mLRHfmBldxg6SvaBndpXx7Twxs9ykEI1m_2hivM0fFM5DRi3kJQ_5eq5L8XQ,euw1,SILVER
GwfvhweDgFVh1ptWViFHq03BzR7khn50Uwa48yM0T-5cupfQVRSgv51goMjforyxMWH-gv7AnXzhUw,euw1,SILVER
jKDUm-g-qKVbaEV2QdE7jkm_6eat7Tb6NPy-JBvy4avqfHDjjuayWhhL-vTeKFux-IKrF9tNXkNDzA,euw1,SILVER
P31GxuXREAHv6FLW0tGNfFmrkgagerja5eBJ_H5ETVUjWx5Q4mp8U9quBlvjL33DePEECNzMjCOjVw,euw1,SILVER
LrISjH1ubpDWVLQ2qUQNmbtDOdpbSUf2a4-R_dOSvJSc8VK1v-tEsI7my3ouCTIkfxHLIm_axOLO4w,euw1,SILVER
qChqbN5QH2SCQVN3OZXEr73oONXKQ1aSmEnVJPAXIV_rKTAmNhqqa2QOxRkRaNaBDHP9dbvzJM2nmA,euw1,SILVER
GjWBZWNV4Y-ingzAoyccZiptTwJICdeQSuCJFeAdFVCNN574z5tlPSjAAKsPPfX8STNBGriZ2EPGDw,euw1,SILVER
reHuj7OsYd_Pw6HjWzejp8tPLKDvUrt3eCx8BgQ_WdxcDI_773bOoJ8S8jaWh9MPWCsapjpqyXNqKw,euw1,SILVER
sqyqkejyFvgkMet1o0ZkOK1kXI9c5yWygHnsOuEBydbAW7cMyoHrUcw3ACNG9Tol3nLZxijk2KOvxA,euw1,SILVER
irgOcY1ky66t9r86Y_fJ-IyKK0HRqBhflTeKZNzGaNB4jjHekBkmL0-aHmlXqAkDqRhvc6D4nfRHtw,euw1,SILVER
MOvxbxLqls878X2dIUy3tmVS6ha9vcBAKutOpLcemQzmTyPessklLAqiiP-CAp_EuhD4hGrMM-wWyA,euw1,SILVER
W9lF7PreiXzuZpAO8XxIDNhhy56z55C8FDhUr-7d_4L_KOl4zfB0GJ5pQPEBRZ1czVe6NWjl6wdafQ,euw1,SILVER
mRhuCvuzEvD6XFbU5yYytDtWhfmcpaXQ1RCs_g7OY92Mm94H3pQYJQwdiBd-2WP1F5exPZZLhPH4HA,euw1,SILVER
ngGu6KG8cx0nomiXyKTNvetqCnbuSjlIcwGTgzBM4ePwzXFhAX3WzExlhZe9A36E6HDriWf-xFxc1Q,euw1,SILVER
jA5NGsY4afOW5kfU3TQ9JQKIu7L5xmiL9TZ1wQJHCw1KB8JeAeOzz3Bg5kuXbsNGCQFOR75AzY6nWg,euw1,SILVER
BBxhjpFUCGVOJQUf-0qYe6fY0brJ5KmS21r6KYl-EMhF8dhcBQXUazcB0RLKrnej4dh-dFxbcrVQpA,euw1,SILVER
p_wkuDJdN0a5ksaMLQuB-wG6wLaXaEhcFhD7gVwwgQFMoKUKVOdeLd6HcqucZM2y80ta8lsiMNoGhw,euw1,SILVER
LyzCoEcRhTMOuucDkr6QCxDPIjnBnqTy7uLyZtWQoiOUDTmSKzJXLcjhbFlKlMZpOakKTb0C17297Q,euw1,SILVER
vsKd9RUoINiylavzreqI9gWz0Hleg7Kn3IYm-XlDK-Jq1L1IH3v0B92fgegjrf3g2k2xEgwdnM_ydg,euw1,SILVER
Wl7kiYeSLe1bTLjQfAvJj9YJIpJ3E343286B4g8AwLA5VO23rOLw6elbAeUaA774Rsy1dAABT2sFGQ,euw1,SILVER
J3LzMkjh5KzlwGqvj2P619-Si83GJElT-eckvwG-htH0555LCQJi4MYV9JGOq4ik8JUQc3OZNUeVSg,euw1,SILVER
hWf3DZ6R-g08oX1qgSQR9yKr_QH0H52pdTDz-KHO6sM4RNnSc1gbWSn-oWYJwiaj5Q5VZu9x4JDL1w,euw1,SILVER
_p-YLCbXUTQ60ZEWa3RccqACCR3QWEv1ViMNPoFKUg-kNSBHXAXhURIuzhA2sd4a_27I--V3knzKqA,euw1,SILVER
s6em7HpSddPksP4IlSNJltiZR9WAvdm7j38B6hfOBXEvKs-e_m-GNtk1lnMhvkGGphN5j5dF1oZM9Q,euw1,SILVER
pBTiJwGy-XMxRLtq9_Xnuvo-r32VQ6MkAz3LHzt9fiq0VDMSVmBrXxm9r-znj7fXVReUxjNu9bB1Cg,euw1,SILVER
Wm6-zGYSBQly5y_IPu9KimydfVZhUA4GvV1B0AQyLKGXK5S9OL3R0Yy_eSihgo5NcJGWQH5x7VHO5g,euw1,SILVER
P3txFuW1-h0th2FDyZ_3V9n3p1HTL1jIFppSVHb4dAWeWS1nukkx08c2VWrdo5fHI3EKq_Qai6lyDA,euw1,SILVER
1G0hVvFeO8yVZnQjmKMW5Ti_8L894T6sLxInXFU-7vQ4Kra4gp8cqk4ZKL9Ds6DpJLLmbmiaVpwc8w,euw1,SILVER
JzzQkGzBP2llqaeRR64r_n6Xs5bJPmmCUeLYfYWKzmEM5eBqG-JZ7SqSrSUVacGLWcxrf3QsZ7m5BQ,euw1,SILVER
xoH-vYdlic1KtEQGHi6a2GtiHwxWsa9uufKmC5wlMT0IaMTZfIhFDLf2FstfycuIjuTWsJCyrtm3xg,euw1,SILVER
l-vEJXwrrmMeJazCebN2-V3hbwzcejyvY4qhUItPRxiB-nVwuCvfHQC17HIp31vWWICGeWlkBKRD5w,euw1,SILVER
I_Eeqk5_vxz7PlRUnLPDBFspgvEfv7FtiU7u65bChjwCnytAHW_KjA7VoTI0ClyV6A0_oA4IhRAXKw,euw1,SILVER
kGP3VoBDBK94L4tJ30R97I7ZdflKQU3wxwiBhGfIWAZkbw5OUepBtwVRkZMDlqb70v4LbF_-2gQy0g,euw1,SILVER
QEaElSd9IhqjWm1d4KGOMvp1fpj40S8px1dF1dYvigU-CIc6ldfxjgqrYCJnWU2zyuPfdAVW3-4njw,euw1,SILVER
KaXG16cNgBoYuEkCVCVJUGs-FN6s6MMJvLV0HO2tDvIEIsYmb5HT_ifsNXC5ZGdZQEk1CFfChs9T-A,euw1,SILVER
YY_6qtatZApH70ic2CaFH4sRFC3xcvlz_rfh32WRL1LkT4mwAlkDeeQ8fEFTwCszCGEJk43u731-UQ,euw1,SILVER
98vm9uhKkB8GkT-qDslvXvcPWo0w_909q_gnsiWAMB8OgEy9zpxlfuy9e2ftLJc5-kr9LdBYYWic6Q,euw1,SILVER
kjFebpOMKAOmoNhCkMh4oSNPw29e5Tzz9-gE91V0AgsQ9sY5sAxEsG_uQRLWSG2mgo8zaMR5v87YbQ,euw1,SILVER
uLfB1Pgixz9RZ6adj0HNImVo9lIrdpJ23AP8xwG9nPhTm5vaIslaIDUIcdBaQAv4MnOO0qPB5zQKow,euw1,SILVER
k7HJD4SAd2KlqxttRitrSJX5A4ZX7YglMPwHgxPRF99Ldm_4vlzFSY7vcqxI8i3lC3FwblIENB-L9g,euw1,SILVER
YrJj77XfZtLm-_wgKGKcAKR0KxY4yGOzfo1SIKM8z6saBBt0wbBqUGE8Byu0yv3VpzRtI0xdPEWtaQ,euw1,SILVER
5-IaPaI0Jy6WaG9i0OtqgBdECMTIDWpkfuSOdyu1M5tMfZnI6OX5Vw8iOpCOoEi21613Ua-hlQZXCg,euw1,SILVER
VuSknO8yn6zwoGVNb1_AD3gFBcvHPeljCG-yhWDhK8V3Gfu4jPXFaLc_mHfHwV8Qfbf2m59pqBCPeg,euw1,SILVER
nP7VBTtN4I6MIKfHNM3qUVHy7Ng3G_5822xvW4mMfYzbe9hOQ9dXoHCEMFs4rSbpbIIPE4NNw7WuzQ,euw1,SILVER
vK4fPtVKah318aJ_9Zw9hESN7y_3lPsei9DCvi4V7J9RHtxRVy6rroFxOLuDq1eRW5wWESC7A3Y1Gw,euw1,SILVER
NmATm-3G86KVu-38GAEoajJ0mWpEg8rMC6ChwjUHT2mSJkBSebQppsRsXNtlMRNLBEQiJzZQMK11sQ,euw1,SILVER
YOr_PSnI815JW5ugxZk7-MQ9fZzPQ6HuDZdZbD8X5ewYKX2N1EqaMaYwrdEcBuHQ2VaCX_7EOmn6CA,euw1,SILVER
Li0p7RxXGqVD9mia_OH7eDC1dd46VfnMLmDLpQg31TVQNvEmv_2SPXa9KOoVwCv60FXpGHBa5Jq9dw,euw1,SILVER
UjNXP7P3hlRSTKLRyTOxTKS-XJZyo5WFdfQqPhwtmUscKF-wz8p3CBdjkPS6GWUCjTtTxlI_IyK3HA,euw1,SILVER
m7YqJUH_MwiIxJPjVSlUcvimjafoVTdTm0MV-37ZJuPq5-JxS10RC5B4ipAMHkwdWLfNorp8O8w8eg,euw1,SILVER
_9OP4lXekN4ER7NZQZvX2pzcCgGbqH8xSAW4XAJD5-AL6mTj3y-0aLV7RDoF0k6-JNAzfs3lWXWnPA,euw1,SILVER
Oglq_cFMkPYjwvn5R3qq9Y8ux2ctzZb0Uivcr8L3qX4kBmhQFnCk781wnRyIsjx9q1PAUIEXHNthug,euw1,SILVER
OJOPLEPBl9HDSZvccLhWajUkpW_jqiJflkSXCWcpddXDkr0_AhjAZh50MGat1bxiHyJ8q6o9-aI_rw,euw1,SILVER
dMFDBYzoXJPQJNXyi4Af0rzNuvmGh401RSyhvoWCjNIu3vNnokpxetc7DzYMu87ycipokrWVdfoM6w,euw1,SILVER
94lU1rd0wS8Yve_eD5WHBMrnN3lO1FS0O6kWk3ymgXDo4LIJpwddcUkZDQ_mTvbBjqLcUNVIvn4Rpg,euw1,SILVER
45_abopjuXBWx3LovxOfN9581g6DOSz-H5jZSmWcJcRgjCP4TPnGzDp8JdhQfbCL2-teWNvNSu6Yyg,euw1,SILVER
jMjP22X1WuOrsJ8_mEiCPshMs6wqFqeJARGNGPMU9hBIvD0FU60ZM20dWnXOIzC5v9domVbdeSWChg,euw1,SILVER
LPBN5FwvWN3j2MZWqtBBR0Y3xIrUC9xY61yeg_DtfcyPNB7zISxsnnJMb1pqvSL3ZQrZxTsjqqY6Bg,euw1,SILVER
hwjv2aD_7NCCfhxmuZxbDLd-AcnvyFy-wO8iFnU4U0oADQqTVIQ8GyAwpGEWMRnFFhfWlvtL1EfVGA,euw1,SILVER
pMKekogvVNr8seoqa3u1GKpPUN2nGtjPSs9W2mv56EFFfcXCMjKVYQxXOXXVucHiP-LOrjsGZrGZGw,euw1,SILVER
13S2Rria4Y6GvpFiXvJfBZ3sxJSPJzrFg7K1ZBM-iZ6_TBT3yRFNbymsQw4tQFtFWoc0LZQazYb_TQ,euw1,SILVER
sDPjvJODAsXRv0bUsLZIwXN1kbOOzIqbELeO98T8KvQFagvmNJXxJ6Vb2ymhL42vYbNYBtnS0QsLMQ,euw1,SILVER
XPFWHoS0XURux1Eex7poJkJPftfWiA9czunZA_Csk_gxD05rAlBYmOmmshmgsdpDWj9H0hHCMaYTOg,euw1,SILVER
8-HDIdl8Ga6whn_VfOZ6GYd3_86bWFbobsTnjzjo0l1AJmXKRUDGzidBRQsfPJAknJ1KO33kL1BXNQ,euw1,SILVER
TQAb_x5LMMZeY6rLCCzirydcX-Rb1UkaCpCuzoGpyyuH8MHc4GKVlUT6QpEa43-6MlC6GzaY80xnKg,euw1,SILVER
srMbALUR5oyeKf8iVti1SXOiuyH4F7psKmBf4SULazddMgbPu5VfFilVdPcBVE8g61iK4XNo0Zj0CA,euw1,SILVER
gi8vDXK1-iFLSXcLvPfweupQ1dmum3gOG3QV4bY3Zi_LYp0picWZn9PUzKuWmaEQVSuSDdeQ7Z583A,euw1,SILVER
OCaFJULg3u5enlO1o7D4wwkXsXzYnIfwGpJkGllqtIacLjji6PVavJeTr5mcGZTtUlzp9C2nm_L5HA,euw1,SILVER
r-nkAN_FTuga-gGgOMNaLuUMoA9tIK9pBULOkp8Bddy_0kpxhLx4-yhD9to75nrfcR-tt97vbaELUg,euw1,SILVER
v9nUSj3Hx0wqtcNSoIE-wvmQjOsyiE1LbUKVqu-dAZjTtBq31wRlEQI1wcl5V9uyl-IAi1rtBBzWLQ,euw1,SILVER
yLajQzmd6u-51ULHoVqKBIQXZhGhsHqIvbv8ydOf-0QGlmiO0cE7Cc2JJmlJFk81r3e9X-3I7VMwjg,euw1,SILVER
O5dY83gBjYM4vYfr26Q4YCBpBtuyKAFmbSIpOHufZzd9JpakABFooLyknQYkY97EmplKFnxHclDVXQ,euw1,SILVER
CVZOu6KCUc3fQ9nE7UyDEzimGWoNrKE96hZpFLd-707gsmszMmR2-FiF1g4sXY0tZkKWGpDCWGtyKw,euw1,SILVER
2t_4mp3Qhn6GUK68cN3fB85Gq2vpiqAQ4S0iewSB04EgTyh2OR1ag_XRuKPA6YlN9r6w6JHY7o6cEw,euw1,SILVER
2x1rZGOiw9m4yJqRA2wIaCnwBIgSig3MAKjqfTBJqavS-K8Dli2zizZB3TuRXKUBLRi6dnwGO2BrxQ,euw1,SILVER
esx4Cd1dkRQMidxwh9WSj2WcoFal-F8qReQ4U2Bxs7bGoDF4V7iPb4sSap93Cq8rwArkcSnGzfzrUg,euw1,SILVER
0ponNS7z5iZqUNjIdEZid0GIs-modMBJasoPHemMW_fqEooIM8zE9GFDl2xsdhj9a-E89c_mR4CdHA,euw1,SILVER
8rNSrPFIrqdDK7HtrVwZ_dYnEdh2XBxIu-X2k__4gVvQsBF3niq1_HTQjnTDTlfkKXoYy7ZbqSsBsg,euw1,SILVER
AbgA7c7uT16kn9OlNt88nUsCI1rgQrN-SIeh7tEZb1yq8qMfqJ5YY-cQjQVcIslNuELAWLvncwt9gw,euw1,SILVER
pxR1fgArcZ9SLiUvtWgr6t7jYvYu4mgVXAaKBOAbmv0rF30unWgQ3j-JxaP4LI0Gc4DgWLWhgQnczA,euw1,SILVER
jwK21QFZlaUnAz8KmQn3WiuqhEMe41-QYgY1KvPp7OOTyBSK9C61MxjvwgNfbRUrkKDXnu6b73vZAA,euw1,SILVER
pK9sAm04TYjvh-0-D-G3ESrJ1roSUIFNpNMDjDloetMJMGXMp-4K1-7yzSTkhtZbQrvMSmsDcxbYLg,euw1,SILVER
w3qAqRoDG5IHKzQ3n_HV8LTGEtRIsLiwrkrKgliUD_VmezI6g7KznEFgKIdFIgtbXoDt2WuZVjHQVw,euw1,SILVER
XLvWRlCUi0ZsSPegZb3jHPLazAHliOMq_mCdMQiCdYIXRCP1h_YO6iWraa1XQIMLfg4X82mTYB0Jog,euw1,SILVER
8WOVW5JwxYqffSN4Wg-LMhztizhVfMOtXCPpeKOdR4WCbTfN-0ElCDTUGRILcEER8qsRW_t9M-VkTw,euw1,SILVER
quVpcFO70YZYqSe_p3e6T0bXuBkAXNd-SfoFHUX3UqT4nOoXycEquhPzXFCdg0fNQve5Ydwvgv5yWg,euw1,SILVER
j5IyHy28By8yt4mwOPc8fSq586KDrzhc6-j-4LgUzc0-0e2_aq3N3RTHLz7S8ClvjJSJuj7uMJjFSA,euw1,SILVER
KDCqzdI3hUmRb1cKmDVmYfYBF2LzXTVt-rQ33RGPYQ4I_DUPTpzapJbqoQJdClDI1jqgOpDsYd3pTg,euw1,SILVER
4NBgsw891hHtDEaX-Svp4bp3r9t_wPctUHh3a_00fBuvURWUkiFeMiccvL8S74vkXsyFm-oUAhfVWA,euw1,SILVER
WnAZmnQJT45h9zeEkUS44b3awC1foJdyY6tLN4lb6k-KpULYZ-5F63ZMeaL-xJyJqERTHeF0ZaIxkw,euw1,SILVER
PhcqgXdi3xK9G6OaCA5bWSDtpKl9nknULNVmSwGjjJm8Ha-JhNPPbxYUtOpyZis8z0CFC2yUPbNhOg,euw1,SILVER
nD29nBUQz295Zgg4wnMweEhydPrE-TqBWJrJ4qh3J3DojwVRGZPFFfySUP6WooQMWXhigjGuY42MXQ,euw1,SILVER
Iu3UwvhCAx73-bQYquRJiubIKBBQqI2BVy8JbzTFAVKOAkDc0o771-oso3iIVZ-xQh7wyACkZTiDKA,euw1,SILVER
uBrH1nunnAILnUgDclOI6Lm8eZPG-x34HJuwj9nyLVbzPxh5GlLMux5WdyTJ3Wa9py9DFOZ3qRuQhw,euw1,SILVER
41YEVuF35s1rE6IOctSYTuT7e3v2y2IpopcLmQRsnD7sye3dfly5n-tfT0kvgmPFHh6YyvGuT8Mbhw,euw1,SILVER
x_WhakAHCrwIE2osT_6YBwvgeZn5bwjjtt3Kuq64oIf9a96wcET4BgJu1dN5ztwspWysjzD2bmWTtg,euw1,SILVER
16dG1VyuRSGqPQNevp47MwBDyW3aXdb-hggyz8d-tM-CaHXOW_qKFgeDv8v9Yk-dk1UDcSnLuP2URg,euw1,SILVER
bQMJj4BaK_WWLZjGmzi_3-UFy_qK1iu54dWhrwxFY2AFvKKG2AzcYTC7e3S-agBJyb7cGMHi8Fs8WQ,euw1,SILVER
3QgCzjmQeIqFizpYWALE604EbNFY_SLMt_0Bg3RCzlAwsHlj8qwgITJLnGwkwyL3IMTr2NStRLP3nA,euw1,SILVER
wG7UBQy9wvrI_cGImyobLEOVDka6DCpk2e8CcEg4uNvsnz19q9fLr3WGunNB1Udpua9VM91HiBPTqw,euw1,SILVER
d_7549pEhV62I-MdloYy4eST6Q0QSHwjPaJ9oy2sgumsZfDq2rT7vQppxDGMs01myNffLFjxVniKSw,euw1,SILVER
ur-z_lBZCk8oIkkTiDKQQEf3ZsogeFTgAwOMVOzjnYrDsHMNJBcX7jKnbn_8uvmYJkY9T6gh1r8lKg,euw1,SILVER
IHksi9DiekLevL6ROd3LlCqEiwF40JHw41J3vMZ-EjD0M6UoxgMz0YJHodknvEeoEXePhuSgK-4cTQ,euw1,SILVER
J2g-8VtaEte5g_a_9fpcd1Y3hhKX6jsxwY3sBEjtdON6P2UYvk0bRqvySiuhcqx_dNT-L3XcxbHefw,euw1,SILVER
L_Baocvp5fYp5yWHCe087Z9nWE0uvzyfn-C3Xf86NIIUWTayBOUHoN_K8P_GaiHR7CgqwzRr8X-gUQ,euw1,SILVER
PnpxH1E12xgggIjWTXQ3TNzODq_RSUL1zh3oo5jV4TFv7NJg7vxyTElW1h5tzKLYYxymdbeKrqAAQw,euw1,SILVER
Ixpksaly-TSsPXLNKDzaDKdTI4IVmF3VXpc0G21vNo11ZFfY3mKhQ2D6p84BrQ-cVClXbJhRV53_sQ,euw1,SILVER
DxSQwUm8Wct4-07EXuzafCMngSlsFENdZe_h8YmQXSEYSjBZQHmJhNxu3I_1AqSSYhmcseNW372gZA,euw1,SILVER
2zwGyQ8p61VXA8hFnYk-2bkvpllkVhu1xK5OOvoyF_zbqek0xZYFevKm0UuCOPbGmpLCnw-iT3_lsg,euw1,SILVER
oypR7zmZ7cZQ25ZHm6Zt5CJv4GP-EhtEOkSVyNbcraAil83dZm8YgBE8y1s3mGhhDU1gZOa-pktxxA,euw1,SILVER
GARmzt8jFQefTekobaXHIhPVipyLMYxbeLgyMex0ZdEwRmTpd_6x9ymZrKIVvQwv4tVnk7-LpdjOlg,euw1,SILVER
zSixFSr_wc1np_8Vp0M5wvPW5hxR9Dpk3uoBUG7ijWmb2LvWJpXfDrRisYNe_ec3YvFLujgriq9eow,euw1,SILVER
HgWD_URYIb7x3mbQRu3ShG2PBixmNNwUQjM4S1kNXMuYzPSTTWG9ENAVXissi-u0mHmdmfTuLhh9nw,euw1,SILVER
F03S-RdIUSzAslyIdJOD74eDT6jOJN--XxvL2OhFt_L9CrnXU2b0A9fmDZqmX7IgWjYi0nFim506fA,euw1,SILVER
owfxxt7xoIVrn_fVOZPoTHhLYvJ_vkEhs3mHgaKUDEcR24E5m6wFq3V2uzviwMbTiqVTqKJ0iOTRRg,euw1,SILVER
DE8DDo3q0XfWmGJCAzEYLzxKwBd-kMlTtcnCoZfDfPnfEI91A9r6Q1waOUdqB0711tjNR8YSehVvZQ,euw1,SILVER
g_aCK0RsDW58a7iwknBN1bffPLOFfz1jRobD3da17pQriguI8xn5RNa256nvgCMcx7pTxCGfID9OWg,euw1,SILVER
_mEm7Ddi2b5GGdpdjQvN-NeLVQ-nJ4wGoQo1yNAzkQ40_m2FwZbhmgZrU4EspubHOKmYfVt0tzxyxQ,euw1,SILVER
Kn29--4XsWvyaJnNRHCYQ9D7bne3dgLKrX3IeQhABRqAf_BgA0hAnyNqw6d0YdCqYVOxptthaMYkow,euw1,SILVER
eZWw0XLz4Fzeh9VSlxBbVa-PuER0nFpDrepNSHTvBnGUlQ4rpXEJfeqRZIQq1me6JSsr8jM-MP4DCw,euw1,SILVER
aOqOHbg4eY7JkqgtjU6bjfXuGid1JaRsDI8XGTxsTst6iuOSyfMf5UvcoaiSKh9PKp--XZZUwGXswA,euw1,SILVER
81zPspa1xnUC028aT_SmIKP4lnp5XGfc9Ae-gFCkYmnZxa4RRrLBPoy5p_dvpUu3cf62KRYufCWNcw,euw1,SILVER
ZC90u2kJZw6FDchSiODP8qS-aSdyit7t8_CKVQwJUyaB3lvtQXOqsnx7qOAYOCMqJNuIRfhWJk57QQ,euw1,SILVER
lrQFMskWmEPFM25kgz0Op5cbHBaA4HTQ5p-skRoP_aHXstJVZ-jSaAdnGtnydmf0YtRgsagMgViEug,euw1,SILVER
yMd5JMl3-U77JQhPoDdRPy12yo_-S9ITTGTtiEpOF9Bd8V7YuvMDEmM-sv83i8qfsHvTW40NetB8kw,euw1,SILVER
40Bf_Q3BMI_MTqh8-gV3hIRemXTfHpSxdpyzez7ZQzszXz5iLAOaQpV9cBpXIsJTsPpgwync-W-QQw,euw1,SILVER
yiFvDfaCKddhL04NlBopUB3O1_Xm40Pady07GRoO3rW2t6Db08Of9gpmR7CMX5-rtlF29XoWTueEfA,euw1,SILVER
qU9zw_GwAf4QjGvbkBJtJcvTT5j2Id15kRYJKy74uWSm-PjCMg5HzEvOAafaVNzJoz9MJ-jXhD_TFQ,euw1,SILVER
pTB1Fm9OZE0UIGcr6lWFnZabQNEFnMDu5di6p8s409jOjbd4DJIxpGgALF256y-CWCdvf1zCgQx9ZQ,euw1,SILVER
tIS3cH3aiubn2Yrgjzk9FDOwNddYLOdD9CJhn_A24I3WYO7MHD5uNR_WXMJzEC0Q_sgFYKoc9Xhhiw,euw1,SILVER
rggNSi8h5UgtMPlWOK-Md4H3xt-Z8UwHHcH95W3QYtMI72IkEVsn2nOa5nc7bIlQ67WzWh6A2XpHZA,euw1,SILVER
yrrReZuQarsZ66F1lHn13s5izRGfYGheCmMSrwJpHsmNpTeyPv-I_h_PGoGn6cVIOAhld8dyIwNaoA,euw1,SILVER
T9FvyHyekshey5bEncGw3URUDdaKoiTiH5YfjblPUjdNHZpQ3pfMFYBHV79jEQo3ieXzVUlaqOZq3w,euw1,SILVER
mkpETIDyKhL2MuQgvdSE57WHGP_6gtods7sPxLgnTsVRIigu-4JbLxh_GRFMkeU-bdbyKlf_wxXLJw,euw1,SILVER
2khr_KURTkiGSSUkoZl_-XsdH6_yZTxaACfIrfVA5sjjjOwdQU8_RRLzYGfFoOyImE8ptF8BNUOJRA,euw1,SILVER
tilSTH8ky1FRILvoNH77lU9CcMtzyNy67sD0x_4wAEDIZK-AXqu1taHmuz2xNViHdWal5Dp0tx2Yjg,euw1,SILVER
KpH5NK6ODWjvtcCdNvJzH0GqLj27cYlLAw-afsAhCv9XboXNMaijCHgXXCH6NZvBhbAkiBufuPyPJQ,euw1,SILVER
HL15oTYCddj8LU7y0MqcJYs52AEDK4GQblZUWRvtJtAAjuMMpcZtql5nK0cwuLrlEtVeNT4rz6Ogtw,euw1,SILVER
synKEIg58TBxof4hg0RiyobQPbJdFJLihKhNQbv0ht-7K3FCCvfv2DAqg_wzLpKRMsYd5JnGaBksHw,euw1,SILVER
OLVmmUS-MyvT_O18eiQOYB9Cg9Y3EJeh6PQ8uMPqgji3Lue-eflbgcQ9xF4hRUQmQNoW_ZFU6vZS4A,euw1,SILVER
PatWY0pCgQH_7_NTWtXm9MlQnF0QrWaX5JHALXyQDkbww94r-ovtmAbgUd3J4HjkdXRjfm6_GEo-pw,euw1,SILVER
-_776PE0uHbwiJ5B5dyhmkk-LNonIh6MVkV1wOQZsqCowtYIdwPlHml8rN5kG64upagSjHwbhsKafQ,euw1,SILVER
VNBlrwux0W_VrlW3gMbaj32xQv3NU7DG4WO1kq4aF8xNc6t1TCjJWBrLaEg4EIB6qUQkdPJr2o6R7A,euw1,SILVER
bj91ycz5PTcFsrnWpAXSCC4RObJgcgDLGwZriSJuVjrqv3ZRzkcfC7CpLPeqBvYW9lFTs3zTaaZOGg,euw1,SILVER
zo-Z0ZGTyVntBVAHpKwZhR16ONQaMuWKLBcNLAK6eQlmYzP3Bvz0c0yuqkCOMElD7nDcL9XRJChPFw,euw1,SILVER
IyAbm0IN6k8CGNbvAW9aDjofYQ3-eNAbLsTRdGWd7IFcruuzdx9aeFFcGZkZMYWoUTk3uxkAaqfKSQ,euw1,SILVER
vVSswI-Ft6PKWNelH33M4fMz0eQmCueuZlieCGxxf1fpXMazUVEQEi6FTelF1swKmGheWFrCbaELsA,euw1,SILVER
Yjkijq09d-a1bjDqatQdlL9YV5-y5CuKwh9WeAQNdUysWy2D9qPmeW2gtbCoFRrM0sm2RVZOaeChtQ,euw1,SILVER
qMgtSmPnVKK8NHsshXqIIH8k-es0oJ8hzsia_a49vvYRARl6W39gYiVxqlgizVlzvisoeQzD1zXUkg,euw1,SILVER
NmzjxiteJ0NvRp36S-ReshZmnOrzd4hhqkROEh2aDZWvwbwPqGs3ljK4OYgE9oX2QiiynFO_QcEZMA,euw1,SILVER
OCGcccYSS-zRzlyfKiNSfZZfSDZVYcCegVSexRNcjmrLI4Xb_f0Qrv9NCudz2YDzVAzbpSEuu8-2Fg,euw1,SILVER
o54S5ABITHIuEWJUyhYJ5-LhQRK3WkZqJ0ktmOZDU03c1QUdAifKiEW2j7zxg7qz1Vz7wMblOuJoqg,euw1,SILVER
LYeOnCgYxOagAHalm_oH5OYAz573A3BijfRsbWUbF-d3jevOmI4TwW5zAv8RiTpzqg8ipVpF5-jiaQ,euw1,SILVER
9c1BXaOutvkTdVR4xgH8wYX4Th41GvIEo-KQ1Y2H9JTCRAqt_lT5gTzkG0Y6bSUChmgmiJG-gle9vA,euw1,SILVER
t004v4REDdqMCayewgkGgeJEyi6cXrDzq_OaQOqvR_ToAL7XgEyEEH1dguDKjlPffesN-36vrtoQ0A,euw1,SILVER
CZqd0TZjIercrWlGHwXgBcnRXOMaatimTS243zRzwgDHnDrN-BVvDPXIm3e10INZiNep_nT_c7IbVQ,euw1,SILVER
lhJhWxLIGPaUL-bzhUADR2-Xh4qySYdYroeAEhrVRRX2uth0slsVZervI4aP1G15x4OG359rrMf4kg,euw1,SILVER
PlmBXj-BU2leFxwdnB-9DqJQu-pUfaYhtLKflpHUweKVI-XS07cXxaYMBDXdti7vOhOYlK3xc1dxhw,euw1,SILVER
qlQAtgtN4M9JnahQDJxt1wFZBs6Z4ELHKCDDuT4cpIhcQ7BInbOfQzaWAJuyc4LnEudVKDOVcGV7sQ,euw1,SILVER
yMQ2q_LgxlQyDa441ZFDs1SK9GYOMEvkpDaZnfEJgAvZOwZxI23OyghjZ8_6xA8F3c8iib70fxw0fw,euw1,SILVER
HuqNeKgDoqr3sontzSwjlorhrV-FwYZwPHYwD8dbP2MA7jzP9BUqaSULamrCw0DJqyqDqDVjXd74Bw,euw1,SILVER
lZZvCWfEa3I5c2OJYibqZX5lEcPdz3YZp4l_rDzGUjfdyHcbY9J7nu5WSfn4JqyQKtvbwx441XDzeQ,euw1,SILVER
3JAFojAiT0j72YUPMQ4oED568kCzGX2TzGYRWDp4oPLmJy4SSHbJIDUCxP0Zj--9W1hURQciPsTSFA,euw1,SILVER
IaSqfulH6oiGI2pTko41ptZAB-_iMLRbicr8l1TB6TeZ9-Kqi1eHhEAerSH-Wwpx2UYJVIfIdKPBpA,euw1,SILVER
YTOfNUbB4Xxa_yIkCVGp2w23v9IeYZU4LX3RXej8gf7YQGiS515RSwt6atvaNBWOV3UINB1d6GazRw,euw1,SILVER
YEud00qP54vUUgLpirkLuc-N2u-Zcd4sB3SdAaO-LXSUERi1BLV62E5BulkKP3lJPFgHv_-wMwUaLQ,euw1,SILVER
zad44mf9T5Vg96VNPtJJvXJeu7yECHahFEkq-89BVvm37jwSyNY1oVtA2vcQSwlwwW12FOw4aP4kZA,euw1,SILVER
OGcUeLgSwtloQFFAZjzJttDS7BoSPJ7qJqmRfHnpU3jAB48JEDAuy1lF2Ndu0TmDdIcXI8Rhs7Optw,euw1,SILVER
hZ2pGqYKwzG7urOQt2D1p2stY0HD5EgPQDrcsOkDwIoYz5R5gABWro3K4lMxU50b8qBhdlmkYarOfg,euw1,SILVER
AyCVvZivb7hUXU10aIxTN32TkCiFz_iX3TX1WJqMtwwK2Il996QhBMZubIQlydpGM8s_69eCwUtKJg,euw1,SILVER
hKBxhOAOOkinZbHMQuKt_X_3Lt3P5RO96Nf64suYIMHo4vDaJu-QiqOnUD_vOuNN5bO6nGQNYhwoYA,euw1,SILVER
mUXrghB_XbYDcFi8LLhNRLAtRUaTulsH-86IvhZWN2a2iFzOYrsKFo9ABovuXAvFUUFAeidJpm-kdA,euw1,SILVER
9HxQJLgsSr5sfNXE6mGKKoCW0S3bPjGWlb1PpHxdnajrdNVtWsSZa8K58y2_Q5V2ANZuSsuRrzZG3Q,euw1,SILVER
-Q00tBeY13ftb19D_dsmysFF4Ax-VUpfvmnaLpFtkGxbjdp2myEU9e8t_PXawmo6cn_agRx3NLVkeQ,euw1,SILVER
7kuWodLrHIUVRgMECF85mypUcHMC7ryiyJ--MZGziKS4Gl8-hAf7FHEyl8_mUzzTPIyC7VlpgW8qvQ,euw1,SILVER
7HeJN6P69mGi1RmC31WndxoSAibTEZ2PMzbxYs_q8shzREia2GqAKwe1cf52H-aSwDzBR8R_OG1DAQ,euw1,SILVER
_EEDWv26923P7Mttaf1wkCWHLk_l9YCHQA4ZzSoRK_yzIVJvKyBQZ3nkm5cHeWhpkaf-0hwdylFPFA,euw1,SILVER
Xg1Czr-dX01eyrkm9MVlpJewSi71LBUuDZtLqrJl4apIBwrtKu7PoLuFlw0SaFocUNSVU5L61WdkiQ,euw1,SILVER
MVQHJzZR0sQ5vmBomYYgAkfMNiO0GsTtxCtR-9hoGywPcuyF47Rn9MHYm4lGz2EXjcQwJHGItRMWLw,euw1,SILVER
w4BFcchJG9zP0N4wFyx1_BPFCY7wZFSvkZp8THgv7BWTPkVWi85jVF141idHFUoOMgR6MnpkPpXYgg,euw1,SILVER
zK5sHwcp4sK7hiksQcSk44-lC8qSnC-oa_DCapAGDNh4tpR5uQtuHsnNTEcd0fWoxUo27pSX0qPOIg,euw1,SILVER
DP0NJxHjR1iwRvXEtR3F5QdLzDYSEyHFDukaKxhZsM3Hs-0rPgcfuEGfdyR-kdBU_7caxfp60YcD6Q,euw1,SILVER
tcaYGo-WhYxLDMzvS5fsfKdwyvaqaSrtW1t04XyKdtl3yf4SQKWfQqrs1AQ3inqGAENMJLlLDcMXpw,euw1,SILVER
Bd_GExm72hWX9u4ThGZ2Zk7Jxz1zrxIok9ToWJj0xHm6KIPTU-onvBeJdDMOLmSH0FCJAz1rfYIi1g,euw1,SILVER
gtYQcWpRNAwY7LSYoRk9CBINJ5sHStpakyEC1MxD7FE66qgif7G5IHW8LP6SQ_Xjy8gKzMts657XkA,euw1,SILVER
duXNsJnEdC_yWE6sCl4bBooLTCK2pecbrxHmQ9FTbghq_o95dUfAJYhADgizT810hhn_MvN9cdGGmw,euw1,SILVER
E86npGo06mhQqf8DiuNlJj3q6ufDCJqzsPkcp4s-TE1GRjHm6VPEOx_oYjPrDRmNK0Q2jJByBQ6GDA,euw1,SILVER
dA3yhzI4UG8tr8ndB4YeRtQlezgFsHPqdkIC2RlRCBxJMLYsE55jc58f0BwKnqJw_6onKgTiLgaBrg,euw1,SILVER
c0m9a5r6HXPjid49jqztwxjeVLm3pbQZJO2PIIPTqtu3D91gpxC-dpn1ua6unUnguHU4FXIdTW5sDQ,euw1,SILVER
9FeSnubLDDn6SbwAS1N3V43Q9b7ps18Q0tM-h2S6L44hOtHBjTUQNoEFk2hoOBZWduH9OXhbwH9QqA,euw1,SILVER
icwDOyu7VqRYq8i4ihgzrXbrJZ8q-Bbm1biTVAMozYnD5H1PH8qn5eguunf22_4cfYEOKt_iIiWEVA,euw1,SILVER
r23nn-U7a3IiIiAlP6g76l69qLT--jW_kFfuagRCWv2pccXhnEbk9YXhq0N945hk2eAMco7Rc54OfA,euw1,SILVER
QwLh5Fxd2Ct0ilVEXogakI2E2ckMG-GP3qAzhsG1TeYLzyXVNoLpZ0G0dyG4bPsigyWf4v2KVjTlaQ,euw1,SILVER
8sgwtCCJE_MQKsJmyCXfUwVReA9CfxafcZspF6ECOTMAmXRcopKkqkG-0OOjE-e1P5R0LOlMacyBSg,euw1,SILVER
Vx1aQmp0VrvK2Ef5nYRqsVMz2K0InpJomfd-HAxRg8mOhcvu9naZNvKTA1eGOfwi5UrDL-cvoLNLEQ,euw1,SILVER
IIB1BN6IEcYLjtKgzCOJHSnxYexzq_LZXSlLTtkuQv9RpKvRaruAGR4hIlIQP-lZqxiidTTpGOzbnw,euw1,SILVER
x7lrIs1VKxPFUgYxxXNGIMHfQRM7daxb9mcoDLvIMlRtNBQmVNF6tbAQ3HlNvLhc3mJ2thdCgz-4Uw,euw1,SILVER
TLz8EFcNFNDWZmp2gaqFffxNu9iAWoDnQ3KdkzI4FXs4cdXxv_HYk1VScMSzw9CAMnf_2uwsRHvQTQ,euw1,SILVER
j-zYaB8QgoFhvNpg4w8rmIha9pqyIKJ1gWa-D8YMpm-K9fZ1uwOE1X-QbOlHyDKDeXBn87DHPZvqxw,euw1,SILVER
wyL7XrsYo6JxZ-nv4A53ocNaWjimO-6dp9KM1RNiq5eg59sR6MlE4FHkaGAhQqzejy-03kxuWDat9w,euw1,SILVER
ct-jCyfaCibuuO5_NO53gNTtPJdworG8w6DD2aGArgXn5rps3VZB23oIFKVppCVPSTnyZXb_141jZA,euw1,SILVER
b0qXObi19wrGQ2hWvF9LClXEDIwAtFZ65C6r_oUyE-y68cy7z5VBJ8LH8SSYSqfs-vry0vDi5fgLnA,euw1,SILVER
Ta1STPrqVv7FNRnROhtRZhLDByUgF9Z8uWh0iDKwVexI9LZWSTYAPPrM0ghMivfDtteTQaCehGQaMw,euw1,SILVER
kHGpJVu1PC5KmLqXCEaaVBT2MDEYlTI102pSDaBXyXVIQ3Fhgpq2vOcWL64BcqOVMqnHHh9J87QnTQ,euw1,SILVER
Ds-BQdetPkvIgakJ129PJrPuwwqbLvA1WghF6O4DWhagxs4JZ_l2LeoBxz3Kh0Net_mUc4azkAo7Mw,euw1,SILVER
4o6BVq4EUTiz4HOJZpTV495gTJgRt16sjjVcjm2-M6TxZn6WFgF1cRFIrYz7jEcGRDsA0a1Jlbdriw,euw1,SILVER
5WDxBQp4AXe5awPCLqoQMPcJAa2sVhVS8vvJhzaRX9eTX7JXZmqiOvjcbHvduViwoIsuNkgUKbBM0Q,euw1,SILVER
dRRsEvTTHT8xZdpFtIom4JqNJ8j9vypFbHULtx1y_fqbIF_l1HRxC0mOZD54j_6gZ9_s5zsQkpB-dQ,euw1,SILVER
tsYV6c_YFYUQIzQNoQIQE4KqjH7FVjANwUt9Odx-SLuaCQqDiKrCxHcXiX1Lex81ZMP0sfQi0DSSiA,euw1,SILVER
zhzYg-IBzvhwRhTuzZ7jTpXG4n7oIZLYgNaRmJLOE8Q6YopKsddWjYD05_ianlKKiiNW3e6iNnIDbw,euw1,SILVER
htXiWItPyToMiq2VLfybLTXv0TeEBiFFSkmDGGhL7U76e0rVX4FfMw5TZ6zivaAJDS1AQbYR36S-Xg,euw1,SILVER
YLCRgioZyHMBETwq1Y0i2BAZ8vRxldSp0USinBuhLsEaLM8OZrghSjypKvqiU58YaWw63JeWZgVWlA,euw1,SILVER
mx8S6UXKOA6KzaOyxvNKssUiUE5ha8ppgV2OfD-bhitcNWd2m0q-OYBz5XOq6Phd7bguaMiZf6F97Q,euw1,SILVER
UWAJHdVNo5PFL8ZlDaLhDddqTMxqmn3FeZt0pFy3NUT2KDlFi6mg7WRwrwfYNg7YmulIR5S21cmT4w,euw1,SILVER
XZEwxFPxHDkiO481WWoNHQrxhsEDVUIXPiu41DKfZNcqNXhY9Zzi9lRF52-xv_y3Jx8TQYwwkNMOtA,euw1,SILVER
7kYrtsi97UtpJcVFQfNbbAmCshBAee8bdUk3ZsLI3HOZ5xvZNNiq_1EtPLvf0abP5nR4RYRUNSUoBQ,euw1,SILVER
dO6UxRH_w5MF-ovZi5AgB2PiZmB9cfn6cq4z4AtsHt4dYGI2CpIYsYoYYIQ1svMv3N-V0lQojGtV5g,euw1,SILVER
0YXmfKNpqq2eOFreUpzvn-71ltGsfRr3Bn0m1CTF1WvIazRrJMQiiReDHerVq7oZunnDnAAstn-ptw,euw1,SILVER
rv-x4Uuwbr-75QecEGhGmxKC9naUbbvy6-YsQNuT068mryb4A9q3moZJkrarc1Ca0H6fnK6jhkdbdA,euw1,SILVER
vObrq0FbVjvEDvgjyk4uoi68CUBB1SUID06bwj7QfWMT9AlSVFu0dxO9HzdKyV_swcZ8UOlhBQGT5A,euw1,SILVER
Ot2NCGPQIovRAxMUT4RQA1N3kreWLx8Ztmi6kXzQUTwjByLmVDHJEl-QiexyLbOv7Lzi-cwhcSK87A,euw1,SILVER
13X9ZJY6bMuhJ-k0j73LQVAvYqol57_cPnS2pPlM68u-RLaoBLF95YU1OIT_pRj9WcaBZp4m7rLY-w,euw1,SILVER
oyHfa6rKMaBFqKmGZNd8P072ynW8oKowRov6yXsiY2PUiXBDzcQtfHrUuBcu8f4JA7iZOZBO-usy-w,euw1,SILVER
CPKdxXR3F6sm3PlUXgU_5wUUy7wUQY4frb4pycyPAY7fNuEo39Sq7wgJwxe2EdVDI8TDO_vsCodnmg,euw1,SILVER
5rihkYmA22WP7dO6uHZ2GaFVwYqM4vQwpSlLwMu_PrC3gfDp1Ek_zF-LM59RzGadT0wUpuRzt52NQQ,euw1,SILVER
v3h66sVTV8EHabqeHml-hidyzZCVOLpFy0yFPZ9PwQ6jcBdG0d9ACcNi_x1U14i9c7VZ3rPX56FWnw,euw1,SILVER
u1pFKB7w9gbxLJPzY-tC8JrSvRkprjwcfyYpBAK-Q6a8nTGFboReXidrmYTqs-i2Ktz9ZrYwlRG8HA,euw1,SILVER
EbdIBzdyhgVq880blejvUHI8oAXLrJwG3H_kqs-IT0WdIt3SQuFgUNs2Upz-zHPmIsLLyI_RgPivDQ,euw1,SILVER
Z7wITyVJrg_iPHaafhoY-ZsuxYwv4r1w-bNtzMW194tUCHwOzkKoIZm4RI6uhlj9Ud5iSgOiA6vWpw,euw1,SILVER
WOPtkxxkj0DdLGsK1d5oDNK5bXwdyhRu7lpUlYJVzBoKN_45ooVIMgAEgJDAwV3BZIlDhOn0Th1uQQ,euw1,SILVER
raYvhX3Wih9e51sR0tbbc4OjBM82kfDKSKTBY8GI67JVyDQ2-c5gadDzzFmOnv2qtHtxlMGiGBBlPg,euw1,SILVER
lb3n3US8CW2Ek-U7MuFYNOTtxmFu9TG9h3I1EAbZaY3xANm7__XNskFQbEGuRXsGaQro2yaei108qA,euw1,SILVER
U1kR69lQ2IixmFkKVGoSeqaKRMR-cbjNB6WMEKnGNYe5W0tS7xciFei5woovyd5uECKcpJGSktyicA,euw1,SILVER
gh4nVU9DW-geJwVvRYqL7ftbsEvpXSEPxFjgZawPV5eORlcTtkX-Edq7B7V8TPwSulB8cWUqm2Lp_w,euw1,SILVER
DGEObxG2WWFB4UAOzJVHwjYOmLWeyAhKuGRIBp6Vj2YO1ux7olEtV4Bej3yVDSdkZXWLTvIgFzG5LA,euw1,SILVER
21aSWZGcK-E98vJK4oUrVk3ikGeXT1JyGbeHNAu6inieauEknE02-C-YSgZf2maXVRzZjKryG7F0pg,euw1,SILVER
ti1oNOnugw8GkGHE4JD6_x_eiqIDFKUF3QTbtsviYK4D9WCOXOgT-U_HwAcWjNs9jlDXJvw2F5ezGg,euw1,SILVER
r-fZFA5OG0R-tBzks9O-4vueV9ry4dm8ACjVDiGkTOIVpHzB8pfsde6goqKgTNJqcVpSwr6-MFrjiw,euw1,SILVER
-NArgmeXZSdBhjn_XHf7wQnKqhDf6fiPhcrMELrXv1v3g5AyLS7_xnGRGJ2VJqC9pPjcOE7K2Mg69g,euw1,SILVER
myLE-qY0Ahnh7raNJFQd3lHJR7z1eA5ayMxS16nIS9tNX08kCXYO1AqrDAm8_ulRVRS060L6aJXYlQ,euw1,SILVER
lAQKdvVKgyoM_c4jRW3e7g7gIefDfPwh-tYFOpd5VrvJKDp8Za7d1ay2_6372v0h79yylUbJ4bqiBQ,euw1,SILVER
dPhp83FM0QjJdJtPyVCK9iwiV-5lWqWc_0mG2duiTkStsIs1ujK9Oas4hTRSGGHsbUrfFM1BXAQNiA,euw1,SILVER
fOVv0WdETAGiW9Nemwh1t1AwloGDkzqBOeqg4iIhrHdhrA9PYpIvDmJC2MGxSzizeECtWY20xs3JHA,euw1,SILVER
kzeoe47Hawo1VIXWvfnnEDFT1uUxY9wG_GQKa8eUChhc-vhgAXzn6Lv_vUjaeQjdjuB-8KmbuWKPmQ,euw1,SILVER
XVT6QKIYgBsiAP0C90t2k1o-WoamQR-oOZEWHzXILw13y_MRFBcQcPvWU6VcnQe4SYrMOPlKeRwN9w,euw1,SILVER
KTUjMmUw6qb1GTGzIQhOA6CnaJ27UszCCMFC_2rfnr_7viPHx-G2o5VzhoZsPwNevVbpspV3ge0cNA,euw1,SILVER
WpG-RA2PqljftUkbd1d-cygZ02K_a_5uM6Aa4xsueh-SOauN2ptVGUUJXd43Rzgqe6pLIhXeCaA2OA,euw1,SILVER
grTt2M2L5em40Ti913OQLmSGzdx8MsebSRreS1w05q0KFm5jfM61L-xugJFKCF27lpIbD7_WwswR3g,euw1,SILVER
P4NRCxOzlqIUIe2NKYJ7c81EhgjWui3fqzD_H09gKP34epwN63XZiAtKcmTqtlI5Iw78A6Ojye4FlQ,euw1,SILVER
XVW1868ym1Ye9GVGJWgZOcZ815_5bHSva18pitv_9tb3jkXb3X4C-BI7rsvy1gAt8uf-J6mClTXrfA,euw1,SILVER
igyq8u6YvMNh52d0KRwrLXUB02aKMU_ehG0czHSocgj1fw3ngGgqrOeoKGHGCCbmdSaDgGvVbndjYA,euw1,SILVER
hlnOjYlSwal9BUPtLzFemfW_nl_NuKnykqK0JrN7yNnig9H6fX2kJ_8s02CgNZykv7z9nLXdQxVNjg,euw1,SILVER
CUEjxPrQ1V7uHHQXDjQYUSGQkaMRT2o60mW5EXj1zBSFpO3EwPKvJuTHV5IXPtgITYrqkLHfFMQKCQ,euw1,SILVER
2_sn5LeQyJhPDwH5-_S-QW8D9B9cel4lK1dTtDv_YlC5O-YMM9MwSlQyNIzYQRJpvzUygacuCNVzfw,euw1,SILVER
yXtHDt0gfjTD9rJM9oYYBtPWcoP6Zgi6BIpmbMt-KRU-Yadu2r8bRspDMLD6E_usqJhY-UDR1GLxRQ,euw1,SILVER
pbP0_uZOqYHdUooncBf-URMWarka8Yu6CKCAohiJAqV2-TbFziQBlDd6jcedNpW72wQJceuwpjARVw,euw1,SILVER
Yyle-Q295kcGupC3MuNUflh2LDjTI_gUvMcHtmlfchefpZNDHdJNcPeHizegSCdOsh1ld8JeLaQXgg,euw1,SILVER
bxHHl7UFK8CRNUpMOE7ATYL2eN03LnPMirF9hYmhDY2h9FwWQ2-Pb5XGmdL7FHXEiYg6oFgtOFuVvA,euw1,SILVER
X2h46h7_qaBv45KuKMZiWmBKDV6X2-gIxh-54MHj88_gi_-XKYbVzmmIJRThL0h29e3l98DEaZ7ooQ,euw1,SILVER
dE4FNcYQ6QUeCF_BDDtnqQuroIqB6TBv0WGjSWWS3m2h-QipZyNjHBR2H5LLl-ocH2k4u5jyn8h8tg,euw1,SILVER
gqJZ3cGcz5GM8omMBWOaW5obd7LUF0zmSUmSg-VlJj31d0C4YeJ5BfBVRC2MtUZZpDcp4_UWpwFoCg,euw1,SILVER
dMm-9afLPOiPqulbcYFzTENFJAm2IKKABMuIOSoNsRhGZ-WIo8AGa0PS_wFGpMBY1T3gHZud_5vIfQ,euw1,SILVER
tEtsAO-PtNqRoA5iX52t2-w9frrF2Ui_XhSL1S0L2MlA7Raueph8a6-KAoFNUXba_429ZcD26iLd7g,euw1,SILVER
vWmBLFa6jGzXwgatuzpwp-PV0g0XzEoPT1IKZMklmhLCjy2mI5TV076_tZo02vJDNsgKzdGSniFzIQ,euw1,SILVER
Nm5fPHbiingzvL1bmOr3DD3W_QMlyq0BHj8AQtVljRBoLu5hWtO-FasVfNQ0L4ZUAxScgKyCkkoKOg,euw1,SILVER
w17nBrKWGNsQS0JQwQK4z_sZmIp--JqYAp1bDs8gJIjtJuLVElOaHQbGSvC_E_3Uc-oEayWGfPn4vQ,euw1,SILVER
VdRjAQ6U2Pp9dGPWnHFdc5WZFRy1RJRuOGHPzWBnrnBGntcE9HtdUPpTFdRFDAUKH1iczLGX-lOGZQ,euw1,SILVER
CJzHRKuENc0KW318cLRi9nnxW54k3Nh9QdDb_StdEnLePUABJo2m6FyGxomj6gsqfnBEPbELu7_3Sg,euw1,SILVER
yykXF4rZm4FpPDPx1i-wMbUxRPtXosRjJ27MYWMp6pryCMlQfd2zt1cYab4Fi083tWH_rbPofADaRg,euw1,SILVER
P6irLnTVRsMf1Th-NnFsVlE_K-H53jl8rTYiGfZneWsfD8PtpY0KG-36mwghhUY12oqohqRc2SDtOw,euw1,SILVER
2q-iXK-2ydodzaLOQya7zdQDfS2emo8Sfirzz6_ALiu04Boe13Ye1YlTimrfr31jOCYHakuxBxAoAw,euw1,SILVER
9vL4M4VNOjrLYYAac-bXsppAVMo9_sU4FW_JmxU1xvgKS5Pprn76Rojm7rpUDrbMUsc5QUhnl1nXOw,euw1,SILVER
uVUq_6zklGLlMmTjJao-XpTLOeYugLSzdBkNNH15FoaU-KZkn8QoYQ0vSELVJ4iZK-XYIY7I7iPN_A,euw1,SILVER
UwgPkm4cuPQ8z4Be9u5vwDjf_9j48KnKpeAspANSBET7lyH_ssbMbOaIAwOh39qw8Boo5ngK9iVRtQ,euw1,SILVER
1cHmgk6FdqPbDg-QAb-R-XW1eANCOHxi-cVf58A_zluHiL6havAVDbmw5E-mdm_hnT5P16Bt3OptRw,euw1,SILVER
PGR_FAbhK-5ugyMBI9aFuMuO3swyiW6znoNfEpslgiAjSLTU8MnVzlnV2XvT_JaKzoqfzNvVU3W1DA,euw1,SILVER
7yWgK-aE-k870l8bIrR5Ta9VLzqVy_hhKFdML2vOQ7LH91KD73LFjETrXYmQrfNUFwGHto0Zbwop6g,euw1,SILVER
FeQqgkIgjML_ptuyD4z_Qq6JFC92CC9RNnEOKhzA8FtFpQC2buHqfVj4w8avGlkywfJjzmJLBL2u5Q,euw1,SILVER
1hYhtKkDF36jNNCYPqG2yDvlPP4mfnSuECpi8AKlSORtL9dN0Lv4_2ma0yN4dh7pLms4KQFzgqi7fQ,euw1,SILVER
ay45C5Wx2yeAlFOcEMZnYEGQMclJJpdl4x64Tb8FjxH0ZaqM-isaDk25mXlJIfDZV_B9WoM2lh4clQ,euw1,SILVER
LtwhHtLehwhJCzw7rlCYWpjNqA4r9IiAIcqoJiRa6T_wTTWQc6nzPfenpN86sFhuDkAMSnGQ8O1rTQ,euw1,SILVER
XvftxROQw7qN6wmKAIlt9gQ5okqXdwAADVz3F8r4n3wvc7pKpHieZfxT71N6MU3uJQgaL2RlMVcpTg,euw1,SILVER
bNI8CD34G9wMxI_e93HmAit0kpMVmcr4vKXpz9j-6Gvisi0Z7a9os5s_dypGKzjzRe9YHGtQfSVlTg,euw1,SILVER
hP0FWBRUnXKAos-x745KD2xVKmuXhAVrenVDKcX5vvKFxvfpfk_dIv-VjDmsIb2i_7KgP4czlnrRwg,euw1,SILVER
oTAr7wYnvu-zCcJjP4te0P3C11Z3wTUVBb0KfVoVWEpAWBwwEwJSNQUhTTYM-x2GxKjp4Hy6AfUGUQ,euw1,SILVER
aa-yhwEONfoBgZZRtpY9-9pRkD0hsRuSclG8r4gqaAg3n-MbpDqP0VWHSJW_WyTy0nPKMt9kQAKWMQ,euw1,SILVER
-w82CyFDMsWYGE_152JVv7X5nCReGQA81d9WO8pievWQUxjKv-jFO7uZO_21k6VPKwShG9OK6WCMmA,euw1,SILVER
4MCDGbV8pPmns5XtO3uVZhOEJQJ6TESkHuLq_aXhZXrJDhUKuCgBMnIgfaeiquOzfvfuw3URUegvSw,euw1,SILVER
gXxHD8SMEXCAUzZxBPAjHdhJv3vF1fFTyScbi9FQlpBeaQXxT--wa8BX8URIKjg57xvm2ubAkvRgFw,euw1,SILVER
GegRi01DK6Hfb_BMKYo9TXkNTKTzokeT9tZYfuyQmXAIAuX6Q-Lc49lCEfU4W67v94o3ri7679AxBA,euw1,SILVER
3UCxHPfiBkLTQoSuIu4TTc-XMQ8v_Pzvdhv-fcCvMmj5nVg9QAI_3t0stB7Qlxgx2eM24F0QFzG83Q,euw1,SILVER
pvPDkqozou-GBoX9hLcIAx-ChfjRyPbxfNxZLEsjOe_dFBoroF5mOnTQyK0gkBMhz5_8pShXjAt_Rw,euw1,SILVER
iT33zdXu3yry1-UvhLf6I2eH1-pX230JK37wsPvkKzTlLXa4fSWzjrfPnedN1cwF2_67OGnbGvgY4Q,euw1,SILVER
qYB4BKOvEBnyOQKODY11O0A_h0gIASnfEzxsZ54ayjMVhP2jF5-7v1-CJ1T8OiF39uYXWw4e3nKJbw,euw1,SILVER
cl7ZPL6GZ633DVHHvFEMJF50kezRWVl1RV3c777msnYJuMTdshdFHf-61oZxyiMutVochnpy0JncUg,euw1,SILVER
pkTqYO3XGG5cMKHsyn-Kit9DfTF0RcIsZ9uyub5VqTvPybRJZJn-J7OC6gvTvAi3iCZ8QC4j4fofFw,euw1,SILVER
jpMfmYRNl5LavZ4iOBJClipR3SQpBvy04wbB8jhxwFR6jF4A-y4oQflIH9Ry_zWY9czdhuWNtrQaQw,euw1,SILVER
BwA4uT6kWVCC9zZVLc88BDqFO-vKnYOH2kAZOx8g8uJzpHktnzFgYckJHj0PmLQJGbfhzDMYj7hhOQ,euw1,SILVER
Qbei39lEa7BnIIVyXMN3YK3bHFAqTiMG4BJjeV51AQjtaoWM1uHtEUeoMTEDXBNMdjy2Ay6-BDki9Q,euw1,SILVER
6E1McV2xDzD47MgWJ1Xcbb_5ZQTv47Ll8keVRfVmmo8-DtMMwl0SBH-4QHhVDSsUVOyY-ZcjqmNbyA,euw1,SILVER
MftaGKjLKQDJ5mBUEu2eQZyx676D7B4PgYdtJJU-qFllMoxteFz95JbWT5t-cHNOnGZegYgXpdPuGg,euw1,SILVER
KL1Wp4D-uJmM4UyCxe9jp6TotrR9UuLY0eBVQ_J7UnIJmRzMDdUMuRPBjvVeb4IqjfKzDCAGatEWPQ,euw1,SILVER
xyvxnXv-eO3s_l0OxcrVJt4NLC32sQajTZ5XMiOpCoe4wEru5ap4b1PDHpOf4kXbNE18h8-lNeodrA,euw1,SILVER
OmFsHsJuwy7bh2vJlqQ3wn6-bRtXfb_yYBu2NY4JKfTH9XaceV7YK_WhC95h2TFy9ffCiPH8rUTAXw,euw1,SILVER
FUFuxZBFyhbYERJbDicJUSWyMOktbhDDDuJkrGgotZRoKYP_GE31gLiSU5CPA2UKVhsoD45urjDGIw,euw1,SILVER
2dGo2jRFFErstUyDTGAMPSgsacVStCXQ26kUizOzdx7Lbh7BK_MZK8xU6WaJaqvPXGql0aDD6rdVxQ,euw1,SILVER
aiBBK7Kcd9G0iTo0AWxZyyIETaz-oR5wPIabHhAJ4AQV-SDsjXe6i0ZC1UgBLnvkdZFVvSdalTUK7A,euw1,SILVER
KA47opvOSNi45qKjNeYodwhpMa2vR9RWyKjoABQyXCwMjv8Xt-uj5mxR-SSiZhvkMjodqpVmJD2lqQ,euw1,SILVER
MVf3JVe9MNJbD4JXKnxkDET7t1DAKa9hQrHSWMTSGc0RdS5Pdja70BIEQVWaIR75SV71qBEumYXl4A,euw1,SILVER
VCLaEAVtBhmb013S6hlsHrN7VhZyhWrd0Dza14llMw406Ultz7oWtshz_appb_0c3oVJRmECtLk2UQ,euw1,SILVER
fdFkr68ORE03Q_hCHCbXced45GqOLHVx-8R2AWN4KJ5O1f12SQ4JAO2SrnCjlk-BXYC5vaoOlxf56A,euw1,SILVER
fNcDNn_5pS2BOd8UfFmkHlBAHziA-KvjbE4v38b3mow0UrDljkIBmZ5O0JKQS93_ZU77LKxfdmsw9Q,euw1,SILVER
uI1R-eFyXBCP_tto8fL_LUSnJOQ2F2b_cn4Qgbx2Qjw1i-0VhUDvD3VsNoy7eCVtjdamI7hnzELOZQ,euw1,SILVER
-eMiZgyur5bepJy9gEaKjUUFToJqglNQ-IF2fasKqlfxjipS6m8n7lvRPOMp_P-DX5rEnIvOsjsl4w,euw1,SILVER
E_-fw7SFH3NrAh5XbBOObyMp2faAw2nl_0COzVEE2Pk5HyQC3xdXnMSW8mA8eVzBygDZ1j6ewpjevQ,euw1,SILVER
8-dZtsg8IQ3LwB-mJAxykUVqA0ujOkjvXpZwcWhruDcYhUtsHfYch9aI00A-gJIXR2JG3S6j8-fhfA,euw1,SILVER
wA3AEdufi5USJwc05ZNU2TZtfE0jn-YaDHkmitdlcFacFAszHrSd2fcs5GppUfP7DPofiivdg_2cJQ,euw1,SILVER
t-umwixlBkJMDVziLBT51IThmZ8SGgOsSFN3r_97cxP7zoD6xGmeBWeNAyyVJWhzcdjOEZD7FtLK8w,euw1,SILVER
TR0H7EMtPjRtxqs_GKtmReiXXW2CDJ_CqP269KeUFnddb4HbZZ7dsUzW1oYofhIdB-bQ8qsliY0XzA,euw1,SILVER
WKneM6zjObY_8Dj3Rl5D_Mld8FVqAZTZJQ4yA5TnIJYWA_JLsLJGcIbxtBlz2qRxlLqviS09t_ieBg,euw1,SILVER
3_inXMhM5rsmnEVCdXPQh12ILOYNncRXeizmTwLDxllpRwosDX-JsPx1foLu3FrCaNcQTtkTUeOeLw,euw1,SILVER
nJABKQgz0VLC0aree6fPXdrvV7bgiIXDA-Z7huE9ISdlSBi1aQTTBn0CZwk7w--K-x7lomnZjTRaQQ,euw1,SILVER
dPqHT1dfON8o1iMBnMThS2MxvlRxUT05mP9kTkZrU7FEoYL0Bq9H0CqKjjIed4GDnsqpASBYyUFrBg,euw1,SILVER
mmq_-vQjaIJimQ22wpqINBfXpYX5eqXgFOATGgLTJyIF4rBdwpHQ1dhZ2XfsAit2PHE7ZjQR22vbng,euw1,SILVER
XiFJLCMBBE-OeiYI9mrmMNqMC6s_0xNlX_2FcWiO2prKA2suMeIc-Nx2v-q9LBrLPettB-YRv_ncvQ,euw1,SILVER
cBkVuvwdYc2c4k97HuwintBJyL8ypWEbMvAXV7P3Kzo5RfLWJ8kebnltTplFo9U2z2iC2eIhcwnVyA,euw1,SILVER
duddaItIpkc9pGO33DVZvVW7MUBJcKp7o8TtJUx_9iTr20x4qVnMo5gAiYrSHxXoHH1KLlKHyw5XUA,euw1,SILVER
GEq4HhXwmQ3tMn0CCfjrSqXsAqTVSjHYE1Xld4nPACuYZtXxCIvvapxSWw44B0vgWZWod4SENJYfyg,euw1,SILVER
vsmJFqYxEoZoYvPSKHlP1y1P-Tx1MkwH_QJc6woGc1m8M6YOnvRjK9dta--v4dTcLfUE1F3iQg6znA,euw1,SILVER
1UK7-ly0Q8EsIfY53vNRsbsugozs-talTu_Oo32DiE4dmiSvZ7X42c2s16xSp3FC0M1rkQaJRSvk_Q,euw1,SILVER
rXAjHLd6Kw0iD6rMzIp1Ht0y6a7YbSQznCB88p_lv6BZ8q-j02yPv-XmeNsxR2eqwMfaZ7C45-mGuA,euw1,SILVER
jwQUe_hIE2FCB28Ebz_qNNtx8kAm9Q2_E5VJ-9uNFkBu5I01vC83YSqOOwalIFE62ck8nSyTKX5asg,euw1,SILVER
s3U05tzKeZmd7M0SYubT0aiuf9j6dtQ5vEfGNGg3G8sYuYQh8Y3_m0-2pzTrKagmMYcnn17Hz3UtxQ,euw1,SILVER
ouj8NN289B3iGuwk6DPJm92h1LwFFPE7FzvZLutVDmM-4RJJa20Y9VueC6FQfc2Bz43o5yQlAfx9YA,euw1,SILVER
w1_RTb8nNizLJTTQ__4cGLySYO-qW12-hkZafH6cgA4S_uzxbt1RUKawXnrHmqUuAmqxsbnxkR7D6Q,euw1,SILVER
yafK4DwJxjCMlP523C4ayCS751nAD2c49JGfwiOwOvFtZ4lFGTeuI6ujYP3_deqaLdhqPQMWuRNY9w,euw1,SILVER
Qj36oHq4sMMCyISpNTg_5Sut6y7Ni4uIZtUbxZkH4x1joq5femAnypce2fbAAYwDUiIuaAax-XJJKg,euw1,SILVER
k9Tm2M7JtpXtI-aEExllNUhmwhXTO0nNZ5eKKMoeCBl1RkZvwMX8RzLJWVxgdoojnTPdrHI_D956oA,euw1,SILVER
RsEQ6H98JHMcXK3drtF7kGa_4glET31PAzA8EBkTZ64CH0wmuzaMDo4n7retJNbO7-JM6lrxZaEl-g,euw1,SILVER
6x9yMwtmRhsPCVT_MgSpBXso9WWJDOSVjj5iXiFj-K04DKEeq0mTWgIkIniHUhH9aL0-Lf_bBSzptA,euw1,SILVER
TrVyHXe_IuK_Oo1ONf1gHNncDjQ0gQ1yWDw8lpYrhVV0Bv8__ubPFTreEzMrKU1NGhNo3HyMZN4tQA,euw1,SILVER
JXBH8ENCnta9dMzh1UKBLjEk7PTcBb8zacwY2E7Rc40Aa_ZQFOUAUJObjkU1uUk43o_eNRqtAqDKLg,euw1,SILVER
IOkyRbC-SoiUrPvca9rDpdswuIQ2Qudw3cbjlvqCMugVraBTkoa8hVx3Fb10MsOlK_QzQTTCiDruPg,euw1,SILVER
HQRZYRwDhdF6FUYkUWjyznY21Xkw7U78vg2BRzUob6PDjtJIZ3lDSr2pxgiFHg_vxVeSUnlpIP3aEQ,euw1,SILVER
GKP1KNR-GghCp6v---pVTtLgZd6P05svtOPQmSoL_LHxQRbgi57MjB9ZyBGlQFdaszaghW8mJqZRvA,euw1,SILVER
SSLuoQn6PBWHuyuWuCUqA54m1kRGTEfhAbPba0YCbgURAkRMgb4GN29Mfo0AvlwAAbMLAqYnC7IBAQ,euw1,SILVER
IVj4qXKOhsJdReZ6FQ1NE2kKBtyZYh53cpV_BJDhlRWdIr-Uj292s46Wsb6oWoJNBhCGFLd-33oDjQ,euw1,SILVER
_kRLaenN3UguV3G2uT8mQFfXT2YyjkSBnvQ4MFiXGHPHMprC5nKX6snvrRSAcGk1N9itXBkIq7O7kw,euw1,SILVER
kqEwQlUHNWpiVjiPtYJOvlMtbW3Vomo5Nav-w9EdWUnrHRJnKMWyUx1iPIxUd6t-Fvup5HRnbZ1Wqg,euw1,SILVER
iijRUhScDpBSBlkgWMfqRQumG95iOez196YnpoSqJfcfgoTXaV0MfejRyCHBPDrsbUr8SAYuke4TyQ,euw1,SILVER
911WdfA_jH_9JsTb7uR8uI4SaPLn-7JPm_fPuQUSKNkZUqop4nXs1cmtPXjK8pG8NF8Y3b_9RlpwPw,euw1,SILVER
DjD3F2OuDp_FsfHOM1Fm9-QxvQ8tUWFCk_qT1htSLUouq3dm7rDuU2Lp_aDbssrv2p6w-77O8MIctw,euw1,SILVER
cXclLsaJi--wCQXB_JkIcv2EY6bAd895onh3jsBYOmO0EsnJcWnP-dsTWWvsyD-kwdaQ2L7wH19tNw,euw1,SILVER
V18KUDxiASKI3eD8hQDStM_oWvj8P3iEmGhYulcmT1P30SMmKocCJnCvnIeL3slel1WahQfsEj9BIg,euw1,SILVER
kxOtaeJyJU7PHcguTi705TmK78VlZ0cXk8HNa5pqSVCHFw1aSj1W1nRz25xWCgPUkcG-whLObjK8rQ,euw1,SILVER
-rwnwlLareD3iEnggs4yV_jQqhKX9T1OSg6pbprkhWBm00SmWhSJPRM3cNlNcOlanXyEYOhofKjbRQ,euw1,SILVER
j02b0f18rtgEO7CX6zCSEQPXJ9WR4gaud2J2ZHTe6nw9mtnqNmWd-A5m1okXc3hpV7MsjCi59vOKSQ,euw1,SILVER
MUOcUuiTPyV1OWxpaOp6YCoH7QYnElZyPknDhde0PCBrE29n7E2v1RYcnaWQrxbVa-UeYaUQ9wsorQ,euw1,SILVER
qU1FqCAXF1WK-RU8tGCXJP-Woa42sYXKvj0SI82TRk2jqSztk86w99bB-gG5qKOWhLt8B5xPHpxetQ,euw1,SILVER
hNMxj3Qb5Z1iGvUjlPs-EwCkP8Y6vbMuBOpVXm3bwGzyY8tWSVMOXg2sdkZaotLRFfJ9vub8nhTSLQ,euw1,SILVER
tBaLS3gMsmVLNnZ1hzHlQXtYWjzClGHoBQwHNBmQa7wWQXTAicKZJgiHlk9-gVDNrAsArxRF2RiYTQ,euw1,SILVER
jq4ACu4uM-J6B7zQ5Mpp4APTYaU2LctGgVhecstZv6giyaEhpMcii1qxK0d5CdMLgiUGO2MWkT_Bcw,euw1,SILVER
lRPLdy3oyBNdx3tY3uhJ0CtFYuadAGl0d8T7cXiQoP6HdNGT3QinGu_HMI8b-WOmkuxdmxo1WEpQ9Q,euw1,SILVER
X0m7WrReYs0KrkMO_W-rIYHcqGNd-_xIZr8DXB0_HDyG9SnUpuVsQmTvm-vZtZ20RRlmd5enc2U-QA,euw1,SILVER
rFCe5rwpgWlO2dnr9tTFAIHHDAShV848EQmdlQ2c7W4B57JcPEfsmq5bWuNHYX5301CK8AInl_qOKA,euw1,SILVER
MPgT5j5OV9Ofg2-8-XsTmJr-jMQbuKeu2pXEDq7SXluTBnXRhkWzlNGg6Qsrd0tMEs5AeGwyXZifBQ,euw1,SILVER
b0BAwfMhP0k6FbaCqiyj9VBuCTD5PBzMzgW_p6CjZuvNDtmWMJw68Q1AFNlf1QfxMtGcKL1rnHQ0kQ,euw1,SILVER
m_Fxi9U6yY5ZoqVpnq3Y_Ys46hzjCCYPGp_or3CK68rHJOsJm_bcBD79RGahZ2WEIGCulChLJYHHyA,euw1,SILVER
w-Tf8x10RIgp119RER0pYVQYl0aWeB_638iwItib6jypxIZt0AmCazynsgzCtAli_suSSDFeJrOs7Q,euw1,SILVER
9e-1OmwRBfI1VBwus_FZ4MD2ZD4cN2GnPkZSCtE9Dtl9ywA_zm5xKBXhSF9daLG53r3ywAsdU_IY8Q,euw1,SILVER
aArZTCWcsTONk21lvmHkhB85L3-jAcpletfrb58VRm-7MWJRAYDApE9Nuy2NSyJdZWbdQipO6xlxXA,euw1,SILVER
lFoTKR4flXh9gDE3zr8ePB16ixhKHoTz6w-aZdwZHAnGS8fvEVi9ESveDQO04xCf5hoHBZLFHzqeJA,euw1,SILVER
wasLdBjZch06lbv9HMENyiEUMKQHrQ3GHok7PsmsdD5u9rtWFaBnFAOLy7Ioc4Eq4NESfLur6uURLA,euw1,SILVER
5a1wl26wjK7M64YEQXFhEp7fJ7WqehFCic51C2OzNWZqPWoJ-v_4sXeqSkjQXjiXUQoi4jfKmjaGzQ,euw1,SILVER
ZpfrZ2NIjvWye2QpLBRay8a7pTcu9xFZJ95-9CmWvXI02lQh0LErST-pt1TH7ACoknIfTrkcBcG-8A,euw1,SILVER
9IZbpmxX86pjT7HZ3Q9PAm0wQnKh84BkPHkix_f7VmjBXyywTr0FFepyO0nFgJ7CHnodM-5YIEizFg,euw1,SILVER
8s5gSXVLyi_--M0WwOf6R8-fC95apFbdfaOfE7SXgdDbucaoGNAftzz1VLuQN6Ly8T5suVhRTBCUQw,euw1,SILVER
6pK9CTVtiFbk1o6ZauoPx6W-Da2eEhSMBvCRPaJLRz6OWyOU4s_5bqwhzKn1P48J2hr5aDD_hutIbw,euw1,SILVER
W5JxBfsoMx-wC_qIuJ8TSN1Oy00uX2Yct1FN0X9VJsMSgMwMtLw2X4lodIZxABKjbCRi5wLFLRtWhQ,euw1,SILVER
XYy7Xa6eEVdMzLxGwEdXqHm6Bp64vGPqwP5B132S8dkx3zX68fpYeJ6m1iGhLL0az5ywxbRRaa1tmg,euw1,SILVER
ZH-chNAyYYa4w_fqPRl55ByUY_176mWsrlSq1ZVZPWF6cEthyiItPlu7I8-GRRsMAGzCVMRJ0697zw,euw1,SILVER
Qvm2Wy8qpKg3NmAyzed6qdzVIy3lJTczGaYCUIUbuxlxJjqRqSjOGGFJucu2TcmsI1XIrswzA7cY8w,euw1,SILVER
S2n7TaEZT41v3UTctEKMif5WB8xv7be0WA-Fe39x2c79zxMhHaPrlA89tplniS1dj4l-LPZm38uUhQ,euw1,SILVER
yIlEXxTPW-ZJi6IAWTpXPN407RkGwTu67Dv8wFBErsS5ERzsTVg4ai7m1bAYhOQclkMP8qbILQcqSQ,euw1,SILVER
RsDGV9siaOM4apguYrw_QEV9QtZBkluxrKJ08D1DqMG1Df-QTLptZSrlLUaJCiAi2--62sYLe01ORw,euw1,SILVER
9YpIa60_bnF9_WYDOEC7KoTZSiOP_R76O2PDtB3c3TfGYHRc_Vo5GOeUEPiL9P5_7_yqazl5SVhivg,euw1,SILVER
5xwj5MJWUOuRu98kkBqMy3V0OAXjkGtKAlUfyPMwH4kK5h70I9_o_5o4BTHKE_A49Fc9BYpdTEmyeg,euw1,SILVER
M9SfAE-W3sOcLF4UMUBq4cztnU0PKO-RSoYZj2Rd4RopJu1NBaiS7eEoo2ZQqHu91lyGwLbd5ttATg,euw1,SILVER
oQRecuLUMuDCDbaDx3CIv1wd786QhxTjY7AamaCa9WUfGX4qqbWWEpiZ126ZQ01Seu7Ln2pUvA7mSg,euw1,SILVER
vQiabuH5Z0HjV16-CJoO4mN1zb32G7QXUkdfW0tiPq4bqu974if2s1h4xvmu8TV9s8Km4ahQD_s8pg,euw1,SILVER
j8yHRRdlPjhXSRXgkfSbV_uHcuGGfnHnJTWHEzl4H7VBrWYM62F6kCLY8vMm_p7y400seEAVWe97ng,euw1,SILVER
5aANjSu0lE4Geq3cfzgKavDbgVfCdzrj-CuSHodZhbtv778t-vKdsqr7scAJooSPMqjixp0PEym2dQ,euw1,SILVER
Px72albnUWbVdDzYW15CL9gw0eQX_R6-C3ulb0zfJ1MJxQTob7lx2cMqpQRxvuHD8MkaPsC50LchGA,euw1,SILVER
Smy-7qRrKSsaOJtRIr9LY-avBVbPLbPAq52dh2k0PLu1UhCvfimNeJMIt6bA2Xn6Q8q9AMasKjPxmw,euw1,SILVER
daJN51wzIrMJmLDatU7LK9wQAG1uzeSoqrbunj5kNL_WUOVxKQ4UQgmTxJEwvn8rKhD6NIZTJCsEIg,euw1,SILVER
72nOT81ZuKlK28ikZ10eAgJZNQVjYCafO2zt2huOzWI-abwwtJGGH345hcBXG7wuBecbXKzRZ5DUKg,euw1,SILVER
H2LLANI8nA01-PBF9dGlgKuH6vKajfbnqVvjZagr4PDBaF-OFDxsM12ikcNjUJHJOV_zuF9gxI4Zxg,euw1,SILVER
EHxv-dUZIEEa47AnGfrlx7T1EKNpt0nBxF2cElFHu6Uwt1_mrvomowxm8VMjIqqwSBhmdWZKlBP7lg,euw1,SILVER
x_nQdNSA2h8jQu7IOGHrmnqM5uRCKuONUgbzaURVG0rNQNeWcMLCrxA2_5KubfsJRGYaIpva0AOrhw,euw1,SILVER
F59SDygLf5CtagKru98REdcDkuCWk4Vwp3IWz_bffvgXY_Um5zHNm0_Z2kOV-wBs8m2vGCO6HbRHPw,euw1,SILVER
BGzdAt0-sPZ_6TLlok0-kv6lmR72JuXJDOYdzFT3pCtLwl1LRD5BLTdnNCkF0zUTRwREGR01Sd4K6A,euw1,SILVER
_44gDx-Eseuu-eDYnj9udLymSHXGQ2Yb9DYc4HdJ-yN7_Av18209bfC-xRsF2RKBBpKwbQ-LCu73EQ,euw1,SILVER
9BFOXuSnf2_CSG3TZ9mm3XrghVsH-jpxdx7800uAi9waDMRWSpGd4k3f75Jjg7Gb4Ft61gwINmM-kA,euw1,SILVER
ZTljNFwd8Wlrzu4Dz-MA8jdLs4Hh22SQYTBgVjbJCQw5aaMWuEqMb9_1CDxDsKdujmHe5HhO9ab4Mw,euw1,SILVER
sV6ff28imyXH7YmKt2QVtiJlYFxl9im8Cqsx2AZD169Qj2fAHQCMe-DxhASiPzXtIZp4EKuQvzMJkQ,euw1,SILVER
y3vqUjmt5KTECTMzMd_sL6zhfv67F6i5F6WBCsjK6C44citp8zEzmL3kV9dVsjAwneR4vDeBKaeaag,euw1,SILVER
KJ7DFFZVLxggFTf-LSm3RYpGFF-QcO6NRncw-PS5XXO8IrK_aFhpV8TCKawlqyKcp_aH3cxoSQc_lw,euw1,SILVER
c5ZlgX9AJwpQJoUujEn1HWpaEz2SSuBtpd4W7PXrmLADAr0TM2a6vOTP7ideqmSm8rfq4qWYU-xeZg,euw1,SILVER
Md9czro4UJ12DdbG-z4pw6N2brg8cv-JoS2Wp1lCD_dccm-vOd9zYH6ekQ6jHI1xh3hAsUe4_i6AvA,euw1,SILVER
q7LQN8jiwMbGrUcHVW-FrZCNjvsR21EynVogLIR72aT5cvH9vouJxF2oNSv5FI_Q6LSnvUR5aZP4fw,euw1,SILVER
AiVOKJx2S8vCeE33xk59GWTNjqmLM6GEptHkktwenKEzmrS0aGAKlqdQsTdC36-Djb_1sOqWtpmLNQ,euw1,SILVER
egS2W7_qNnwwiDsXmDVTOpdOnnZ5tpzvs7N79khcxmDZ4LX-Gk3zavUIDStuaiJSTIjZz_7H73UMJw,euw1,SILVER
NjqaxbZMoNoicW9oxnQ3D7dLtSJ7deLrMOVO7TSUqqjjRABHX1HYC5FjkYVzTVl5iKgM2PT9URF3tw,euw1,SILVER
MY0y7rhICyeJnmh6JiEx9XdytSm4zKMsGsrUYIRmJ9n9NE25V5K3c_7AaAXf4FKrHZW_nOs7Q8q6AA,euw1,SILVER
yIUs88rmICx3wkERD89lvAugFBf2vYWg59dOYQd2YM6Pp_aCWfG3jQqEZ0vgy9tsq6M39P8oZT3PSQ,euw1,SILVER
5opolkJ93oz-Bixo6qFnu3veQeUIr_0cMJmt_sGNgj1s4hRfqOpmRxyWvistHu34rbwK8UAFqZXF1w,euw1,SILVER
CTg_YBQMkS4cNJwJrAyYyp1NTBIC3wmgZpukw5Cd2m7H4p1TKPobFnEnk0jS4bx_Kb25CZM8JBqzUg,euw1,SILVER
mKX50m6Yl30obD9lYXEeT0R7fZcdHzhpEY680iNYwEC5KHpmQXDAlXg2uXGhoHhCRiliLCFE90d_Aw,euw1,SILVER
2MUmfs_sBSZSglP7D8C6I7-oQdPml4eRf248krgpoI7jqJlROKzkfJltCbmPvull3Iv1pkLaW6kyHQ,euw1,SILVER
LffQhrXEb7vn16OB5kmstts_Blm9FLSV64pTlep8qzUsYENByNiXkVoncZgRU8ji3DuXJSUExeE_4Q,euw1,SILVER
lmJul68IX3h1uY9OAHZ1iUIi0AvrdqoRL2TZYx-eVWvBzJer3D7GbGhTjYy4MGIAT6E5A0UpBIaMyQ,euw1,SILVER
beluXPVAA0_4W8vfyPo7418eqqXFRaf2cKzf9--3BCUdB_rcqESGRzN_DSs_CaXBRTnkhbXN_9Wa0A,euw1,SILVER
OGlbv8z2e-9bYruk4RvI5loSJXu076MbDL7X0ifbDy9arpGctTcsG10X6IAH-k7B-of5neVXe2_XhA,euw1,SILVER
DXTeTJKEJ0ZOd9xszhgmRCej7RswKWfU12Xpd1MLnSRTKFAsQGQDxluc_N1fQj8hetEyUuUG-rmb-Q,euw1,SILVER
Xs2-gau9MLtfXI8ANakJZaXYvnDCaTIl294HdG5ESzmiJEgY-9syIUqF9v59NpqK8Ukx6zVlWuiuEQ,euw1,SILVER
jzEColY3GCv8xl_pjCXPgxjbkDx8USznqSozX3yGkOmJ3MZx-6OsztSUocv5Q8fd71lxgnZF0Gd9NQ,euw1,SILVER
thduZ_JV4_xnrs7_VZkNlNqKY29FQ_lqkE8QpN46KREoeIGQ7u7gSK0HLnccI6dTo1nVaDFzj6wBlA,euw1,SILVER
i4MSLTAZxIjK9GlnLfASzmCLt3PzSxciUe-HdRxpYgLbVIOFv8sLr-4BUqApiWGA5gV6v3XZoO4R8g,euw1,SILVER
mKM80Em8BvecDf7rSQ6V2toJkmuZym7dbeTkRtiD0g-UqrGKE9qPANI5hMFJhut6iG6OfRQpXJ5YeQ,euw1,SILVER
Uamip0cS5BHpI88oDjlXaXNDWm_sP_ovkCpBWLMo-VDM2AAd2aYiEGJKv6J-PkM0og4KREibRKF53Q,euw1,SILVER
4w7skeBTU3N6oJFqAZlKX5ghJ4DJCiZf9FWhEzwSxkusxaLBqvY8MtEWaNQ4QxB4Oo-JpES4dTp-Rw,euw1,SILVER
3-j4O2LNMTCUJvcjodgQ-JOGQKS0YA2M0Q3hn9AYHANgEbQvIdhMiQEcP4MImBchypt8xqxFzVcahA,euw1,SILVER
F0cGMTIVweb8HZZUFyheHL6ESnY3_s6we_vaFvzo8ZGMsHvoTl6ooAE4XFlRkSKl2JO99hVG-HxYWQ,euw1,SILVER
p2CRL2ed8Pw8EI9p465Z8PsiarspkTATKooNHq3s-yL98MEsxG1PzmKu7YXNmMfd4u7VJMvL4e63TQ,euw1,SILVER
MdXr2ua4gotwhZtfJc887MuHEt3XhlsmKnHqPfTiQTYW5a9P2oAi_sFpv032j9ybtwbdn_0vpN05DA,euw1,SILVER
d3EMqZsgUNRRFsbB8nshIyT2t9_0G4HZdQoWB1YXTX10GrzUMTMOQT8myX6m1mjSS6r4uqh9_mtbjg,euw1,SILVER
evIVKOZK4ENddYNPi6a8rKaKxrOCHYzvF4EXarO5ukbZCI9u7PinTaSfiPXrAIe1M_QpYPR9ZTqCWg,euw1,SILVER
Xlls94Mhfl38W7VYOjecEJZXaJo2QAfFSu36GJfkiowJzouzcgcgbYMJsQoK_Rjerhj-RrJ7plDr9Q,euw1,SILVER
wGkBeRTtyFjEMCIWMGv4Nrdz1nS5UEU5xzUG28d5EoR9wGGhZc5SgXxDiPCxiARyn6Mao0jruYJjNg,euw1,SILVER
VHee_Y_LTwettjCFOisO0nUqy8HZJz1EjCvUbmr-E4OMwvqQS74LbHsqVp2cyW7Pgzpadr-7GuxYWg,euw1,SILVER
lZjAlmLXNvd5zsATQUIRVOup83tpQPXF6jB0QVSFAnllKcnrB6z7PKFu13BBgXmzCTMej--BUM4Rtg,euw1,SILVER
7GOrYle0Vhr11kqga9pnspMUStwFEN0o69JUCz2Cw2dsxTpf4fv2xyv_i6IKlSIAChLZktNSrgzNSg,euw1,SILVER
t020Thm3YmHkBrNCRoxKv4w1rhQ9CkihEolBdOAcGx32IPL3BhVZh0BYCO1cbOBUxPRwJPrneVBAnw,euw1,SILVER
OCilwu7D0vK0YViSX9dadyOHrZSoU7ktJHmImn4DupCEQFkQFeXIoFVUm7yiQ5FZeNr7LJfcIf50BQ,euw1,SILVER
4YDJB1zUO3OdFTZRWUWlqzwVAWSRM-92idBZ1ulqvR7aAbHu-xyJiwti6vwGaotyLNxwqw5bMhGdYg,euw1,SILVER
4p9-WDSpAppS6AHxiwYyA2vz3oHsld-AA6Oy0QDYwxY7DM0Veixtuc8tabEB8fiBVXzO1ybJm5aRnQ,euw1,SILVER
0kxSDnMwF-KcSPWN2sWOf7Oj8tYSgjmQJ7MASJDsdI64CAg1kG2ToFrwp5tok7TSiqW-39-HpLITrA,euw1,SILVER
f_yXcV7WzpHPA6StO2BK5GyXkRkJckm8ZzFMj64afo1DOrJamUqdNOIOxMw0jR6gy2l9NUY7XhBi2A,euw1,SILVER
Y3ntarXmjor2Jdm0_t_d8Xt6WS2xoLf9HlefObcjfnCu10nX-jn2NMTiPrGMbmFd6fgk9K5PICnq1w,euw1,SILVER
kQhCDlBKI6hL_2VN_t9hzNPOZg1tz6qMuVSh2vP80bN1oGfXazJDbM-IUMrdAhoMQND-kEPWts4Qaw,euw1,SILVER
VmjlSHvBQjAbd3K_ZhZcZqrmETWFoLz7qGOEVxluAJHR0V1XuNkyoMHvGLSzxqEwcjtoMTsfAvSC0Q,euw1,SILVER
0hs1yLbJ3x6GJtciIdHv4A4PX0iRZZn0XiTT6wb4Q5N2CwMeE6lf19NmqhO7ETr-3GJC_HZKha7O6g,euw1,SILVER
VQHF5UkRI8AqCKN0mDJEX8SD7P0VL8FUR6NjoBsKINaHe5VNKMr3umAuBfH7nt9Ihb5McD-BoBN10w,euw1,SILVER
iSLKlrQCLN_OyeognSLoC7x0vtcqZoguUn1peixd-aeKXQEi31ZJVapyyS2oxLRMkxJMCUvGpPqoIw,euw1,SILVER
sk1HR8jbM5rI6pF4USlO4o2hSIjlDIKnDaT0qfvJ89qYmsZwWu0capC8zzns4WXfAe5MYeofyJYLlA,euw1,SILVER
VGY4JJgKFy-rpyGcLwTa-zKyBhmxZBQg2pl-iRj45-sAHbCGAxGu9nRB495K0a3nbivmOXWuaDrmyw,euw1,SILVER
M71T2Y_6w-p05-fcF3ytjyAOYXbMvARP8MuP46HYizbhMFdt39UAmYL-oAAWOifBMpHttOR_SXbw0g,euw1,SILVER
_cjJ67DEDVS0ln7favc7LwMg80R76yAfwL_jjgExnbHAiGra2sxZv-S9iobciLVni5ar2Gmp-kyz6Q,euw1,SILVER
5xzHRdF-g6K1k87JiD346YxnRx2SbKQgjij49Bog1ot4La3DtfM_D0h9DsbANnrybW0Py-gHQMXFSg,euw1,SILVER
9071e3DiEyHnmxilvCq9DggK2VnlfUD09kTOogTNFPOJyJhX19Hu6jEsi66D_xjVoA8NA7yESSlMOg,euw1,SILVER
0_oa7ItXXyoTUt7hu3qYYSzXrYv5sZYflTDr35VtJGWVVJt9hWS7eQWqEaxQGMAS1yXdVQiiGwqTmQ,euw1,SILVER
D9Zb_uphNHLs1PCqvgjebbMVKldaKmr6SOHhwtaVopKc2_5NNWobSIy7CFTPK6e7nZXZnqI9SmSXuQ,euw1,SILVER
EvQl13Veql15CEMkN1Xjeahnzljv3xJeM8VQGE1YZ7yUZ7N_zF0wJJpljtO1xEzBNfP2vTmUxWWbGg,euw1,SILVER
JTQIUYsLnLlk-7FLYV2INRYaWp1QT8YZlE5rSR0Q49Cf1EvT3EqGqJHngjQhg1_eStiaXV0zMrNJzw,euw1,SILVER
z-t3_-SP7fkO28k3iq7TfA_ATi1T-cyINtBjhGZRnjOLWkYV3xynVFFxphbQHZrvQD6gc2sqd7SqRA,euw1,SILVER
Y_OcCn7CwV9Y68WlOKbDAa0jKp2ZOh5nQqYe_knXJ4AqSOaW2qIOskWjv40a_HYZUtDmZ1jsb_bgkg,euw1,SILVER
pa0QZnhgFB_byXnGylxWqQ-tnmKp-I0zx3fCeQhrJeWIEtqmJqI4EEW6O42_xcRfMZKjGDHNKNY58A,euw1,SILVER
36xT-cRWloXzE8s7LamIVQGGq-CBiMUqkERRfL9dL-H02qLRdi0pneeVNxZ5HVyKN7KkHdPGHwmEDA,euw1,SILVER
ztP6z9KIGNccWYlz0-uRPQanpcJbEOcOGmZl63Lc1CbcPibwtGqHsDWFVaRZG5IoFAZMHz5DQ0qheg,euw1,SILVER
Yb2OcTBsxWQX3OZOWyC53V3d2QWMElK8C3bT4YFxWh42tHFiL4OvItNy-tCqLABNoD014joCRcMqYQ,euw1,SILVER
9I8byijzTC4aMHNNUyxvV8DrhI28XDiO-eed6O0raekUQVzB9ohradyicV0zEFllCy2buxADfrRvKQ,euw1,SILVER
Qc2MRFsSIc4CuPrRfWLq5huwIkiTOdrCOZJCtQ7IyurOW9jwfX7zw3KRvtkk1DZPgVmF8oTkLAiyVQ,euw1,SILVER
PbgD1thAB4hrpsTcRqBB6emo73zJ1V3d2FDfWEOFrPkWipHAdEbM8KPizRjJoZ_9Vxp7HEYDeqqwzw,euw1,SILVER
ggJ1sIc7ypZCR5NAxnHSV7WL72pc4zmXu2Zn6Hk4oy0GksaWRqI3wduyUpWlUHsRpZocdUajO4z9fA,euw1,SILVER
evRRgbH56DK0ZnMxgTcmRQFAfpRyBoO9Cxbq0RewgyVXLvmbgBS_5ei2Sf3V2Kp_cIx5qOG5IW0nDA,euw1,SILVER
f4ch5PcpuSf5d70y_q22X2Dv1NJ0KkeWWa5O65BkzfaDGBKb6lZ8DovLE1TJ9cj2tHVojB44PyNV8Q,euw1,SILVER
pJsAnJIu9xheAm96RsQ_Nyzwaul2ncvHjoMMy0AjdWLZEURHM69Fl1H7aq6hrFCB_ISaZCE51U4wXA,euw1,SILVER
KZ_NnnOU1QbFbh7mnJ6SEv0Q-6Zbt_EuR4kgSVZ1VVVGTkmd4YayR5Drm-i59BfiLKC9mOMqNF5Olw,euw1,SILVER
H6eLdHyFy45rQaCbeOWmpHmflwVPcceTf-dF__Aq1rYLRypyCmB4Dh8ZYDXX5l0btkeiBUhGn_Fj6g,euw1,SILVER
VGPR1BOGHkD8-dfBqVjw9PiXBJFqJQKxbEHPeluXrAb9cPX73jrM6_Bs9d8JjSstI5eYWMYQcjphVQ,euw1,SILVER
srBekxzELg34pGcEyOTj5zgVIH7BXchziLGaoHrtR3CbxaRUAaXY-nuDKQ3dMAPN-X2amWYnuiFGxw,euw1,SILVER
eaqnqiXeZp8YwJKJxv3bWhMPsALSxKIWkY3bQY39quuM2mSJ29rmbeYFCdWacAgwG51fJEBFpbHH4Q,euw1,SILVER
6f5v6QOhR1uan8GrnIY0Z8P1IRVXzbNe1uyf_ML-jCJbgMmQeiJagxYngiBtNptGsYq0C41e6RrwtA,euw1,SILVER
HR4Lw2JOL511qTkmHQ-pFP93Bi3qKLv_3TWd6dLmCYXMIwFyOm2p22e7iYG3f4N1SvshmZAwsbywug,euw1,SILVER
ViI-b7ydozl_myfj2LVxM9qMPEu2sdPmRHLrQUbnI03dunD0cV5zFn6tcqpm5_r3_S065nJHEVOaxQ,euw1,SILVER
uS1ucZJyXpuO6S3nVbDiDxLB7z859afSs87SJNaaDoww_WDuwrfING6TNOE6ohCmQwZv4EQ6COwBzQ,euw1,SILVER
nQnyCRNGHsgasfuSuCMTOSGpvDorDGWdS7DKH8eLG65t9BTFhDCutrEhsoMO4vdSPUC02Mznoo3c7w,euw1,SILVER
P5rEjNCP6cqp-yHkhirv17zx6wfXsOqRg2DewFg2-R58xtnd7s0TOXVdletOjccqwjdRg2Th7k38Eg,euw1,SILVER
ToRJ8tf_biwxEJXcnWHPB49BzQbBCbQz-Y_MvhyEp-uoI5rOjBjTT8RGvGItpNaB_mlwF6F7l2xffQ,euw1,SILVER
gOE2HLlInWO3RvMjmlXC92qtd_Jz3e0gPWFLXWdald5DCEUUVqZ4y3sng4WAsIEnBexuk922UqoObg,euw1,SILVER
Brf5I0Ir3Fc2pA5t01YhWQliPR-k93pWvfW1ZrHYC3GOC8DUq1K-tERn07yYuEwWMKpI6ROTsQ_FcA,euw1,SILVER
xSv7185lrIbDk9MLuUpkENYJ6de7ekf_635O4yd_zzhWAe_LM0GHfgmzLjKZ4zOnWdRrll2XCJfugw,euw1,SILVER
N8TSN0zq-ej7Xg1OvfBHkTiLqJVsSscmFEDXQxlDxquHcUieUbGv421G6RwU3N6tbBnnBnDe9fdhdQ,euw1,SILVER
reP4Q9j8M1QumyTT-8UE8O2UGnFfltXOLJeRRh71WIiyW5a8YLUWHlM7RzLZXn569b6FL25BFiwF1Q,euw1,SILVER
ZiDQmq51TZIoXTq9QHibCiDTxPlm3d2Oq0ACMNC7JRwj9M0SMYixyrbkLWW5ph9Gki26hLmd-_FZ_Q,euw1,SILVER
00x3-9nk4mWVgUoPR8r2NEBYzfZiTvypneMI2fgWCFjRplO4-gT49XKY47pdW9B36_2dNFPMNLZ55g,euw1,SILVER
2ESKdj9bgrO-7YQkHNWa0hU_s7Kd1YMhsZ4Zh2QUcac68IIrMR2C-tpfqzRc193HE2T3vjJ2DHcfhg,euw1,SILVER
PeQ6j0W569PsycC7j6vR3nkHNEq5Dc3epewTVDzWzMInQvN1mM4aZjfQOqAOX37iZW7Z40nzueBXxw,euw1,SILVER
nLCK4G-XVJo8aK4_FQAwQF0WL3_ybI-fGh8glbXBcoGAOS5R4CIrvJ4K5wJ4Zfj-Ti1EjZISencnQw,euw1,SILVER
p7Xl8y574w2U5ngvmlLPYmj5TtvwTuzadCf2jLXktKDLp7ORCOjiEOo1VuJ0gdlQ7Almau9Zcq9yvg,euw1,SILVER
-uUoI72jUEd0gCkwOYlJ1hMIfQRHVqFSz6ehqnJXi27WeNqFejBqoeyQ9CxAuz2nhGS4NMIrDiyKow,euw1,SILVER
OGClU9o7V6_6Te6Wu127bMrsMFtif7PLOYUZpoIfMqas3uf6fhSHOx-MhUZXXmT3AWwNT0Z0GT0BGw,euw1,SILVER
2tKtn_WksXBonI-IuxjEsU0N6O2OnBEC5H7zK66QpIQl64qe_GP4ttGydqGGtOIKIEYoReF-kLQgjg,euw1,SILVER
E8pW70mJYh2k2wk3s2SOrdenGSqwN9XxFzTl0QYimZbCFSFkw1UYzGtG7JNfGQxFUHC20R-o7cCrsA,euw1,SILVER
eaL5hGj2S1QMgrDHkMJlD2WRXN-0Cn5uPN9BzDrtIE1kZxNbeBeTQnjLLUkL8XkW4B0i37oBSykd_g,euw1,SILVER
D1_Udy3pnbk7gKjv9az4ekXLuyVWTCaN5efc4YmCEhoi0BubBZwKKdbyv8X0E7JJcSGz4klV0_-tug,euw1,SILVER
TVCO3muTAYBLye6RKr-5R2gyQOjrdMV9GJFcySU-Gb4Wet-YeCZi-K0b2jQxAqzTkNmHSiag0g0rNw,euw1,SILVER
JPPw2Vpfs8kwmhhJoqMSQ9pquSgHHp9g2P9HOLxlVP2tX1MfZIAiaLlEAkGdnJRnKo6Uzg5LsXheXQ,euw1,SILVER
WOhnIcUZfoo5XOF7h6XknA1sGJebyigNTXCWPzX9rHIs565fo6Y25yFe1fE_wAHxQ9L1TTW2hQno7A,euw1,SILVER
AehHmf3O3XPQbA-xZE_d5xTIj-IFqBjmYyDDQvOCL0hXa3CwAKkngHFVj_YrqYQg98DyqduACJ36UQ,euw1,SILVER
ZFmXjsmzr8a7CelKGtAhQQaKry2Dz1VJP6NN9uGuHtxy6wGL6M8iePakJJ2Lsi4etN-kixs4X3_Lmg,euw1,SILVER
Rcq1yd4LU4Z-G5WyHJZNJKuLCi-AVF3xLotigIX8FI5sgrEShc0TTgOeDRzqhCxSczCXayflJtsbgA,euw1,SILVER
BymkmsT0PbsSAw8J3h-n-KWtTQcizagu_nwj4zCSuKu9X4SOGc4OQ684vntw8ZukcNE5ow6Z6G7zaQ,euw1,SILVER
yA7o-1qFKxFmrkbtBhvE7fgtlDmHmYz1cIr6mwj6_uJyGlLBVHkV-spncZjOGbU4lEB7_NwY-GxfuQ,euw1,SILVER
SDi8FHEOU_VtKK5CWdjnpq3HApmUdtN0K1t5gVqHwyAop2NqasnshziOQRWUJls-Ql7iE6rDtfKT2A,euw1,SILVER
XnM-GkT22-Vgy__GVNSHTNsKHG-3Z1VKyEGbvz9lzZZxihlmd33CBbrS6w1DmjnHFI5mOXVPZr7peQ,euw1,SILVER
d3CU5byzLAx2f75UMXoenDYbLfE34KXgmqjDbmNUKsWPdMkacTWLOR3aVQqhHRv5N4Zn5BWrNCM7EQ,euw1,SILVER
ctvtFZJViTnHKOhJU_E-SKxusrw6Pm3O3tMP5hwG-PG1nX33E7pSsR6dGgEhub6f-Bgvi_e58x-TyA,euw1,SILVER
Z0dYDfTs6ppzK6qmZfphZFAfDBBLdMG9kuMmateFC54cJ2oafG3TpTsmMSvbccqhwB_wOP732wwW3A,euw1,SILVER
MThbFn2-Q6wKerKbByUh0VpvAbju7z-AvjrVP_PBuYbTOhi8pApc8usmuvFq-qFRDubMgTe210eFKw,euw1,SILVER
obl3lMNl7DclzuxkN5ZaQPC2vPdzLKN9-uHMTgOGU17Lm-pX6oyoqKnsnwyjnsd3FpHeP60AMHmivA,euw1,SILVER
lkmDM506jVQkKirGPJWa2q-wl2Pl3ubut2ewodn36FPwl9cJEdQrZKSg7cQ_Ba_A2AbAv0hXaASpEQ,euw1,SILVER
O5Ili3FATdAH2NemGFW67DSken4s7iYyhR-IBBC5y7Sgl0E5EhMvRuUpAmCn2wMGN4HoTSnxdyLIDg,euw1,SILVER
TAekQsoAEjowus3rudKnf1P8MmzwL1vunVxsVt7qeRTB9XEO8BBJJp7NfnOoQNnfYUVvbBM7Gi1iLQ,euw1,SILVER
QMxy99kFfwoiOllHMX7OD__9gF_BPo9lWH8zBwepjsls1WdOiFIf-91FRchIti4-x-uYwCxEBxbsyw,euw1,SILVER
mql8TbYDp6sB0MhbFQZW7Who-2IzVl8tAzzC2Jok44rAfYpBW4Pj8rpuw9oS4AyVg_Ui1Mbm-i_MAw,euw1,SILVER
i3dWvHgtb_ZOyJN4irtn9HAGv43yzM2cP986egK1Qfp9gs3msAvpLNb7QLvHT-Mwn7wYz7Eo7kKieQ,euw1,SILVER
mQ_JmSwBCRGY8uASegeqi45sdusfm6rqIeBd6cn6n9S5JnE0_lEAXp-cpMx2l15ZSf9ohAsBt3k2ew,euw1,SILVER
zSUYMMsVkul1rsVtkkFIoRBahSSVhgzxS23naXV7ROmEfXHhY1K8xMTvw8BG9Qq0V7_MtbBDj0kKBg,euw1,SILVER
rqQ93Ss2uyEfYraipyiOn0Bwm6M0123_dbeQ-XCuDhwspRQZusdw7m4EkNXKvsM5nTVU4jAs2oRwlw,euw1,SILVER
ObQsjXkOTKKS3ZkpSUKgYAYe9uqzS48fHPuUVr0HVOpLbGcRcf9JoOELvIUhFgxgayJ2xqtOkg0kcw,euw1,SILVER
hfE6nHo5nWmUR2cwnaODkwd6IkKthEEDuV5ZcNM4yyXx_ckvOEekTbYxIyfblJUSo_9eSpssqnEj6g,euw1,SILVER
ZoEPfAiuP1s5hc0wbVbHgdBD_oA37HtaEzuH6ssEGmZAu6DYYqougIhf2mGbUR1oLo9_Fpwq0TLxGA,euw1,SILVER
gZzwW3vgYHntDYT_gPab_tBNNkLkZ_GzDU7lffRRyfhW-z7Y-4X9ZCT81T_8HkkH20eFpxsv0rDObg,euw1,SILVER
xgcnw8XAFo4sT_TUPnhNWbefbmynMF6bROEA8thrVzH1gav7amKzrM_yaQFndXCdwxSl1nhFsBXRrQ,euw1,SILVER
WzHDba6WxNo2lqHsIefEu2GVRQK9Wdnu75r2i4wvoN8KU2bWG8z6OntDqNdneSD8WW0plFvnt94DsQ,euw1,SILVER
eZ9-EaF7PAsEyeKLbaek2-ukoS2fMiyOLMOYNBJhzd_paPR1_YbbAd9KyfFfk35PhEXJRVby8znvxg,euw1,SILVER
ORfqOi2N8UesKMo2AFz0MEQAa-8dlCIt2J_Nbfr9r1GzuRGtMADgGr_LHwlieVd_CEKohGWD-loNMQ,euw1,SILVER
V2FwrGIIsyhQszdAYOPFan3tSoXqkGyinpwLt-c32rSzjQIZJDZrwSSBJiH-OvgmUNlqCw0YqfZRlA,euw1,SILVER
4sa4zh5HsMuq8RRRXOWtxaDvyyXM18l0mDzXobL6PoJY5VyTpt_LubAyJNaabmTVYoqSubFyDJ_EoA,euw1,SILVER
OuUjS_CQQSij9HrW08VlnwaRCUuBbabLx__fGKK1cnDLoigQB9ia6lDirYpBK1rJTQsWKY24_Vt7VQ,euw1,SILVER
L0ust_YE3JXE_GnYlMsSW5rBhYRQpyv8EaVts6Nc9KFZRqKf1Znqh05yB4XVIJl-8ED8IE7nCpolTQ,euw1,SILVER
zj8LOjU-QCeOVMHlydAW-NGjQc3yDPEJeRBoLL20-B98W8Rx35AzmGb-RRiym2e6wRbQBw0Ib_IX0Q,euw1,SILVER
CNKa1Ct5gZhDIXZXQSYlwFIGOCn6wLA5fo2ARZ2y5iYCfiZ3g3YYUbeeUYRr3Tt9tpJSh1aZuBQ1kQ,euw1,SILVER
lBt7fj2UIF4ndsro-zP11iIV5K2RemhxM6hfuv--YGLTMRxlatQ3m6djXM57Zpyf3Kwy2mhQV8BW4A,euw1,SILVER
EDZoJPGSQhW5vUtS-79jxgx-jxDHq7IZXQgedvi_LdTlu8IP8ioVk5YitFqFBH8zh4Mw1qNNDW0sxA,euw1,SILVER
kRhRMJZzeskjXxJPigKrgV75PqufDAbq7qhD3SapjLUbYSUdl5Awz6pvjjStboKtf3alAtB7H5MBPw,euw1,SILVER
UTp2c0EQ9fMFBMzLPHMTYLC179jZx2Glc0Dbfew_5g5g03lZLcOqkxl9I_3PWC4T279LtQYPpeL-sw,euw1,SILVER
T9mkr0jjwGfU1OYU11Qdgm16cl8PdcAdPYGjEk9G1MNY5Q6R49P2AgAOJ2m-4Atupumj0GTfvWDKhg,euw1,SILVER
mIWyNx5zXTqxkEtRw9Eu1eqP9eADxS6f7iUGCxLGECd0VOGBxvDdoxcIv5IEwSNKiPbQoZb5tsqoig,euw1,SILVER
wSouIrBJ1OIYOQveAS6VeZwec1qlrSFPufHowZfL3B8hCnc9k9-painHVMLK1CicNdRwne3bGrbnrA,euw1,SILVER
rd3ALK5-0AFDk2W3HUmCYxE4Jb7TWDo2O74nF7ZF1OI36p1TISCR6DXC5ejTEb0Kc3R0nCGstImviA,euw1,SILVER
NJEQ0M5_lLmezJzpS1Ggkb_YnMsuj2JdEZn-mWEMdBugRxEc9rJO-PdDr_qk7lPYb360ne_MCNZWyQ,euw1,SILVER
Fqjjaw7W2YY8wH1jj7ph5jGJ3tHyt8iZG9Hf7JuuoH45uVcUiLDxSzmeS01lSuBDEVwJftEOK3cHRA,euw1,SILVER
4RS38w5ZwyCPCuDkKgFfeP5E4uPnm97oGZDeK3Nszf6aSFak0ny5XxJuzKaJWT2ZvhDmwYYKliiSMA,euw1,SILVER
rJL1d8t1ZF2CSSgdNOa4iEtlValnAlqJRJ-lizJTat3wei3iKfzVxe22ZiimxVRqcAHUwvPbDYMOZQ,euw1,SILVER
sFMoVd2uQZHO8lwGQrgk-LlZne09OHWSXrAcLfADLgkqtsrxpkVrMdDObfew6App8oJBjlxs0lPWrQ,euw1,SILVER
ESilbw60FxUywc3GgjmIwHhYb012mz4o3cGFCJ8uTa8WKNqr5bhjXhzNcUtK9mEMV8pHNjU1ptQJVQ,euw1,SILVER
SWd5VjPQxgmG4qtNVy0l2Q3zZDZs0wQqLs6L70FAB4IbxYarxkcvYM2n79pIyfXbKfEfCRWaPLdYIA,euw1,SILVER
8X4cL04NyUdqhdwXduT5djqy94RKKYVoo1pcHixylliqXgum_UeoQfRerpJEj0NRMmVHb2_xQRDgWA,euw1,SILVER
-dyLvRMA4tqq0qh_5wXQ4ncZzFllkJFj133BvYVF6b_hnxDZZwA_QGxWK4SMeZ_A9CUHX4vwhQmEfg,euw1,SILVER
iExS6zO_shilTTEvF3k9HHfF-XijEgRFc89hhfsuFE804UJXOHwA6VqpH3LpEoIq2SVL00DTzCIUfg,euw1,SILVER
A1pcJtR5ssM3B0WSLWhXHHVmT3n4GR1UfzUMGyrILxWZo7tDA4Kto4aWxCD3K24XoBt-AnrCpv5v9Q,euw1,SILVER
9nN0yIYC_pNf8Qr7nmQpSwB1VByjH9zMWz7zbQ9UL8KaPZFJIoMHDGfF9KhJsA7T1N0SYuPj37iWhA,euw1,SILVER
FLF0UupDYnyq4izEUogzPmYxuXbPXLkUEnYTOCpK8T6fZIyVS0S3zhryZgJlXKN68hEuY7x5JaZTcw,euw1,SILVER
T2GWjMUzYwpsp_HBVo-OApkq0ups9YQAfaagt6w61zb3GMEeyK3h59cH71RXHqv1y4giCmR0JYt_cg,euw1,SILVER
qjF9Dt6b42bPR-bwYWbqRPJg5v5ze0-h4NJ5LpbTyuPwI622yBKn6mgPf7bmZFVgcZBGsN2mTNjZ-w,euw1,SILVER
r4gHk8M4IkHu4kMhAzytAr8H48Wfa5-ZsNZOCzbECKx2zNwENrwqQ5P2ilf5OGzSsr01Q_6XHfF5gw,euw1,SILVER
0bz_sZBICLxCsO6mwD-8cHDFgkpn85zso87bdvOVk6SuP5TIesoC-vwj_sjP12ELFoW5AR9hDMqtzQ,euw1,SILVER
4Jwoc9fZhU5lYhpf9x6c3QdHMeyzsulLboLaggOM0T--FUmFhdX9Yvik2_r1KTS00Dfhzx7_z-3bbA,euw1,SILVER
bJGPjnPQit4k0P8cWW0pEj8zUdaJKqc6VK8c96PMzlC08pFdd8n9yaV5Kr8seo-5ehsjDTQRHNmZ5A,euw1,SILVER
ycuWd9AJC2zgjH_Jmq7ajsysOlmmNIgHHX-_tA85oZyEXwrRJSccfEfLMFXaa5xKzdnOub9Ej99ncg,euw1,SILVER
OsiChOjxzvo9BTGvT2JHNIX0F-UN4mENLjuC2o_owKtdFUzIFGyOirLHMIgeMzChficgI2bkhglm6Q,euw1,SILVER
WWDwWGMSQbWWL8a2ANmNUVNpJs24BvR-02TQtQ_80hWik4QaZygvP_EjvYPlSuGb50ffn2F9Q2K2UQ,euw1,SILVER
KFDAhibjvZuAJOYpzdRas4rFv-KXYv2cMvhfy1RRKFoLcAC8JqiL115N8fgiiriYj-Urd6wE3oUESA,euw1,SILVER
8iVSmCdDT0-7MJ0xeyKlLzXnuWeouxStdahpGadIkN2lhfBEihmjPLrxo5HfG-nYdM52MGBWtYtQyQ,euw1,SILVER
_ap-ulr30LuAW4KyRyZWmDmyVr0vRl0V055EHOQnLLbjjkZy9sKTFX9mALuQfaMM_yH38msMgg7OrQ,euw1,SILVER
tFocyl2KitoTiuyEtVK1VCJLoOdW8LfM4GMLDK7B5h9LWm5CjSgwiseMIJL8q7k1kfTHQzAEOO4-rg,euw1,SILVER
kqUpPOKJ-T-cWuzTJ2nmX6lZD-1125gE1fIj5sTAZuti9GUQpBq9RLu_s0XgAlZGg3PWmkda3LRCaw,euw1,SILVER
Iw9nAMWZQTP8mCCA7wCDcoDEfatgSd-sPShEtTbLW1ZHTdTPNJZ7PGyUleDnfz9myAl7YoC8cd7kWw,euw1,SILVER
UD49UCBOwFJ-cUSVSs1rXHkzWHa05gT6AAXs32q3Wrm_Pb6nUAgCnTSDVdWespqFapGH8zWdiioWAQ,euw1,SILVER
CuwjQuBGtoOJmpcoYj0MuprFuxEPDPbjsRp36M5Ghgmir7SpOQ2ReCRjLg352fhQjg_lXYwAp9yyWQ,euw1,SILVER
QFIR9oo0L4vOfY6W59d0WTpfsijxs_v_9x5MewvMOJfySvGwkwo999Oh4Bc2BHEfOsYg_mO0r6cfyQ,euw1,SILVER
Q-z-MDa-m9XEIxDn6kUHE7FgDl5VMIO1LMdeFZdTUqXePNN2CNLtNL8oCECRXAmks1aoey6JRwZcsw,euw1,SILVER
VAJGKl0FYnIdNQBSp_Fe0FVSEe53mTaXolGspTkn_JFlDrocDlqx0jfE4k07CGah6lN8P51It9XzUA,euw1,SILVER
3CsqcfvFdgTmABE48C2Qpr-AanKXYg-Ox6u0kNYGNOsOKWc1BTu911TXQe8XCFZ6Movti9JHWiA_VQ,euw1,SILVER
7aCCkwAPl-WXQUpcAKG7Ci4lBxWP3iH78TVbUE5u_pzBbH9DG6yn1bhPzs0MELRnDt_a5kBmiM2MYA,euw1,SILVER
PQO_OrbJN0sFuqqYpcqVSriywQlCn0lDiRWP_3aBt-_HrJOYYWQkLQ5Ft8IJuCgZm1Rbv0Y02Xg_8w,euw1,SILVER
cyURji2k003GzUfcXALRTWGLYZI8U49tSVghDtmPh9xjeYwhiBeBWvloyYLs1tIhVE4g2WokDbdF9w,euw1,SILVER
8rrw4WDxqU_5QlTQVjf7abMt-wh0cQsZjJExLubOe5sxfDxxBTQVbS0rlZr_PtKBli06gjdwBm569A,euw1,SILVER
TOMJ9FQYNT9YANYOI8n7WpNLwU6LTRdCXEQxe_smVtK1oEqzHBNwFcLX2QyJZUU9O4QK8zewLniCWw,euw1,SILVER
NVUTUX6OT49-m5K7QtkSKBj21BQVZWp6QOmGpqFTBvCE-328bRfc_L6X9GpG62lEk6uOmJNmlSDlcA,euw1,SILVER
abZmxrb_Fqbo6PZHlTb2qmWzs5MsnBZaiumMXhvvWotTDOfAohvzL3tazZIwFd1Z7g1wGvY-07FDIg,euw1,SILVER
d0BE9qanEKl2WGkaANUbnEo9kBJ5OhEXcj2v9dDSQLnoBI-5vK5XgfuZd3O9mYeb604Ld0Id5Ow5SQ,euw1,SILVER
gPSFPigvwdvQCiq2U5762dn56o6Q89sGOCa5FmMAJQBhm5tB1kRCk0L5TwVzmO2gQgjzBMKz1B8_Qw,euw1,SILVER
bqcWMi5-nOijySK6fkiJ1Nq_OooX_6TepUzbNQaQbEHBRlj19T7DU_AoWl0s9J7G1O-53lO9hnIIKw,euw1,SILVER
UrNVuFe6MS48w78yk9fOKr-fhIKocvr5e_0GRrz9ujC8Lf9qYhl8rmq0UAYp5k9zyiMfa81Fw10I-w,euw1,SILVER
BwPRlLV2DhFNzSd61xLa7yuPGB2ojREb_SHtb57d3qF83DDA8qcZy8et5pUDpUUAc2_3afLzFSx1mg,euw1,SILVER
o5cY5vFMBiD_Y8B97Fk5-f2p5u-IbWoV29q5knuqqyFiMjdLp115bfmkJVJF3EjYs-4xUo8VenSZXQ,euw1,SILVER
MLplldua8t7fHlYkKUVAWhyRS4QVNxsw5ik_IQmD-9tbAsGw8J74nhnZDVMZn9j3pBeLf27JjOpXOg,euw1,SILVER
V4ugb8YQw5nFDscrqOii1GGxAgCD9LfE7yv6oSIDqSkXISqBp_u13Fl4UeR8bRcI26fpae9oYxr9iw,euw1,SILVER
qMEg6dcEJrgS-SBIpLrpOPLFy--vjByKkUgABlrH10ysXaWfm_XvmzMdKAt9XcwajQ0CRgv3Rx7j3A,euw1,SILVER
wxEwatJGWDDdQGegWeEvp35kDMBO5bWYTtBj1lDtmUqcwM4F54UW-1mgA5U_xR-oVlA09gFTr6wVKw,euw1,SILVER
PR_nYSMt2ysfMPl6qRsciFXdU_-ssRQtgMeT0hwEqJUxDIr2KQk7uaNtGtzrmjS-OVYwXEPTxRCrQQ,euw1,SILVER
gQ2-GdSNDkUPzn0irt7zPYmINumI6OgnN9vXGsWHMbMd13IbO7hQ0TrbEepaJueAlxDA0hl_dEbb-Q,euw1,SILVER
a1p_CIrUWQ_i67hwfpM2tR_yG3b2y3eGhNJJweAG9jBX1VXmVxKjC7mDhK7083Nm7c3VPYuJ8NPYbw,euw1,SILVER
jLi5NMfPy1E2e5wxDduyR6OdY8FBwrpUyBxigRx64MsjNOWffVoLW13ZQCJA3jj35PSPF5-dMl7Lgg,euw1,SILVER
99tMZARn7ey1v4DVp7cWzvWq7l84U625CwDzE8bmr4b4Qw9OGqX7M1KzX88pGhTCJof_xyMcaFwUwQ,euw1,SILVER
d9M3dVTZiE9U9-klwD8W36rR9T7faBoCu_TiSVB3GD71cWEViCpwR_myvT-GwMF2bUVIGRQBCIT68w,euw1,SILVER
4BZPP_RvcXQz0UJaZqFKmVLdRbXuODk39Q6dgqtFcj_Jqa34gKa9-jj8Z2RlEv8bEAoqVGmxu7wlPg,euw1,SILVER
LK1yjFGjdtCKaai8coibHm_-SdNzVCSJ1OeTijD-oI6Gb6YWuYpfqLgZ0I4Ui-h3MAF1hthVblk45w,euw1,SILVER
eoCz3vmE-1cdMo4qo8H4yZ7xtui93cO6LHNstcWw5BZ0Y768i8hNhhNVYCLlE1u4VZSY0YoyYcYCmw,euw1,SILVER
a-Hbk21oIvRBiapjLpb1O-bLFhRI3_xO1DbpUpOU_g7yOu0dVoP4ogF_LdnkVGQDUXDSLbVRzUNthA,euw1,SILVER
Qxz-h0OEWlp8KmGTMc7miwAFu4MakLMDzfp31EvQ9rRwKiiBbrwtKpKoe92WI1cMoyu_g1owz720eQ,euw1,SILVER
PrWY_IxvrVwFl35IIxPj9gZnjPFoVbpSu9vjWYrO1UN8Sp3qB_BEjJTSJNx5MIi5wh5LPgKuPRWBAQ,euw1,SILVER
wGs0YA5G_tHU8sjV11jw3mc1gyKahRG4Myr85deEGEZe1lDRUJ-I9rhr2KSS6l8R-wcpfsjgaTo9kw,euw1,SILVER
dYXzYNqQdZSCHf6-Ds0O1TEXz5YfCDPIwoqT44izU6TqigD-0WVBC9rI4I74-Tf5qy9srT_joTK06w,euw1,SILVER
qmuZsU2sxHUKtJD8SiiN9uchlRXnIGHFWE-1XIz6T975nFQzgqAHUyvzRmRReYDGPMztFT-FnvPjkA,euw1,SILVER
2nCO5UCA4gMqwAYsPIxmpB4UXkYzRCxQ0VI9KvED1X5N1G_YlBpG3gty0-j3HjLVqIJ1Bus1MsHgYg,euw1,SILVER
oMfwpunG0NL7rqopid3ZSxm4Znf-a_XtU_IQiST0TA8PZ3Z_qKl2TzGabSc4jVcLkKb7OYS5K80dfQ,euw1,SILVER
LHJD8SZAGOah5Pe7RjFAwv8uxL3t1N5rQCXwNjaKiQCXix53gMemdoC2Ndf-18c3cHMKX7LOnZKrJg,euw1,SILVER
gjDxbXq06HNdtzquNcjWBykdZrcvs-GtUq7ZWPcaI-qiOBenTwRtK8XZCw0Pw3ifVvIeOUb9cHZW8g,euw1,SILVER
Bn7_zbUrAFrLZA-O9V99C40iafBaAvpaSsVezjnvNSAgmvAF-VUT9HWGhtj71KoT8D9_amgF1d-xjw,euw1,SILVER
QXLKDH53q4g9pLnU1BAJ9J2kGGOxLBacDcfGpRmErXBEUtn5CUyzpb19AkfGAwY1uDxiQPznp1Wd0g,euw1,SILVER
hkCb9bm1O6fJveRnd56Wk8UNLRsRiVlSziPIWYen-0esIRBwgfnXRsAJ1FIBQgk7N2MrXqvG0gTanw,euw1,SILVER
xfGO9dWcTMCGpCynhy80CPyXmhxRmtLMOysq8UznPrzrr-uI69oV6n-PErfDkeUYYz8ZBEBlASNcMA,euw1,SILVER
GNg6M5hMOP5NuG4j2dhvv_eyXuBlBu7qoajFEREmIDrMJsEeUhTQgUk9j4dP7hN9YwhkWGKPcs_ZNw,euw1,SILVER
88nddasAZW6w-_tv3UYUvRJiY1f211T4bNznl1y5qskgt6ymb5FQfRAMtIDbRzfnGyYZafGPNtIweA,euw1,SILVER
8kmL0pFswDTyWkYZHo3CgCRVPirYQw4M1JM37hKG5up6ieIpAG78pYWkkOp0WDeig7yTALElg7nzwg,euw1,SILVER
u1PhK5rRWkdW5ldYJ_-xrwW2QhZwiQQKQHx9RNxf22MDk0FTi5YWGXGvgAzzVVP16zEDsTbqAICwZg,euw1,SILVER
hMh5y9DMseooJ0etrZAKhXcQluCXk9mSiscLPx_eSff0WQ7vKsPDv_jSK9lvj8qFAT62HhjXY7YAaw,euw1,SILVER
BQBMEgFYq7ezlksxBnJpK_ITS1fyJimZh35LwAZl435JzwxN39scYSJ6O_k0VT1S4VzQ5WTj4HTh9Q,euw1,SILVER
hmdpf4Xn36NcLgBby35_Nfq9eSsJxP9CJhU-otESAsI_-BJFhnVfdewStO6-EH1H5_-cT8G3QMgmMg,euw1,SILVER
Ls7p7svWfgYL4YoNf_fz0fYJbEZS6a62itUZvZW9SGDZTpiDic_OvV45uhKN3UraM87_LfJhzrIIEg,euw1,SILVER
eKqYafsTKgAU5v382sT5CE5ROokilUDOLMIesij62pMwrizKL9t_9AzUJDI7lfAMmfoNIkNW_dkA4Q,euw1,SILVER
ZYroXQv-F6zL5XsJji3bg5-cOd2_AlkNZQ8qDl5Dgf_UZtqBnXq8fDzkMrcg4tLqptBDqNFFp6v8Mw,euw1,SILVER
Rbw1EAaOmrM4PuTntNRap-_YIcH0iVCoxTHTP4p097yj6TryfEKaPX2hRJ9vyPnufWBa7caEBC_ShA,euw1,SILVER
Jy2cymy7Rw2-t1RjKf2wIJpeC9CKs5lXM6bA_N1FvJB2aYd5NqMptvOuzvjGs9U0DFG7XAsxB8l6aw,euw1,SILVER
2XeWsQFNSNdrd0hnhjcN-H7VP4UqalkbN8cIQzOlrGZVqWUf9vZaVHrcLxMtv4soS8qM-eopfR6MJQ,euw1,SILVER
5Frqy1EuKHpj0Q5B5jhHsUVxqHvhbs1tI-qKTVgHY8Mp8YxGZ7BtON509VzHVFo1ylSv1gxa2l7yTg,euw1,SILVER
LpLCIx_7WHmNhjtlrJhR-AzquGKnoTDcxEo41-o2qhpWSNLYdB9BXnfUHd111OdHQGDf1gh2CaD4tw,euw1,SILVER
Q1HShpvcKPKd850OaatvVa8JU3kwvcy8Q-PzqtHJap-JhEKPxkozITdTCK0ZUnHo1Kr_gAPsamhsAA,euw1,SILVER
Gt2ihappAVWwZNsFPfeJBzbOTSBNQTsrfjLL06xOMaEofHP9zrQQwyhu7ciIfmtaDG9aUIys1ztZdA,euw1,SILVER
RANWBzUAv7E-9YPo4mEpunysXX12wM3nVeAG4yHPulq9n2TIZH3CpQRsrx2ygKu1OzDraCTFDqNGIQ,euw1,SILVER
QVhA8TJtITG2RBcufQATpgE_7qtxuBKktdWCVOaFWDRsoiPDmTKbdis_VtI-KRU6AMJGoXDz2neN_w,euw1,SILVER
wUaPndoif-mOO_T2b9ectN0xi1bToQy8BDeB6y-t6rFg_MVxJNt2YZFLwP44OF24tMnMcnRy4yzF_Q,euw1,SILVER
Xf4zqOocZes8NcPoenWbLdSzWzZ1IcmgAtg04uYTOTa7gpqsBXA5M1gOsYpLlXvbR-A9cDmlnHY1Ow,euw1,SILVER
LeNxPMUsXGUYXAt0g9H2lXFh62D0ejL_zFcvtKZD5MsdauxM_JhUim6cURYLKuqa3mLKqQpkWZjnHg,euw1,SILVER
T7OYCTQz309IrgbaYR2qKwwGU38d2WzgBoXk9pYu9QU00EvZYA_p5VkVd3dxMRJSq7pKMBe2CzKFrA,euw1,SILVER
6ZOE7t7q9v7_Jp_nbmobmH1NPvXMdlcsb-WCNBtSUE-pN_jEkGV77ni8N-OkW9XKrfLPLXcF-nwMlw,euw1,SILVER
wUy4717U4ouQ3AaDpyu7gGQGD3SFdRYPSn8iczAu0Bji_NunqaZAQUsZmjCshRyD1q6TWGSAClOrZA,euw1,SILVER
zBkgq8D6gIIHM4uSdo-9rOJNESky-JzOSVkwdrEXimeYLRM_VQoDPj7NRBIeRCbHR_VOrWKjOCycuw,euw1,SILVER
STEgaEL8oeW4CyTKJtiusMXdvTYAD8iS6WWx7bUya-1d2G2_9QOoyTNFyj0ws7fejg9Iq5PKSLp23A,euw1,SILVER
kTZXn3GPTt7HbnnT_JESmfwjXkkc2ONlMD2FW1VUZkZ-_NA9Pqo9xCD5cw347V73fHQPCxTjfpYJvQ,euw1,SILVER
DRwFwot90u5L3pMGAnx6bPt3ceuC_q9Mhue2sZML9okjnaZHhCC04s53k2KR4gXxqJ35-vmzArKUUg,euw1,SILVER
9b7iEoQZea2o0aEWQVsy6-6NZW_mzzoShtJIuMe7X9JsQJwlT1ZnoxMP6niF_tcwjLy4RwnuEUkr5g,euw1,SILVER
OiN97ht7btfKF7ixLRRp3ekLYnbY-7D2RhdV9B2rf89txw_QIledUtdLvvFQShO7NQODT23XogC04w,euw1,SILVER
HiT_kTj7xR7tcseu6yBn2DnHQIUnnWBSmMiRGBEjNpDVLC6qYXFfo5nFRr29b-qASP60JYDOUYD9Vg,euw1,SILVER
rVUGnsgajjwhQwtEZYomFtdtikzXEjqsv5jJiE5eJ-zeExi3hJ4vKJ_zsxEHpmp4zWGP_PUuuduqvQ,euw1,SILVER
D60_z8SuK9Hfcg2q4b5bA0EMoLdiydYrJwGvDcBezJwhy2gbxMPfSxLatv5LXtzn5kc90LYI0sMZNg,euw1,SILVER
dkAVuQwRj9r9cvMFD1aGeFYEFetBxlwUKAiNkz_co6HlziykAUIgTx4OHotFwwf-0JGg6L2RAJD4Jg,euw1,SILVER
J6tOI8O7RzJn0RWcGnJOG8nyF2ABzDPMwUwZsn_Gyp6aWAGEVFkG2MocWZRyyM0MbhspKfAZjXqtKg,euw1,SILVER
2PgI-raQoMPQVUYqtdJiTCu3btk0s1rzoBNCTCPddcVR3o_Qes3nLd7GxjY1W8kdldBjLtdTNOZusg,euw1,SILVER
cXw4YeLzHhFlPacgnB1AS868wNdcs4UTSq-uBiy5ijjOcqncjiST7yNKcZ0NEqy3R7k9IDwhn0mfSg,euw1,SILVER
Wxl-ow2kW9hpAPoyOtapMsjKdA18ox_NXUgid0cq1MSqYgDyS6rXFKbD2uz2zyIhUCpZjxsmJ69nTw,euw1,SILVER
xMm0rii-d689KCxgQMRcDuNvd4kJKuUGRrRp7BeQZObZ_tjIB05s2z0DKTK9l411a5WdSq_ihGJzZQ,euw1,SILVER
REj3zw6HlUpNfeHm0tdSENr8Pm9f02OG5LogSzwbX5XEW0icsBt6a3BtCBxkxwa7fRZ20ukFk7iGtg,euw1,SILVER
DwwLTcFrGRr3DTOLOphrs2Ai0-BaicCkp6IhI0Zu4E4PgGxjCczzNYXacEhINvWVkjh6y3LTCsFUQg,euw1,SILVER
mDqRMqOawqj5xFsfhm7Je1xS6NCCFTWZvksrmW36CW3zGCk0o6G2R686nxS53cBDcetGljNiBv7Rhw,euw1,SILVER
hTmhvKb_0EkRrckO2GbkUTcoviykC6gqKmAkIs36Boa9t3p5dTk2TXlfjcuEih8saeEJxlscWI1u9A,euw1,SILVER
AcoXSRekqs7PfgoSw3QO0JG04L1_LPqEe9AUHeotBfzr7_ZaXgmWho9F90-MoB5bhkm-twkbK8TaFQ,euw1,SILVER
R6euBpXB4E0zaiLwfMwv4j4IDEgKWuzcMZXkSERe5eY7HtHkjoYggydjBZPwgCjJ6yi7EG7kUlERhg,euw1,SILVER
Tmt55pb-a7f5LBjht8FJmthY49tLvxmHdocaZ4i5UaBodbu06lu2Y_Cc0KqzuA7m4KS7pDl_6s7bYA,euw1,SILVER
pGj--oYXnCaIC473ubicJJjA2PsVSlWZE0ENfys1to1o0q5RbC90jQqCHdJr2PDSzj-Pd7hbLBdh8g,euw1,SILVER
9VOLJa5883ZzWpbF_p9vd2tv_d7Pk0aoFrF8Y5fSQBZuAgM4kSR5LeI6knxk56RlEk83q1dakyxQnw,euw1,SILVER
rGIITDEi0HiS3xA3KUh1hN_BVqMs2d2LG5WSeJtNmOhDC4LHXBXFs2w8VutsnhE0fySogRa-2qKGFg,euw1,SILVER
c9sXbMqTh7XNBJScdYi7mvu9jIljs7LIP6krv08fYwOEzH5MFHPDlky8FejZ3ebpe-Is7BimRDSgfA,euw1,SILVER
HR4xemzPugCrbAhGPC-O-8jSqzFd3zI_3OGmmYQdVSVAbob2yvcRTBAVfyVyaZyne_EX_YsTbnLeyQ,euw1,SILVER
Qo8Vfk0nAML7I8-HaKOf8CwdIa2ZHZhVCVL2pMtFmdnpX83baFOcAO4pC7S7GZp6FEJap-vWv3TdnA,euw1,SILVER
4D78WieMt1JJyaE6xvBm8ysayeh1wACsr9nDAc61n-1dRi6fzQ5uIj3Qosr5iekdkmBorR7TJSG3Ug,euw1,SILVER
BuMwrHZ_AyUD1QxXLZrR9NQQzakwAagUI62I6LYOnmWbOPq-1y0F5awnIST1_AIJfiUb_Q0EfMFPwQ,euw1,SILVER
PVovGx8TRnSl0DgbkxSrxSdVco3g7rn2qF1qifuOSnmlszpMf9-w9FQkb_39PShEGPdPRWVhMnUEpg,euw1,SILVER
1Ql07w-yoj5wm1b50G7yO7kpYpe52mmUH7mqo3_bvHJptLRpwLwP1jHwSDlf4RaLQmMSLtnatLlLTg,euw1,SILVER
ICMqwlQbGOhmeHGiONW0IuX9iO7Xzyx5gkuguCuiilSmzCUFnP2gcjVowPO_ALzRvSHpWpxhuTM0_Q,euw1,SILVER
uaUxXzSIXwl6X6_uhDBaURvtxPCAA8BtDD5grfKJSxqY67LK03fdS7mC1NeKovqV5RYv-PlGYoxVcQ,euw1,SILVER
cs0oxr_L7eEoNeWVHAcju8OzzNq6IM65TmNoBeFXOs1VBqOw-tjY1_YEZJFjSdvHiSaQSLfcXyxvQg,euw1,SILVER
IEARx6P2cpD8stYPanesmic_GObnZnCYUi1O86kJlPGOAva_D9LNNgUD5aI6bZ6_E6pNtdP-3VrwpA,euw1,SILVER
IVsyBHL6QUAj901DE3H0AorPkJfyIj4ZVRPY9cxugSAqW28Y3FBr0efGG-XFty58WaxiYuwqWSmuEg,euw1,SILVER
He9SbNP8u4qbfOzJr1n8AWddlxpa486K6GdzelfuilPwsdQfhjLzuVKOQEeoo-AWsU_oM7OPjLH2IA,euw1,SILVER
cNOMY8sjN71Gqug5KiFd2qBTBL2IfgkEwI6-xDFKVxRE5dOOA9Dkd2pcItqrK_CK48Z7gjj75AAsug,euw1,SILVER
uEfE_67Fm9zR_LTtyYegMsqq3BDrLGGkk0JR4OO1C_JAftLkzXIL5hdGNHh0MI1BCT7bYGuHGPMT4w,euw1,SILVER
KpTIt-CgmH8FLjjMs_CjB07GBHyQT8e9i7yeGvQs3JZw728Mubf7mNtNRCZfbEksM2GMQ04cD77ZAw,euw1,SILVER
BJZyFFzNBwRj7RlytBg_MKXZvSp09A8GnSCgOth693RFsnVPt0fGlIm56gvuTlQRN_4FHiRDKOHGoQ,euw1,SILVER
ql3yTxCSRlyv2LypriSVPRGN6ZwYo_S02ptEOLAB7YjbPYtg6X1Rrt6IRd2Duei_XdnsahBUBLQTJg,euw1,SILVER
8lccJtbgF9n7q38nZRXHnw0YremGtXIWnFjPDhKNQVKvxU5aArkuaIPnLkf_ZUpa1zPDbE6OxVsiiQ,euw1,SILVER
XikaoDyo2HoweayKxbWBV7zp7VHKtjNKg8--LjXXfWsc7Dy738Sz20K_so0-vV0wDkHuyeyKAoyu4Q,euw1,SILVER
e4EwUWaz025Q-nqb0dpEDQjQ3OQrgP08aZIVq6pP7edJjJCjka3zf2OoRZPTcUENQl2wr9QYf5NCOg,euw1,SILVER
ofCPJWLiFQTYv1jy9fBuTF2Y-BTZjrfcSEvNYwI9uLaFGLutOlHBt6S-DQKNrvdFBHTtCA5D5xjZgw,euw1,SILVER
AeBb224jVsrK2giNMa5kMBB6N_qD6XyPoCffx9M7Xf6bJXBAl2xS5ewiDhv7NJnZMqFqmlRIes0b-g,euw1,SILVER
DTtP3CBx3QMNbuYBRlArpcHPpQVb_ghYKU3GsY95ez9_qpFCALxCpZO3GeoovCzq5fWngnOqOw8Cdg,euw1,SILVER
O0Q5U1vD4zZX3EE-Yc08PVj7PxHsGsxz384mz3pY541Tl3CguQzJTWXjuJpms170MdZ6GbipF79luw,euw1,SILVER
2iW2_2WnplhFxhwcGdFerFFizF-Ht7NWfsmBWI_LXhfPWeeB_QuAQS-6rOEYla6axGbNc1A61PPqKA,euw1,SILVER
oGOV7DdWuqCKa7a57SffxrCG6c68AlSCximiaKXAjJKm5b4jkjKDbMjiaF8a84s_3r6ET4aDDpwR3Q,euw1,SILVER
c8A87iSYSdJ3QJIL-OtyuU4dHiIl08E1IeJDKpUGqRjVggwcO15JGVQkBA5YzYGQN3eDgMo027Fxnw,euw1,SILVER
hORzsdSRckA4HbCOyAwDBRhEYIy0FeIZb9V6w1k2U7s5_kRClcw2QqyxXuZ3yllXSZ8Q40GvUVSYRw,euw1,SILVER
qrJ7QImJb9ibikpliaxEh_DAjLlaa2YB2rVTlii_-Un7Q9LFNa3PTB8G1rUtmdZLS8JEyrCis6WkWg,euw1,SILVER
4QRkM3g0Vw1zn-K6L979Z-G1_Mp_Y3m7e6y1s9B15TxjDWAh9vf0DPeDLbHZwMVIre_oOm0JfjNM8w,euw1,SILVER
RDqsUXWIynQ-m0zf8W_SChhlAaV0uRHjRj3IEx5uPixhtbDuwv2Wjo-Vj8Z-NHQNI_JgsP08RFV_1w,euw1,SILVER
cYlD6zh55meLM7njADcVaPPXW0e39LLpfyUjyMvX1WqSwhtXbg6FoFSISw9-yQXhtkZWisRZcT1ivw,euw1,SILVER
v3EbAix0mQuoM-8eyGfOQd_VxDHTNf-4zRPPMHqY4z82q0Bctk6_D8qn3_sI7ZDB8CLEES5u-Vygjw,euw1,SILVER
UGiJAinZbYHYmnWF-ieXWi2mhHNCJj7eQ0x4s1BSlMqzpDBtHHlcgCPPSe9Vhbm8tRGWu0gOPapEhA,euw1,SILVER
RuvmMHP9HZS57jTyQ-wKoNiLR8KJJD6oWP75VxkExAxngL0T5PxaSjtiTjCCRCKO9PxNUshM0kP09A,euw1,SILVER
Sw-yJo_fUjZMuVfyQmKDQkVIaE4OzZUt63xm0-KGwqe00ZOhSur2Oh3rnYV_jJIA2CE_zuSIaUdGQg,euw1,SILVER
XsE6T9JErAFCpNtm12Ur6Sg__61TxYhLtO4gJ9N-ktj0iYvZBgpZaRQ-bysMdqPPUZfdN0a1423low,euw1,SILVER
Min7qsU6t16547YpIUft0uigadNjjnlSVz-2VHjQj8QJdxOu-PXe7qy9PE12PjgvwqYtMMOnJ7dA9Q,euw1,SILVER
An6IxZibLZLnObHNeg5hvh8vjGgDdi5X2wqlK5y4rWIPVQpGH7eQ50mvGABek4Aqp60bx9ScIgtqYw,euw1,SILVER
wLLYHUtwQTN1jjpDnvIoGbLQ_FbA9C1VIOmN-k1yN_iG4uZCrdGbxJq9j92ouXlCQOzFTaubu8dpug,euw1,SILVER
S_kk80zbSbOnRW4P5T0_EvzgGzbOgIh8qAGlcEyvTrhMy8XQw2q_oRcYPQ9QwrekMRpOYJ0AZwzqUA,euw1,SILVER
q70Ou7uAGG0DIV_t60-UF4ygsW8bbHCm76UoiWu_YqbTaWY_fJn-6URihNOT5Z0vK3LU-Epu0agK6A,euw1,SILVER
naxSPyT7xxZDHay8f03Q5oJFMLMVBywjBXzK10EBkn1SKgtPudP9bRguGZMWZAVzWaYxB_5xJTSaVA,euw1,SILVER
EBLXiednUXQOpSQEyFA_NB5nQrSr0EwMBpI4IXCTVK8edZ584jbSDe78S-gyUJArUD8EdNjA-NDvyw,euw1,SILVER
Qc32UJ-B4Uqs_4fPuin7NaT5K2dCG6tWvBDH5LOJltPVidLYVc_hFjxxI5UfOCNRvYrELktOgWCh8Q,euw1,SILVER
p3i06p3CXe_vxliAtSt-H_ySXxXe2_gBR2SxBFihYETThJMl4oJZs0Z9VRPSo4HTBaUmMHpU5W1xOw,euw1,SILVER
J5I-dOWuBK39UASg38JvaCA2nRO_9BSy3GJn0co5avJaRMbruQ7TsQgXz9YhblHaqIG7alJyAEADlQ,euw1,SILVER
xCZgPlkesHP_XTBYWPHYmAwnstzu5AxjteR-lNjOjNDkobJ1nhUkvyrOP3CbUPubCicV6Ftme0GAow,euw1,SILVER
GMx7JzteerITejGdtkj8uZjI11vJmVfC8st7zny1fUgk8t4DYQ9iy4K_6HTnL60CuNtf8TPO1S_DxA,euw1,SILVER
JNZ-jEPXAYY3HGsyDxRdC_h8NBO-EK8pKLtFct-o_aRQrphGO5PgiZAnRy3JaWjFZGSKod86IXL3TQ,euw1,SILVER
D_Rm1g2xGpGwro0TfKWeoNpgSg3lfMFUkEM3Mi1lIrYKRH0gK_xrLljUeAWjxCN4eAN5g-AoJ9LmBg,euw1,SILVER
XqIsx76mAm-mQElKakRHJRFr5TDVfDxz66TMqOeyKwfq-VXPfWBr_oArCE5x9x_Ib6Gd-vMXP0lPZQ,euw1,SILVER
6hWF5UqKwVdQ55G539KCnDZ92llAz1Cjw6wtoZg9a0iznOT-whC740ObVJuwTU9_1TmUwjpWdHqKRw,euw1,SILVER
TmObUKfkiI1zNG8tiRUDAuy1XkvvCMdxxEW29g53Evctn0BJAGO6VoDONOp0V--3KLDcJmo3vrv3xw,euw1,SILVER
7I690fRKZ0_B9aIIYCYp_vnNcJKYlYgl-xZUBEKjyduPKhaPQ3f9ARhuCGDFgkBjTB7HatIPO1O3pQ,euw1,SILVER
_FZsZ2TPo8NmFqZd6JzwP1GqJ6eMEbpgV_IdZHBTKHW9iI2kj9gp1Oh5CN5vd8I46rxvoOTT6AgHFA,euw1,SILVER
6Qu0AlTDYdXNTG-ynzMG7PcQIBlkTpHd8Wvi1a4tYTACEq43PY4Hy1VkvfDQ21h8bW9-PWLOBAXutQ,euw1,SILVER
THAcAewYqBu8SggLZRk3hYkQ-wTqJGL0N93-GaGgX1GfW3JHklAvQUpHqA_ZhVaDzqWG8MoD-90dhw,euw1,SILVER
SOP8YY96NDbpmeTlREkAzJsGiq5L94lGJF4VdGsJTF-sHg2JXuAL5ul4ao6U3x8Pyg0QgvaXhbgEeA,euw1,SILVER
Aa05_1Rh9F5Cy0f88bN_DfuXfHCUzyMUr18w6sySrGICsWx1ZxkF0BY9Xj7B5-RmVsMmbE9B_3xmdw,euw1,SILVER
4Md6OEuKSH-PmIbins6xiL8bpVpqjlpYQexMR4DkF83p0U_4CbKxqjjTRjU8ukBrdo5LzlIvoQ0kpA,euw1,SILVER
cSHOe0ua1sOyP2o1oVsYxc6PV6b3Cyk9B15HiJuHJSscr8EJQ9GWyjtkPhnIHYruvGKbH2lnaZveeQ,euw1,SILVER
kk-DQwjQzOcPj9Y7AplBOICjdzyeSNQpy9vbBUAKTJHZ7Fhm7Cif1hG4jmF1C5QWxmfG-QulYXBe8w,euw1,SILVER
J35qEVzUneMRoJoA2OFMy4Hm2-Z031rVpolmQv6EGSO5AbZuWopM51-bNJ1tPEHG__JydcoDRTSvvA,euw1,SILVER
AuewwQMIgDuzDZ1nXHfSGozVlSVN6oosp8opXU33rZWfMwIeNn30i1xkiGLx7G0mWbdd-r4grBnUsg,euw1,SILVER
hkuy6WwYdby8E3q0hwsMtqMYLGB9f-ZqsHQ2RE_01ERWyjlCON14XrCo3X5mPWYGQtECQ4MRhj3Pgw,euw1,SILVER
qxJNHx-O9eOokYF2vBLARjjNyqQyjcalolGOsQuOeujRyiyBXcM-7zNsf3_qgC8BlMcZHpQys_0k8A,euw1,SILVER
DN961LFz3jO4pfnUeHUSUgapwpnLuctyZ_lTDi4twNvSmISOvArGZz_4LfFlaTV8fiJBlb5pryM9tQ,euw1,SILVER
qeWpoJVxuVJTiKB0qAIHcufUqcr9TKhnpYBWHpuMqm7gqZpNERP1pCuwDvscHMYY-UDxGKbov6Xd-w,euw1,SILVER
m_O2MYGYGPsirtkJ2nRaD0g42AFZPxm4HkrDCN4YB7olKWYavKy1_Isp0NVlk-6ATFtRreu1TBnztg,euw1,SILVER
YU5YdedarR617ffwf6q0luJXuLMyIgp8BSzPJiZGG2DSj8JKP6h0377wz81OxxWy2OyULhn5s6MpBA,euw1,SILVER
mt2b9yhsU6h-RO5eR1u1MtyV0V26w5HH8n0TZOfq32j9yY5lG-UUZOFvRD62pMT87c-713Y9dHd3Lg,euw1,SILVER
N7tGlKG3Egq9gZJwx1Kcy853ry0wJdi_7M8hfDCUiEQS4EAhZDYTFvENqsxnqpMUwNcpSmsuD_wdzQ,euw1,SILVER
FZIUbJk6qPW1bLiibJsf-B18J4IRJcKVyc3OmSQ9OkHurWRdprFErUMOzVvQjyOHQpqSggb1Tkxg7A,euw1,SILVER
Ox7JATTf9DNLxhBRLXoeg_T_QZI4dv32fv-MD7UMdpUdwJQZKWNEfVD0nSAsXeGv-29efwZRtUBp8Q,euw1,SILVER
h3hSX7xwBKJiQgvULYDmdiEFD2P5MXrzqlKd_D0tgcuWFixnSmBxQtxmuWZ8E7FeH-ndB2eqfkHv5w,euw1,SILVER
OqZ0XIkgjDdajSWKExmvBpKb5gPAznT4eMFSJn9U3sc3OwNTC8yHdJ6XSQ_dCv3QR7kxO45XvN3oeg,euw1,SILVER
-VHwvPUASLcEhNxascEgwrD4lAsRo5xDfKRKV4ALGYqri_nhlzx4cCUEiuQnPycNWJq9dz60fKPl-w,euw1,SILVER
AIeqII4X1Yo5PiVMJ6h5U_v1auw2syhel-HjhRTiTEEGI3RXbvuKHssSowYLcuzZM0JjG5PULhHwnQ,euw1,SILVER
1DWH5Onr46ZeI_wgqCx_d_-eYF6UlLRlb2vZdeb-GxgXQE3lkIRFmNe4Qx52PcrgZFrlMGe0eH2b2Q,euw1,SILVER
kHOnKtozo-W-v0a27HKwyGdQQwpF304eKk_C54Os6GI6-d0_LfCPLrWEuRTpAIMUDQG0TuvttXk9gQ,euw1,SILVER
aEMIGMqx_Jm18YrnMsoMj5qDFzwC0oVaPN9QaGrx03nkWsPyKWEL6R06qN4f2F0sGgUDi1jbE71avw,euw1,SILVER
tRW1fX7opl2tXSB1aEcI-LuKG3Ms3tWui2cfYJgA6fX9-EMDr6AMw-xGaYocpzd-Lcof6PhyAaYvfg,euw1,SILVER
XkQVinxnLpzHc_ekSZzMRrBEOEy6i3ppy11eHRP6FmkyYWz0CezVNi7BjAsScer6Zo2Oub9wvQxqJw,euw1,SILVER
QvPg7PdLNWL33UUXZuhuzuy3O5g8inzM96MZTDeK6_gha_MHlbnnPWJLou9HCU_E7w9n09_YAw_sbQ,euw1,SILVER
4TVx-3pyKhoAAlwYvhRQpwv0MKSHU3_nrmsaIUtm-ZbELh4gVr2JoOoApdZArXtJG86cySWHoju26Q,euw1,SILVER
t_T_l4zG3_JswHEzW01klcP9jvQkBJ4TAi7fHc4ejKf3k_iCDpl8o5LAoEMg9bcrtXrw0ONpXKNozg,euw1,SILVER
iTLBtqdSPr0ZB2kDwV3NsZloDpNAy3U-YT9p-RKapim6BXKvI1UDqS9UnegWx7IY89aNP7mKNNxbTQ,euw1,SILVER
BE3jsX2guzVLZJxAE_ntIXDLg2yfUn2r4-r-rJfMl39q082AHRT6Ck3ibkmIxNbUGBHfn6-c0Kz-JQ,euw1,SILVER
qQCxmF0c-g5_gzwOYJpDO5nMH_evKV6Ls2ZrsnlQhF8LOk5io6SCBn8nb77-h9Ev1TrxLSPv-QwPwA,euw1,SILVER
qVb_5-KpZYPAc6dV48-VhA11xtQZ7dzOjIsS4qNP_ugXg5Hg9p8PAwr2TOdXebbzJDmMyiRPNZb7AA,euw1,SILVER
PmA11DRnctgJ8U8BSR4meuoVgw5_23IoTrdAJFUdM75biAHkJI-VYh6BWXw3PS7bPkVIA2te7HyWZg,euw1,SILVER
0UJ87_e9K_lA_eqUnT_CdWIPKdvAxGuzluXdg799riSX5yzt3RXwT1BK-Gl1vkfuGJNrANRVv1R78A,euw1,SILVER
eNmMf1_NzLfXQLAXa1QhseCfw34klyiPuhTfNXxoHOwP8W-GxhFdEGcc448boO_vjB_UrOdhpsNaIQ,euw1,SILVER
MaoovNqx2OVqm4QlqNB_paDvMpSBcGlhDyExqvbPTzJNk9NUURi5VeQiJKKDhAkFw5iSXqs1XlL12g,euw1,SILVER
W_0aZ5oahWK7z7zTS1wWNG49XOte_NM1hBbGfcSg6Y971pBuGUjGS4USuNoP_v9YhlrAw6ULLhzgJg,euw1,SILVER
4eJ2-PBENqydk4c5W5Ffti8zCDv8ZVNjP9Xe-9oIYI71VBgBKzjcRNP24OEQJHJaNxBNagPrsImrPg,euw1,SILVER
1EFZ_peEqRcPdWRRHCZM9yeA9vzuIxpWAd_bgwrJ3sCgzjw2HBKG3PknaMbcuVPLnMdJWhhsAWLMPg,euw1,SILVER
OVYge6B-eUecH8a-HAcBkQDcLQy8ejVWcoeK2b8vd4vMa2Iyf5vRqu4YuTaaQDjqf6edn3Rq1KPelA,euw1,SILVER
eub7rkrdFcDJmXeU-ej8jWKeS2DEjxEZMRmo3bJYUoukTWkQYf2xUQuvT5QyydHtwxDDPROi396Pew,euw1,SILVER
9xhQQOwbNi3_RO39sfVND0Hhk8eZ-3PMfDTn0gJSaHmScWLcmnCzzdY16vBCgwBXUm5SbjZFiiShnA,euw1,SILVER
0cext2h4_wKR4N4FKZ4ena61lo1LKomwGNVV9WzaaFCFmCUvj9zJWk7skOZUwRyHhovBuf1cE9Qpqw,euw1,SILVER
IOjb6HySwmL4BsHaE1S9eT1KAU1pZ_tGOhIgQeI5ucVUNO_ir_ToSNs13PDlAiJDQOw3Bdb2Uv7Fwg,euw1,SILVER
xUFOvti-f70BL2aWwcytiG_rNJXMcen8xkqgkT8z32uxOObuBwQgXSr5EGkmNbEXx0jOpET5h1nFBA,euw1,SILVER
7bZuSh9ABuVxKL0iVGn0wLEcibO1hqxjoOQgZJH3vDteZEoHg4Su6oqmSKD1fsLXsmLDVukcrwsNzQ,euw1,SILVER
5ip8Fg1OJN6nEvB8UWP8lDtcIKhnX_GKjxnN7SvZkY0tdINWz27vCelYWJfsZH--N8hxQHgI6bSLlA,euw1,SILVER
KdFEPKEBXngUpvtW8Y2uxOzcWNugJotd9cc8qleSRgIYcJ_xu_zKo_OEsFCgdI4NyUWD8Jh7eKf4WQ,euw1,SILVER
ExvkN3WpGE2KyAaHfSVvwQooCmE1zmhWwcYGHpzLBA4PgplcVR2HgfumfsTMdf5zD7VYT3P-nYpgWw,euw1,SILVER
0wspsprhgAAIKoYNX1VWG3zBY2afnfpfNOZF0XSzmj4nRT1gxvjYCWOU_0TZApbl8ZzjcLDun2n6eQ,euw1,SILVER
4YD7LNM64nblPnaoOmqYO2GdbbvEi2nWcauASNBbmNLwALIksCKqck0pMXOHzT3BzxwOKeolGLX0Ig,euw1,SILVER
uFXNWvjJ66iuhfkvCL6XluTWqiNmag1vkcAkxfcS8dWs25UcT5ojwm0-rGtSwL8M7DQy6XWVjjHXgQ,euw1,SILVER
rmYAzTsc7E6FRkeY2J7L4V9tob0JzeUvDAqT4VXRhHsDNkvu6W5r0Ry_VQC5EQXk5ZwIeEiXMhwVkA,euw1,SILVER
3nvOqw9Jq3gyT-YErQW3o_qi0I4QUrphcSAf4JjfIw37v67x3HWjTuxYnfkG4dRgKqWhvqXITnv-wQ,euw1,SILVER
RjkNZETI8evEou3Q0cGDpLuxGz-WcMqxfRnk5TV2MWuQkK6DgeVg7GaIzwUSvjGMhNkHhEv_8sUnlg,euw1,SILVER
mky6MbGliwbyk3ja9X9tZ5fhPU4zMzEZCYISlSwV2jhC-7KyfGZR_z9VAgkSz_09eNMz3uehOJQVcg,euw1,SILVER
axXCHj6wbGtHyErgLOff5C4QrwybmNVLcaB72Gfrh76Q-RBa0gO2_de0KlUj_vjpxSNDD2zQcUZVTg,euw1,SILVER
vqYtThZv4QQhMeAaiwDEzY0Jk98-LhcEYv3NwrFg-0FQ_Tu4p39ZL60SC3c7bQfvLhkNRINFJ0jl4g,euw1,SILVER
x9uDSmsedT0WvZMw96f3K269H7Q7oOas2LKFrxnSm4f0bDRou4XmVR7odd9JZi8HMdTeQJJkPaLlrg,euw1,SILVER
4jjk_smHUfjYZEyNyFTQQgfnTJJ9LGdKMGnlIU7Y32Rq3HSL_kC71f9-zS0Gs1td01iq4RfKNQ0Y5Q,euw1,SILVER
ABmXQdaoHFxez15PKqWqyQGGzQTDDPWeySjncaXk0FvTumyq4YeHvrv5swNGZtkJ9hYkpcwBrv2HnA,euw1,SILVER
LCS5kwGSuEvcMEo2gRIyu6C3MjGA9mzzFO0DrpeKkm9X8FS1BoxESKaUSRJSqL_YXCfWTK7txnzKMQ,euw1,SILVER
o_1_11JC1bAuK8Kmv-wWCRtvAaLCItHoEMHWdVZ9yS2aW7YL2T4xD14MMa0WIduAglV3BdsJnSyj5g,euw1,SILVER
ql62Fhy-8F4I5XdLakjZYrU6dIvybl2cx_0DiSUw2n5bdCuEtmpYHHKqx_NNCfqSLIFBfqWezNE5Zg,euw1,SILVER
6Lr2-NmYCDwWZTRZXnxNQomnXopqEpU1wbCEDcQwyr2ktyc_MnZ9yayVN225zj-zMrXF0Cjkf_n1eA,euw1,SILVER
c7s6xDyvf14h-odrJD1Ay_LABz4c4aGeV9Th8MYbtLl4nF7eiUTo56QO_lPk2OEOxXQJv3QJdSBhGA,euw1,SILVER
cO5iM0xt7qwK8TILZYHgHT6EstHw1dhVk4BX5RsuT-3uIqmic7J8aQNYst62AIW2MYEo0eMVGUShlA,euw1,SILVER
N-oeqdb1lBvoIvWQMReBzzdnGSCmhaofJpPLBluOKMGz3V61hzCI7xYhJDhRaGwlH5i6QnWEU-3EQQ,euw1,SILVER
KU9B73yNEkDBqUkbkX2lEPAzSPQDsz-_nDBnZV0mwKz8sqr41fjuAKLnXWkrdqnPr6oOS375o1a4Xg,euw1,SILVER
2yaIjxA5m7LeUHxMprMUCZfcylJ-qXGJGOyjgkNdrpSs4EkVZkDsoSL01a5gfnElyoASXBzBu-R1sg,euw1,SILVER
_aIeBF94OqiAXwvx0wEPhoOyAKAFYmNtqWIrPRWGo7x989sQOqmTbWOuwzcF_sIk0RzGUW88AKn17g,euw1,SILVER
St6ddyUBl4-Y9qsXjgeS4tasvC3hoW6i4ahnqCwwn3j9KcgM141fusJgxXGLZgM6M-tM00315bCbPA,euw1,SILVER
dgS4x9p9lmxmM-Q74AL8yGfRf7kzrdh7Sd6-eX03odaOhtBKFhMfGj7lNy-KOqJ3jYoutmu1bEjLbg,euw1,SILVER
6WCR7NN43iWSgBWU8ohtMXwuw12trHE0u54qt4t1jLQrRNF1j5XoAWSJrOh8NWpoSyhYoXW8KmE0-Q,euw1,SILVER
AZfZ8qaT_ml-RMSRuzfLUKagyhtY0uJfExik723b4aqsvMh3t2dQQTKuhhRoCRc4PvgonTiwYnwG4Q,euw1,SILVER
MH7jMze4DOSGeGcHhyd9RwIw8WV9dfxeStYEsexsi45-__w6ijgIxxTx7Z-2jVaTkNiV2-fZsnALVw,euw1,SILVER
UmZLPmAe_ucNOD_H-USWNqr5QIveva_JlYkBmvQSp2y9Qe67iMWaaoSAn0qPs5qTxs5_PxsgNu8DZw,euw1,SILVER
vEuDp-E45IV0JAv3J0d68G6wj7uygdqZ6VmUwXGIr1ofoIilgPZZ9IUDPdESatBTbQ4PD7JVcWZatQ,euw1,SILVER
7SnNtDEW7_B_LXVJJlXrmT8uiH7CWXxghALtrxrctqTjDCC95SVD6rnzGyB7N-c4hMU5EzQqovG9XA,euw1,SILVER
a5f4YRPt0zHT5k2UfHtoamnB8vK20Dj2eadze2-6u3JQOpXklATG0HKgOdLYJAcFJi2-5Eu5GFk7hw,euw1,SILVER
4HkKzmkRpHsJjGb29jGwqVW3KQX09RHd3m4brnErbXW8EMNbNlYggbAGaRBy7odX8FqO5r79waOjIQ,euw1,SILVER
9Y5GTp50m4edVJXMLc0YurpOc3qreaM-DE_iUAK1By_1vdolRCWUoJe-wPqbA6b7f2c06kqOJ0pHCg,euw1,SILVER
0AMBtu1_-9Wv6hr60PQDqppBm0GDKqRSDxoxF4L5ArCZDKyqSiy1sI2dp8JquqIyP_xSgABV0sgomQ,euw1,SILVER
dAdNOw1irCFNiL7fgwesHWLqfX56yvvvgWoKIgEZ4j7PH10B1cMpn6HMp6zOXG2orhJbf-BOIKF3LA,euw1,SILVER
GSSlPdL4phiz9zTIHAnBRYPR9rPzC2xMkAqeaAnEFh2HvzCBSi1mFfyIzDR6UJ-saP-m-IFI6h0NKA,euw1,SILVER
NXi_9Pr6InSyjnoz3kMX67kB6eaXfzRZ00eQOXOl-hcNVQj9X1V_35tMBIzgFjD_rm6qN7qpD6MaRA,euw1,SILVER
kjcQZPnLlPHqn85oAqMl4IGZmR73oQrT3hNHbAqfP1pj4hnjnw5zPT37iGXL7MD0k22UpK6axamwKQ,euw1,SILVER
2GgAp5O8HX4wynnJAXCpqrf0IF7cwNyIEwLRsAi6uRLasukwP_54sVCVmwhpo4NUFTtlBJut00qKzg,euw1,SILVER
nkh7GqaUenm5WPZ9Mg7qBnj4ebf0Xc9ZlmEbimvy3ztDW0Tw_XLZGNUa7-Z18CcFpb8c67T3rfwQkQ,euw1,SILVER
x9ASaTjKb_XfCcd-G86EsFBur5eEd5QhJkZhOOvEAtdHpJpNLu2VDHWCpUuGLgPkJ9EJVPoG1DyYSA,euw1,SILVER
rYzbx191VJ60JfZsivGqmcME7tMAeTE8CwyAGkZq6O1FnpwBUs1NbILiMNAT2EXQlK1tpkZ_sjz0aw,euw1,SILVER
Vjt68fmmJT9ZKgmdhbLvehSYoL9piROzTHHC14yzS3VSAS4DiD4HknEWprN-kEc3M4Ke0-yo9v8Lfg,euw1,SILVER
0It9kJBjajOUr0i8hQ9LKNtM99T2lDKI_S9BlPqwvATnDRE1smlHoHXO5mEMQ_bMrZLePNEGqQaHEA,euw1,SILVER
kLb3_L-AgF_7qXl6bQ41BHJ338K3ArxtXSrWX6w8gIMKMgC-oKS15hr2fz5heLNlX6n2FS1gtl-SLg,euw1,SILVER
ZbXpZXicg-QgU5niqjBFU-_UreLcUP-Y6XTqWnPAgXeA6suLWZjUNaJBwtz64rZ9mwBxaUuCZIwqwQ,euw1,SILVER
G4x74rrEUE3blFJdYmdXUlJlLaul78FYuOpDVl9yOv4OSO4sFRldBjG-jy9y2uu8yy01y4X494qPmQ,euw1,SILVER
F4oSrYu9woutdUezAJvjoLu0gMGKr-_kvPWE1Pxi9Hy6j-emqDWl0MF81Y7-40FPhNkrN7N7Ar3ZMQ,euw1,SILVER
pSiD6RYSjFcMWDXI_LP4f_YusaewnwzNjuDa3HFh10JHc7fU3vG0h_gM9bKdz9uzKK9j9Vv1mrgYXA,euw1,SILVER
bsIwgCdKoG5VoHYj4pHpLYjFXT2KH3ZUonmsEv8xkwPyb1TjsFHjnLB0uC3fzIOhhaRIACVaVGiitQ,euw1,SILVER
W6SParAU1ADDtT0QRoyScl8GLlCAf9e2-LuF0nmY6AADwEpAhcn-8TarR7IBxjzZDcTQM426MFEnoQ,euw1,SILVER
Scsr2pVpu425AJtuXil78dddS2nBTTchLsrFDgaCoKHXl_Wj8WlTUdXq7H5HnkYvhKIx-QWp5fwJvw,euw1,SILVER
Pf11yKwYVF-u8wKOAX02FxEY6ddGiDT7eHrzLGwq6wDGiGBIBJHdfzn2tnsO9XXHncOaNm664vp00w,euw1,SILVER
6OsO1YtmZr2OCpmlVWvJDnkaDuaz5175cs4jh2YkKzP_mlt1jH8m50pFre4jNrcEw_7ocPqVl5C2gw,euw1,SILVER
Uds4gsmKE4KiVvqwyRpEKMd2GUVDZhJYsTVPG35npZe6sdl580Yp5YOqp9jklRzQJz3JnC_FlptG0g,euw1,SILVER
vmpFVaXV8ay6hbH02KR96uBO95jlZBEB7j49xWhjCQ3I2pOXE18shovLarVC9JqwsAleBveShE6ElQ,euw1,SILVER
KPBTyzpObLlhPcSmM52MJNgwe8M2dZAVAGUUpUjFkYscuSHEf698FsyHAtdRThOiufg0G_tONf9rOw,euw1,SILVER
XB2n-4jfV6QEnR83pc5gruxG_CmL_vb1KALQDKhA1M_pXerVCeuI0SwjBQvEsJBKTmYTcJ945iHOcw,euw1,SILVER
guLBjzMzITKoIUaK7emZmgHs2wurWlvW4Zt8GalCwq7vJXb425-RHN6tzz1Ogntz5efIFqHqDn-u9w,euw1,SILVER
0TRFOd7c3QJb25y3XXCEpHKICJNvHIU0_m9uhyp7MBaj1YjogCzG6QBVBKw6iTbbNA6pGB2ULRYw5A,euw1,SILVER
GR5fpMihj7nMURkFm0-5KfTEphw-nqlYXbAL2wCx-9UZ1Ol9tQP9lLhe8RcIouVbwG137pvVSRhHrA,euw1,SILVER
-GGUpBibWTDci08FMuVqmEr-q6524bWZN6mnI4MBvlYNUdM59Pi4-UqRPw6qHBiZcEk4GtjWVCj1lw,euw1,SILVER
czmK9aGbtBTkUipXT6cdd4ln9PMnt87dpiUr0nQZvHFtiE83W66Pr5pz-U4RcpWB1Cf3Tcd-j4IqjA,euw1,SILVER
Y_vqbtRPmxCQAxGRtQQTtwaDhT8-mECJFHS6_YEOxoN4eC4MV35fOcHhjuupNN111K8MrVHvAosuaQ,euw1,SILVER
nqOE_GC2F1K6NDg-inVEwUfJrfJNGjEiIGpSwzcqxeVnPAnIvGBumNx4eqfKSLmnQ6euw8f4eXfC8g,euw1,SILVER
fVpDR-ckmW5lqp2BlYl0XYcOvEDegvg5HvfaMAjE7jbVBppvduxA68CjjzMS2jp2-grCLQdWce_rbA,euw1,SILVER
7z5ahEjWYF-pDYCEvBMlz9_vc9pXK_jGWanEMRs08XNiPtgxJexCjtgybu-L2Jkh-6U3SEtXD_lQNw,euw1,SILVER
IbUD6vJE1a83um7zX9W-lRa7a9ccgC9Ji3XRNC-HkDfifRRWRGSE2ZbTUOeWQnAKDbgWKbkbKIDQ4w,euw1,SILVER
0z8k6EtV5VDK4c6sKXbQBzVDkzYUa9OMU_SHveACfsXBVS1lexlHb3QZqFhnPEs2LgfelsdT2M4EuA,euw1,SILVER
nu23sM_e1qNDoc6BVkY_4s6y7f6nZ_7LbO0J7IYkerkDYIp0DGzLBvVJCKyI0as6j0s7-0pWeNJ8ZA,euw1,SILVER
HlyLip7XzY8sK3pPlDRIKbWbzUyRc1VG2aLWzz7Q_F4RhCgRiyl6wYy9LnotRssSEmACk0Ltf8oamg,euw1,SILVER
Y6fom3aOtvTR8vaf2nSjvTUQ8nAdODOdi8yRi_oXHLrnOVKdQ7YyyR0MCUwq6C_IUWmvq30aoNbtag,euw1,SILVER
EC767JwiVqKMeGB_g0EJhGQz0zR1HybmZoNxhf8rLDTD3a3HwbS-Slb0hcQslP0TqaFrOjRuazHJ7g,euw1,SILVER
m4I5uAeaBtn5T6BkZmSU1DTRwab3ZSsp5NifCEg9S6illXzCg_hyMffY-pD16K1fNA3L9OHjk8uuVg,euw1,SILVER
FhRZYwdQYMCZASRh3TvfoNDRbSUU-il-aweEtJSadWUeME_cnQsmTfdzjNrLXS_aEZnpCM17tDEkvA,euw1,SILVER
_hqJLbEcs8fFd5pFYAOptGzxTh8S2vxWup0Dej3Eo_rxEHm67e4XqJcYK5A7s8_27W9HVKM9fKt9xQ,euw1,SILVER
qk8yqQ5nlaG93r-5HXjAMtiTCHNj_B4VrV2F_M9GcY1p7yhnU9DacjdgtTb42QLlvkujIWxxlg652g,euw1,SILVER
IGuJdoc1rHVS10a_gD0_7Pcvesg61RBE6klCwXNWTmhmFS-xkx056nTF2Z-p3aXPzcl-VtrNspRfug,euw1,SILVER
6ntXf9_KbZ1gVfTr6yWoN12Db05ZevIyEUM1jjTqHD1bZ3h5aHWDHFMrDQ6MVdfW3iRur79S2bUWgA,euw1,SILVER
Ia9XclT_9c4JIvS64bjaNigx04OBmqotmIOpHhEfEU_QolS7ASpGM0OIJuzHzmULR4GBvYWn4gnKww,euw1,SILVER
0VBIz70-nGAtumuDDFSiUOCcGtnq9Q8OwZm_aUerCK4WKwt74y82oj4sD_drGktsu_wp7hFRMFDwgw,euw1,SILVER
7aN6hvQEPYtiKhez3TcmPmQPoybYGBt3b1NST9pX_u37SQU0sBr0_oA46GQ4MUm_g9Xl3W1X5DOj2A,euw1,SILVER
yN5hPUf_EG94OxGCsCzhWe7zkuPN9tqD_H5_RR5Fxyoj5xLi-uXc37oFir7k_4H6vEIYL3Mx__nk-A,euw1,SILVER
Grxcjcdo6oLf0AAGxHTbbPVwjk8ojAgPCzJyNKDQECDWjCZKmDlUlxC6sG7hmF-fU_6uTPXAg-fUnw,eun1,SILVER
lNFUyH6qSGZwXOPO4sbQFj0COa31UjkzSwEKyauRwBnCLrGuI_Zh3B_KfTPQkbdVyBJc_WkdUqfquw,euw1,SILVER
Byn-bu8u6mr4THhNhNi3F_wtD35lD4jEvOBBnJPn7RErhr4g166oG7xEGWGo116fdLHJ7vdU54xRQQ,euw1,SILVER
ElWIdqOug38dS5YkPIJoRz4aCSarOkTJD2JEvknv3qUxitZ_eWSyqBjmgZ45-QlEx4ZNnBJm8IGBTg,euw1,SILVER
tfuCe3VCuoMrfi4yOOzbUmZjgBlPls_-wMkoqS5lBasTJPs4aODvIByi6hGMelM05X_ivJ75EC-Q0Q,euw1,SILVER
tcTr97_mxrfR9vqomSMi3cZhPIh1Kf5LQ-sAuUmL8ZqfpMzXACRBkMazcqcW0GjsA87GeaXDd7C3Kg,euw1,SILVER
k89SVgU6RTShQsVFE8UZq11c4bJxgpYLHji2bs4JiexFpK5UCsVCtpBEoVrmoxacC0pq2zyGd03bPA,euw1,SILVER
1c9-HbexHA1poWspiJ2uqDLzs1qZz6gfIinJL03q3e5zrJ6t7q6tg15frchSSDdxTFi9f690e-MeQQ,euw1,SILVER
scA-V0ZiJBswbg1hvfS8oIeSLdBeRGuWVx-1Jsv9r7i_9chLWx6IoIAfziDKJt6iP8BAJDp2IhPzbw,euw1,SILVER
rT-jeH6c34DysqptUQtl9zzHb0a2ZouyD3NelEYnXSB2ZU2cRci2PV7qE7JQFhfHnk-in59dzxvUDg,euw1,SILVER
TAXCUYv_ovKQpBFdnan0fD1JQWjsAhG0Q25G_7YhePFi7JIdRov8boBVugTTg15qeDSm5SaCk9WxLw,euw1,SILVER
RhZQNCQoQ-TQwnhxN4k8MGTio5W4adifBfG3eaj3dT3bkJrCw_7kED5MaUReQYQUSnQdAvTMsy4Nvw,euw1,SILVER
d564K0Y4SXM58hACD3gmAtcSApKzNAujxIHDVext-n5W8T4KN9ADn27ioLsoEaSas4eJGXrFQx9Lcw,euw1,SILVER
GFa_3SqyX-KAYOKqxQGzsSDs23SAUsQD9L5wJreq49HqMHBZKZMBEgRH-vkRpIaPJe2VYRA3zqW14A,euw1,SILVER
w8LDHlmV7TboqG07eQLQk_NKlUT3FCzYGe0dU2D-Zc8b5NNAqC4VHSi0ECqcXiZ2sh7_k4nsRlBiUA,euw1,SILVER
1i_yMUnnfTOL0xEEzmgI_uuSNPoKxsZpgfu-SNmOnPD4dpknN2KThsjVaRD6DeStkJ8a4fhcYITVzw,euw1,SILVER
RhKpPvrwWJiXDh1OC4eadwRHtXF4qfyHzNqx4g7fc1wxkVWXtMJKZamu9xAPjoQD4G6h-q-VowUQBg,euw1,SILVER
jc9JMVRfZb2tOfJBfwmcYAo1Ngwm23moBcdOD0DgH3Gb7C0GDxZ_TSS1ko3QJdqi52sFm4zUW7Wvlg,euw1,SILVER
s7otpk_PfEkwSSh8ks3-myKPV3O7HL8g0rEUommFRaf93uAy0_LwwfNMJ-YFKFyO144pTUUHW0YxEA,euw1,SILVER
i3uKp8zhJC8hwuhpiQbni6VJT3NnrDpzawJ8OnGHlWYssz3_M0a-lM0I3TjHdBn9z28dEPBNFb5hIg,euw1,SILVER
Xc8HP2eu8jB14lgNMMZR9mbj4yfVuSHVjXBxkwd4dl8V2ItLvceMWrl6aGwr6s_hO2oxAgvaUwju0g,euw1,SILVER
3lts2EEJNMOYihs0cV_hL5d1RZL5Lro6b6Aa08oaGsPN-bZfo1LXiL8VSIcAyIwhmTQOShdAnywplA,euw1,SILVER
XBcKJTjhgC9bnP-FDaL6gU9zoBnyil-L3KwxiyvolmM0mg547FsijfplSZws-Non3_zP-ciiJ4fhrQ,euw1,SILVER
rfsy8YkrT945xC6PJYqnUkvQ7Ziq9aMMa0p0Ey-DQc3In-HCumABz9uOX10QrbYTwzYrfO881Oarvg,euw1,SILVER
cO_-a-QI4eETDuMYyfyL1wRfRf0V47gzTiOaCXQzEOg4ysjmoNECLy-C8tbR45r0LNaXJcBVhxGElA,euw1,SILVER
xysU3ykN-rlvDgl4cLnxtEAIeWXjdLfq3xp4fH5wEv0IKMR83U6HqgX0cbXvr01Rb8ukTV4MVprehg,euw1,SILVER
73ONK0SIke0my7Pvl6W5NFVbnI3dpMNSVLQqBKe8Dpqehi1IsrV2sR-LIJx8bfacPwms_LYLDA2QEw,euw1,SILVER
1SKnL9yTKyyhxaKdhpti_XK_5GXChM88Y2kZfhMPbR26h5xpqn1j8LlHFul39L-bjCcCbn7bW9VJRw,euw1,SILVER
pDpqn2qz5-T6BY-ifeleuMocvA9MLHsVHNWzyNSrCKNuAp5dDAMKTdaeYDxNIDNFWEh2AfZpNZTQIg,euw1,SILVER
usEZQMKOxpQ8Xkeu3EU6Lz7OtVJ3XJGTYOHPt0WMcraSFeU4v6111CxbYQPGAycp4ZjyVVkkxbc4UQ,euw1,SILVER
j0Ag9zS_GK2VSoYrzZTmhiuxg1ba-syAe8o2pV_RR2i-pu8CIz-9VzeZ2oN_4LBgKyzQHcpzsuMVOQ,euw1,SILVER
QKZulL8pFTH_DAf_x32GBPj1tR1maZf2KdapDndc7e_J-Lf4lg1guJ6Y-elLCgNle_74618FXr86gQ,euw1,SILVER
6JxA0skzWMQ_pOWJa-TqeTNejpvAUucbLN7GcxywsdYL_biWNKxCAD5X_EcF9Nv_DsPnYD7SKGVCtA,euw1,SILVER
-uWwBaxsKyI8LcN-SC8ZaR9mosVLGtcfeVP52PrADxjPbHD4qmXKWK1MHslrrxdP-lT-blZIKAhpfQ,euw1,SILVER
NFj_nSkdJUqbIPhwAdCo7-ekcYl9Apoojw-4SafB48gkwDR0Vm8nwVdpNjpLgjQ2Tnp8RhkY9CtXLA,euw1,SILVER
nTKhRVmtiucZ_E8TiwchRRIt_qT2I4Dn0jQplSibZWEoUSGs9lrLc2MEaXKU2IjbHvkIWanDKzpB3g,euw1,SILVER
GmxfspO-aa1NNszsxCbSOtcF0hSkhPjHGQEwPg6w7xOs75xNAte9bCrzx0VmqmFkouhLpARZ00ksKw,euw1,SILVER
iolOwmjl918UGkRvyctcZg63_oiPSq37OETJ4gaIaQhqedNMEUYGkmPPsPMXOeTBd8OKYIgYwbQsGw,euw1,SILVER
FMDvZT_HWyvLkNxE1nKPu5qtZDXHQXZ6AOoYoXE521gOEbb_z_CeRR6EAls3NcmpSuFEc57P7G-mFQ,euw1,SILVER
p6aEJa7kmy8e7XdeyMso1R-s3VeKzZrw-p4nZKAddw8DOvSr6SbxDLaF6Q0Z7bFRK1swzSsFG9lA3A,euw1,SILVER
a5tDZFHfv2YIXK2H1k_AgBGVlWC4bNOaykFpwPATloMoZu5-W2OQcnIdoxOvgw38DhEmfWuzfr-_gQ,euw1,SILVER
Eklwv5KvazzxTtzM-TmZOLhQDrxvY4AOZWtgigPMrYo0QMpf_MQ-1thL3q38FerIXt7aZ80r2R8Rqg,euw1,SILVER
CgSSKzCPS_-GxD5zzkd85u8YCocIzN1gQ3PbqULTzUCDGD8DlOCVYFCH9Pz7YIdVLjwBi0QSiytuXg,euw1,SILVER
3lAVDAwp32IBnz7Dq6FVO0xQ_rVNGScrK5t--aMTDaToznMF1Bhd5pu7Bq2b_oQJuI4ghA9MIQ5_4Q,euw1,SILVER
4fr8y1czvq9bUebFYfMY3HFch_2r7mbpdUuQen2L0SKsyeSyBn3FT0bINu7DarwEzpS21tWV-dmbqQ,euw1,SILVER
tRkh-4uAfdJdt-aPDBGQDvVu-fBj3AagLGNPtfWnDoTm9vCqnSTwjwDWAl54NDs1QQgpnr4x0YbdRw,euw1,SILVER
apy8uZDi7f-TBhM1g33Qf66dYHwX52or_TCligSrSSyyn497SIkqUU2ucaPlHE4_xBJ1otSiOjrbDQ,euw1,SILVER
M35KP_yiKVNCDMyarZY7Vpa9VLJJCCw2EBljN4XSGk33BWrhq4VAeJEQtYPazvrt6ECOYZtSVFOLaw,euw1,SILVER
pbXB4z62hBUXpJ3kBv_zUTdxWVn8l2HJzhl4j_Ia96aATmJhJDH8meY5mC1ba8cs7C3G1Eh1Tykinw,euw1,SILVER
md4U6Ux3-RRgJnQuihCeNCuqw3o0IJxtMbpVHRszJwxXk3x9vpnqmBfXsdy851bDWhAysd0ERZ0Jjw,euw1,SILVER
b6nNFpSplup2rk5sr-pZJEfQnQ1ytJnCJGyjSk_wTSJJG29TPn6aR0wlutfX8XetWjR15JHBwdQwSg,euw1,SILVER
Q9Y73w5Ym6UtBHRlvo37bDo3FxhN_MXKFFJJ5AI-5i_WemUPyVB1Wb_zRPbmBwhRLkCBrj7HfairUA,euw1,SILVER
zqzrg2BvXokD1FQfMBnSxXKiugEBfQLTtqH7ZVF_QitQobTGeoi5c5btX7WQ9vNKlNpIPxR-6Wlg9A,euw1,SILVER
mHZ6NX5jE7ls54o77RsnIuXAfe4Hy8dU08_8wiF7d0QYB7ORJptNqPfbtpVR6DL4s89Vs3uyMXaLhQ,euw1,SILVER
piuFUlM5unxsBOna7pexdhNSV9rkGhY_5i2U-WNlRDksYG5NfXXbkg0tiGHa6atz2ssE4sTbUXs9jg,euw1,SILVER
Ze_M0yO-aV_6eCOZJQOTw_mNXApXlgExE1swLtl4zpgbtrXsOgKL9hh40i1eSDL0fu_XqTinJdqLCw,euw1,SILVER
QXdxBmvAskUAg-IYtSvRMeHFNxNT9sNHFnDaaAFF4npGNh4XLQ0RaNEVWflXwRW5VzL5Qi-qUG92dQ,euw1,SILVER
MStRNNl0jfM3WA-Az7ipc2YAH3-PNnvPOm4ZNlGhGCQ4EGjqBbaM5u9yKBTmooXgEGFHhRadkHkBfQ,euw1,SILVER
SJB5WU_fIepiUfA0TCKJe8hLFpr4ZFa-VxxQiZBEZecsPWJeJfp-ldpVE2NFm_yQuOKbZ6MNBV7m1g,euw1,SILVER
WgsntJdM0HpuiItQbxI5Bd7ApKJfbur3nAMS0M7buWheNRwUSWnUvHBH7ewlIxsqieMZb26T38mnDw,euw1,SILVER
C5Vm9l6Vzh3RlXGJ5HBuUcuIRKOA6nnWKWdzVvHjo9yRj5vb_PLjC9Ut4W9aeHNsahVrg0LexK9kgA,euw1,SILVER
hgk989kgSYT2AaYf2RtUpQQaxhz3USrVXl0cIRKetIYrJOJG483Gp-TBkhUzlpTK8JS1ABpwbJ0khg,euw1,SILVER
Vob6LD1mtBXD7IULJF4c3IgD5_uMToUxASzbuwVNozVsOpez7TkmT_PKtIXFnOmPR5UHQTeR9xwcXA,euw1,SILVER
Q_lL7rgZxSkA0PdFOphHnuJYiu0u6ljN5wren-wCh1vDO83PBYQwcx6tSNeaMtIou1Hw_5v1EVISlg,euw1,SILVER
ZVNz0rnoHjG8lgYsvlutl0LnIVpZnCZGsYE4ypZDb-9xI5v7CVqiSPiqgXCcsl1NtUHbhionURAhxQ,euw1,SILVER
hZy3TlEAZUUo9H1Y7khiSWujxr4MNIEeECx076YosE1x30wBhhM2Mmv_i9MpOroggDkxwNc0CF_RrQ,euw1,SILVER
OgvW2C7mJNMVr1Xc0uEdOE6Mchc78_JpKSNyaHE34uj9w6bBewHaBHdNrYJTy2pRYS_kWlZe7oQOEQ,euw1,SILVER
7hUN8vMYFKq3ZEzUmuW61DnzhjHiRkE6GAC877s3dVBiIU3XUQIrmec6rGPO-xvMVBugonM5RsJRjw,euw1,SILVER
PyMqscrNl7RTiGr_nUuR6chI1PTAlRuTa2gN6aXa0QV5-REdz1ker2ikTBdA3bM2oFziAADxbpnXcg,euw1,SILVER
tPu-V0H9a7nvrpmGIJnOwsEUMPLjGvgbrghBj7tneO2MIgWaIKhzzx5v5d4rIb5jkVOvU6gDAG0Peg,euw1,SILVER
1zW5xZ44Vw9SecLmnq8ZMwAh3aha6qS3-LBymJJ3vdQOMSFY4DVDyCftFoMF-RtkZA2QvahPYUnsjA,euw1,SILVER
TXjMoE0afC_C3q6CRJQl01OJnbgxrGH44AibQwzSS80JH4Bm71hkunUQSvOgSfpTOBeFcispLq1RUg,euw1,SILVER
38UB_bUJF0FSBGMaLzkxwZM1jDDydhA1mtORVhVYZLLl-dP8Kn2WoerUVpzJaEXqdo43zsd7siVV5Q,euw1,SILVER
e1bwFtyu2lltJwpf6dvIfk2Ez40xJTxuCWTZedxOQd9OFbVocieVMiiLMXZciowFyr30IDBxS7cW9A,euw1,SILVER
AD3BM0wkX5mB2pPSOahtoQKGOIK11bWcqaFoziP6ooKXsrXc0sVNdoF7w65qxdN4CrneiRrFlHyNVw,euw1,SILVER
r69dlBN6gZWH3UmxgjZlGi4PCjw72DoBdfTiAGKiNgn0m0yf6vwRkMBFNTmuBExUlpTHsyjnj18caw,euw1,SILVER
f61TYvbqOKti3ijZd_fsgsxFT7rd7I7OIE5l7_BS71x6tw6HZghh-_mg-MFOx6yRYTiAW_awC7gWGA,euw1,SILVER
NuvtkbhVuCsYCtmrLYY5QrMVYQ1A5y5nCtJFn3AMzfQBNka_RwRoDvQOgLo6HZp15fCy_MH4D5ngrg,euw1,SILVER
2iUvRt7MZ-eu1udKPhl1drCzKjhbZo7SvmBk4r7ZR32IyTYpxVilbqqkpa9_w_7-WEnbmKwT8KP9aQ,euw1,SILVER
Zf9yfVJFEM-_xDKMgYpe9RW9Mt0codhZCQduTFJak6uBKvml0SyIlghbLtiCK5FMqMk0ZLTDCpwRSA,euw1,SILVER
Rwmgmw1dc_HUF2MT1Sl5LTV2RATO0HVcmOLiAJz4Mnyls2uGSjRK2cx5ODl9ARPtxe6aQreW560ffg,euw1,SILVER
i90d3sjugspXMTBFhFLof0XFuTqKDqZXmpCb9TbaKdtL4tP5REaIeVSBfqePo0-wbZ0Dp79XcI4QuQ,euw1,SILVER
EkCb1w5mIlV_84xx_h0RBcID5_ctzwoP9N_mp338D_4dhgMZ3IDK3lsQzkQ5NXaV263cFMeWO8tOcA,euw1,SILVER
7FtlOSjMJZEBi5viJ4rLRGi0pqDWoCJ9EujQKYfdoIS25_vyjifrZlWqNRTF3HwwfSLmp0qi_S0QvQ,euw1,SILVER
QaTD8veyF1FbLNsOkvGp3ly7wulpQ9JdIUycw1NZrtWexD2tF7q4orRTeiT5N8RzYePz7ecV-SE0ZA,euw1,SILVER
zS5MvaMtr3Tbr42CCBhTjZsIezk-9g0RcJbhO3Zsc0RKd-Op089SBGchUYMHqHgJSuRce3mARGUeNg,euw1,SILVER
UXtB5du8iQcRK7myX63LWtZMSGuZOAI46xs-dlyOrIETiRK9CjAy-aVlOp0J3n2hJBB6D3YqKzRN0A,euw1,SILVER
RuitoPJ4tPdkMjtnqDf54b7tLtM0nDQh12Ndbmf59Ap7tp_9zug0l_u34O3sFcwUoz1uGTYDcZ16NQ,euw1,SILVER
66IUNBEVN64hMK8Ma5tBARakOIvn-rcWyeeKu4UK3Kwk596bJ_oHUhG4OeT7dxGhPCn6IC934DeeYA,euw1,SILVER
QHXfmFVYdR6E1B_hgU86vvqboEz7osOTJSk3oPJL7SkI-Z02K1W3MDCpEtA-7GQ_mWh3uz7VqUZfHA,euw1,SILVER
IFBja1HXOek1N9HUNUO7fyE52ev3Ar9QP813fTX9ZyPOd9dhWEwyfK42de3lSeCNB4qUWPZFJsS3iA,euw1,SILVER
cE3Dz6rU2poNQXEr2MQw8klkptnMtMUGBOKjNTiDHLR-YkZvrzsbqwY7qf9u7sTj22_oK5lUHRq1PQ,euw1,SILVER
Ts4dZViaE8PSA25ddtuA0KFPNvWq128H6I7m04AmSpFFNmxViz32el0CMPAdpN6zBAQ-CwlsJpSpHw,euw1,SILVER
3idiuezGB9SqcxKNvXaP5Fz-gBeIbJma7ThfvUM4_jMxgkfW_a7uUa67EVHbpfr3jxATjHhUj6_DvQ,euw1,SILVER
q9ypxdx80wzuKFgR-XIA7UEnVHww_pXFH8Gs7EQX6DrU-50PLqtGGt5aOvOv4qmxNRARUuXJBjalOw,euw1,SILVER
OjqXeGGiRSJPacRzvkLCyKlbQqGEXXyqU0qKFMKCy_2juMaFa8p8dCkj_Z-Usl3Rtnd4y5IQrM9wkQ,euw1,SILVER
knmLLa4Mdm9_tIM3ShtKzW-uWeoG-SIK9sbRaaXoEgi1UJwVwO3JklN2qjg05Vdq0nIM8sqY2A-GQA,euw1,SILVER
gztPyn3UmzjaWyC1YVgHd0Q11LlM_SG_0_m_5Lka0ZeRNNTLQpiJaDgbhXHO15jkhxPDdQPxjPNhkg,euw1,SILVER
2ryW6Oq9vx_LxfqdKGPZNhNpRfV7EPWzqRIiv18DkgXzwJ6NLAywxF8Y4L2JgxY2VTI5haD7YRontg,euw1,SILVER
kNK5qumtBfAgIBV0ugZc6i2cWVqQAgiAffWnwPQjHKgwU9ESGQuVPkDzGGgLFpfOQI7eOhrcXvVd1Q,euw1,SILVER
IWzsGXubQ8iq9ERpD-n3rGlz1cW9cO4qiY1QLUwKz3dkBMfQEHzNS2t5mW5lJ3Brk4RTKK3b1HVElQ,euw1,SILVER
BU_TNFjXdCNAXplZxy8AFGOHulZM-ImJsa-kI0hNiqLIICgvgQ_Ql7491CzuVKKfaNxujnyIo3MUQA,euw1,SILVER
d35cqhEAP5s91cYFAMLFz-8NPRS5kuOvetVsKXDorVxuLfgxt7RMESNKwrCEjQgfHEl0anXTUJi9ag,euw1,SILVER
Z5fouGhXr4O2EPfSpNcN1XgqtrC9MkzC3vfWgf9djQUUHclVF2b1aZTPj_IEc09XdHueK2zLq-gKFw,euw1,SILVER
NgV7KESn0Tf_fa_qRYIdYxrjgrFmtxtrSqiLfW5zBzbqYG84PpSzsFLRyYLgLq8zqqO6rvqbq8Sc1Q,euw1,SILVER
4b48x4zJxPEc_xbPfDUicBVn3P2IG_igsWPZpfAgUjNgwSDpoP79GdLmEWJYoeHfpJbhnzHnc4eVqg,euw1,SILVER
-THjA6VCMDnUnP91Xr17M_6ZvZWtK-MBiNTAE3UJkyqFlzTAKuXZTYq-94ZvIwuxZrcQiRIJEWnrYg,euw1,SILVER
z2zPYHkGoXqlZ9Ox5qSwKC-jB4A-8MQEk7N9bW7xa3GpaAw7A8Eji4c9CrALoxPbxocEHgszdkuAIA,euw1,SILVER
iQIUxXwNIIYLT_CvL4zHg11O5JVNDPzd5uKBXkcGgICRV9ZrIxVwh13lrTQpeaumBmhSKHfVKRB_JQ,euw1,SILVER
VAZ7pwW1k__tRf7WEdBOnWWRXy8tR1xhEXTDhiN6rCCxgfsdfGboy5o8mS2PaWyWtB0X3mviGHSYjw,euw1,SILVER
JXGzbXZOStTrhfigpEs4ZG3NBmB_QNOzO21xh-g0c5hL-L7d9-nNerArIEaOedYPNFrIzsq6CmNdUQ,euw1,SILVER
-PNUQOvVrJfr-HOd9FUnVf7exHm7BRL9-sA2lr55h2s9ZeGpfOGVhXBqMfLSwzsRU6frtafsedO__A,euw1,SILVER
XcQHTUQ6DNo9xxVhETfYCVy8keOI-YkXAZq_g_5wCUBzFn8uckE7_LPeoFk68y6WKyR6NLKyeg8zcA,euw1,SILVER
nqrsEhC1wa8EkLVBclPWg86mXZG6BWRwk0KzWKtH-LF8xNJZFBew92AwZKuJUgy9Sg-cBRH0U8UkmA,euw1,SILVER
FvdT46HTYjXee_VNW4Gb0Q2NzgJu2hg66VPCrFghKqC_MjxBoTb-mChAXSBhIgN9rEqJYszrsNXD_Q,euw1,SILVER
Sz6DllV95NilbUAVXB4SYiFAXK4RhWIYerJ9z20Vd6ietPE6TYNeNUqsdkL93FZs8SSjG-U7tVGvgg,euw1,SILVER
vQMmSJ-FbqPCv86EenCDI05bh9h2Wd9bjmrcdZ4GV2k3MwxMf0Y06Vs5lYb9NzGBUR7kv6pOTyscFA,euw1,SILVER
GXfVBxpmV8yTcYrv0EEGTWrWnDHZysnTLrUrGAwyPoo9TX22Nw6weEGqiaZQTzAsaIx6vKl2cAdiPA,euw1,SILVER
YtTv4DQoWpDq3Gb_ASn4FP0414QCsuN9tQmiYWcdKXj10eRyZQ9JjmNR24yoAuEZrjmo67eokY1urQ,euw1,SILVER
1LAgl-SkVZNpaZvocCsirbsmNFof2nQJtyagCCE-EJtQReEEQsef1h02bfl9j6dlmOkpygvc2Ojh3w,euw1,SILVER
UP7iPXBKDuaUAOBme0X1UALs6ziLKwdpPOIJkk2tStoM2-Dh_UEmTsN3V42oHK-PrwxNfHr032MnAA,euw1,SILVER
EaeXJLMbDw5GHQjP2QBW4GzVtiOlfzg3dQ82PVPVXBpAk9dDkPetuxfj3KOE6jwNU1hwWzitEfBLmg,euw1,SILVER
jRg3kyT0eEXVXBgLoflIoQpp7zu8dgmVbUhMtU00XPBw0CwlU_4Uwes6DLb4F50oaZi--PzSTw3cEw,euw1,SILVER
A3WU1aXxbjdEvRR8Pfl_b6SeFbwthaWQSgibPsLu5mpN-d3wj1_lfq6Aw-AOeIhaADdwi2D8wPA42g,euw1,SILVER
tWAfmHUfzLfonjmvRrEXAzQblszVE0cz3kaXAGV7wUnMIbRhKVZMfruT1qLXL5OUdGRa4YEna2qYJg,euw1,SILVER
b16fCACanloKJKlKfG7aQ9sphLP7hov1Ca3LNgsFsz3AALeZOUSSK9o9gbLbTYwyhr92g2R33sIYZw,euw1,SILVER
R-OuR2-LYSpwTUhBnP76oahzsbHvjOWFd9NFmIBn8LytAHzAlOLmCQEdKxKE7SAOeCZ_6q0K0S_gAQ,euw1,SILVER
0TlEkHlQHpj6YXXYzHVCR7y6J-Y89R3Gvs35GTzYcLoa9V8ZFdKC9in_hOKte4N19Ko60QrsDSBFrQ,euw1,SILVER
S7spo3weNlVahA0gyeDNwKHNgBHVOgziidQZm77Jbu86B_17gitHWrFdTl941L6gbfpHQeQHlLDfIA,euw1,SILVER
_RDLBi0JeJZaAmWLALaVoTBGeGNNePtzfWZzgF1haA_MTyeSJWccIetTaLFwxwvdWLAmwJ6vxQaizA,euw1,SILVER
GBGTAw9OOJxSDlsuqsStrNdptQ6J8JAXC_RfubxrP80HmYXgT4GIwIDubtPMlGyuy-TBq9UYsJq6mw,euw1,SILVER
ffegTl1kwTFkvUR4sz5zvimHgZC8n9dJINOmc5HGNistyyVIizKBebOD9yb2bBA0nYm8qXBCj_bmiw,euw1,SILVER
JonyIqVu1XWQfLUP0vs4ve5UW0aCLDL8_gg1x1KPyAtv0bnqxIkDwAQLL6tkMUSl6ljwCSER8XZP8w,euw1,SILVER
zjoybHaxjK7QZwgkVFbMKIXiQvlnxVVxm_IZqWEQkVE0kZwI83_lHNXeBJekn3UH2RXx7FEA9mmtfQ,euw1,SILVER
DMqIhA5ZZP3VXONlCbefIYZ2KUTkeihkyLKy-D9P9aBLd7odrPsqWqGCbea6kEJ3G7iuVx7nsQz6Pw,euw1,SILVER
Xtz-vsWqf9ZPmmkaUV4gWk5X6SoMdv9P50EEhivBl-4EHA5kI4G3MFtL8BQu3WwNzbTHqrlSgdTeKw,euw1,SILVER
OJ_4oXOLPD7m9L-7mkahYZc30QBr6ZFf-f1aWLx5kCZv0KduY-Z1Dwz7592dVXd_0rSNRz0XhyMgiw,euw1,SILVER
2fpAIW0v0cFZL5Prt2CTl6Q19L-YRTFOmr1K-8Trd403AgwU04RSEwsrdspcXVdvcWoDvDYW5zXuIA,euw1,SILVER
BA2hbrWktuaeQVKqIJ1XzfibwF0kb_qcZJaiIaM5QweYPGTeXxz5lNGkQx-bGNRf6OpS8sDIaNdDxQ,euw1,SILVER
Mpkx6ueBfmxxa70ZeT4DJ8kQgZo-htLO-3VeUKGbJWaK2FsakDxcsn43iThSOpHE3R6u4WlQBPWzRQ,euw1,SILVER
x-r2fjHJcHWGAsaJQbgn7fPchtQwdEB80EeaQkCmAUIc_ACVEHMwmJrL3MVlQC_HY7BdB0o1Jmpo5g,euw1,SILVER
dVYl2MB-I6L3KA4IVnb3dUWVbos2TlUzXNuxlXonN1MjP5BHHtRWry__6YRh4d4wW2x8Ki-eDvvmrQ,euw1,SILVER
MkZT9ZND1JH_wb-cxQN5xddjw35QmPNHpOp2s8xp6ctTUK4SL59vosovKZ9sbCGMduAKi4QgrGQnHw,euw1,SILVER
7fMfBXM516Ke9zy7dN2rHmZWV9lvbFQk9Y2flWMKYIXc77cCrgnNvJMb0f8l3D57A3EzTmYIgGwMqA,euw1,SILVER
xbeTp5PrfWernxB6GvhSuGpFqDnuKHOsN9Ibi5WS87ZCIK_jgYdiLY5Pi8HV4TKIVPDkbcE9QWRb2Q,euw1,SILVER
3gFWNRbMsRCtwLRMCKx42rLL81dFjp4k2gqi_L18dQthrSPpdyo3_MwZ9Lpvziu7a0McJPzZcNSbJQ,euw1,SILVER
KAeybwuOX_yfEnTH0pTla4vytZSMMz8N78m2kOoHunB_QJWYE2j57Blfo6Pz_SsRXtSTVtpR0_VjvQ,euw1,SILVER
XMgByTLQffLzuTKueVyPH2m-FF36mT7F0qQ_vPIbUneViBHSK0cKwqArKI0Z-OlQay2eBLV_PZ2QmA,euw1,SILVER
MspDuTnMFzhUuWhn7PUnpgsRdpXVuB7CXWrhdNRg_uMJXue1y-axaLv_kAJFs0-oywEe-LilZL4VPg,euw1,SILVER
8PJXvxFlw1A5P5kbsmE2ltTGcR_8YAsSE3bP0Ltv_BV0M65joYCw-rXbDMQyvUlZYTJYBclGOVFViA,euw1,SILVER
gIvywPGpxJuxNFT95-igvjzzYKr8DMyk02LdAZxx4K7xWQz53I4931vfGBR619k8uhJq2toIFeDMQw,euw1,SILVER
FyORfQqm5jVQk9DJNBvce-V27gpntgGuH8FMKesbDHRYncc43NFwqWCXwkdR48GAwz5Hmd9Oaz9s1w,euw1,SILVER
kFphMunmQTjJDbtRXrEEkHYocaZM47D_TzAOvr_69cC8ZXCfbASqUfTYVTeLvRm090O_x5UzpLuP3g,euw1,SILVER
6qXDJ3WhppHNy40KN8wE1o-Qg4p9l37pgGOTBt-XiLZRybPopi8aOSBQSFPa2gvaW6iueR1uq6PkFg,euw1,SILVER
h2asz9rbnjqM9tA61ecd6jsmzMmyZhZymSKkeuuj2bHC4Zh27PtsDTH0OzXfjGjLnQYLK0v2MRX88g,euw1,SILVER
mRNz-T-4L41sGILLBC8YLebV0-yRyF63MorPFHEjgrSgM87b09vazf6cT7wJ-BevHyhNlELcMaz_hQ,euw1,SILVER
Wz31C3brwtZWXlu15-H1A92Uc9CX8mbCB2MtFZknIi13PAU0B_LMvG7omz7yIIkGUFddy68uEko-rw,euw1,SILVER
U5DibXJ4hKscsFZWn8lM9W5eegp0Agexe0ThZnbZisujaSHlX3h2ipwa_xkq5Kr2jFndzFLC-VknMw,euw1,SILVER
9dzC7Q0HSrFaAvXlQ7t9CoqtaXVYQbsogw8brDM75WbkQY7gXh8TAq8eg49WV8q3_mSVxtD2usIb4Q,euw1,SILVER
pjLSD6wlL0XYF3z1AQGBnCGGcyJjjsuNmNZihwqurWwPGQ65GMTYJuSajg3hU5w4FvDyr5o0mzH8Yg,euw1,SILVER
WHqfE06znhL6MuuhhVfHpfjvW1qNqR4Y5QLco_Jwqtj9fihbvCQ8wc4xVQDS9QLcrwYaFQZTfhGlNw,euw1,SILVER
TCMOP2UCaichPQB5zboPD2TNWRzjpAf28bjanRhfodrJbAOHtkUwnd_5w8I2QeHzYndQ_i7E1Fo0dw,euw1,SILVER
oeEwmy6LKK-aFCM2pIa5ekbh11kuPu141F5ALookTFjhVK2y8edDSJS1P2C7ekkJZDGuhB1wJTY3Ng,euw1,SILVER
vgZcTpgBKQXuMMxWa87Lc4JJD99vWchsCkd5nie2xNApPUslYJdnFwrb3dOPdIaVASV1RV4cxdPjpg,euw1,SILVER
iOCEJJeIy06raku3GxFqypIiC8S_7rOEvvVFc__-KwEyHHfrcA9vtLajuBZrvIQhMRIFeadjPU3_5w,euw1,SILVER
nTqAL8bd_RzW93UBzvFqo8ZMNzL-kpeMThL4W8zno_Ad7Uj7APPD0vKZa0yZ0r9voCVCVv3qioOh5A,euw1,SILVER
jsp6BymmudkvHnWhCnU9WYcmACS7ym3mfbKjcfeuiBQGl4QhefrowjNHQPnu68EZ25EsGz3wZ37CbA,euw1,SILVER
NBqO9sIam5TRsWjZyzstjvWQ6GMwjlfcCmgw7kvSduUrJM5MuS_wL30tjxw9Zr8VdUCjfU8xDy1Yug,euw1,SILVER
-oLntNfizQj1-LMwOj8Pb1qks_yqYkh4VoG3p5lWcWdGg9SnUAhZLP8119Fs8-BbJJ4Y7Is9GVL5mQ,euw1,SILVER
6T-1HJ5NxYS1X5AMO6ucU3cpk_qN0ON1cNfmbx6oEV3TeWliOicHXPKppvIyGTwXV62_GdsLUJfzsQ,euw1,SILVER
i4ecHn0UNzSVITklnt_AdH1PJdzAuefVbSElP7VGG466FoSYfY2HHPeEkj3QATXGc80rq4WAZDrV1g,euw1,SILVER
TqEARnSYjXkWaAxwBIoozHh9vklk6m8XFo_bdSLl5OE3Qq2vsXDkg99JTUgIYuloXDyrjs8ApWVl6w,euw1,SILVER
Cr-zEcr9l4a5Xs5J1X5JUk3Lnr271FhXKZ1XVRFHCrQhaxtk0MQQ86jNyxMXPo8BJsnnIqdodZnXRg,euw1,SILVER
8PAa5agbanh8vHb9djsIBcZ_ZjKHryMM8JMlfV9nJcc6cnn111Hl-hs4KJisVyzRANg-Q9qlGfUYow,euw1,SILVER
nHiUEr8SXXQ-gapgPtk-etfuwLu5nWE1NA7Y7cIwUBFrj38BpRgkeV45aHOhTFj-JjE5OwHmC5uM-Q,euw1,SILVER
xRo7yvOm022_EiWoPK_v3FSSqZfs6i7DLfU8bJbMMpGbnb8XLSVvsIMWCoIUQfSPsWJt7-N2dJBIsw,euw1,SILVER
uJ389uwlh1SDavr-AwSNX4K70B-3wlenSMTOTo13zlUJy2J7ceFbObz4XjPklGZQGjjNAPFIkc3LaA,euw1,SILVER
GbVBIsyUACAvkXMW-rh6gDwDXWLaMjEZjYrvtOft-cDqjdXdJrQz35oFsGvvjMBVernfuKZYBzQkRw,euw1,SILVER
EL2PBQrNKEQQ2LDdIEB097210hWagUM5TZHjwBf5HWjMD5bQmnPw1AIgsJHBUZ6j3WwHKHT61t6nwA,euw1,SILVER
MtTsHo28vVENzYVWHbnocxBwz12UpsHvdIEqd2lYvM199UyemFqPFNvMHPGmEDFNDNWBQu6Z9kdBsQ,euw1,SILVER
l8EhsEE29myFBRgrTXXz95WFxVUtc66Fumaq-qeIDlcaVtkErTyYNqIBhyZK9tLT45KCwahhJW1-7Q,euw1,SILVER
LcN5OvFn7jW0KYIPnSJ-XCgOKnsBX37lpgOpMp-SpSVHzrq48jEma7_awE8jM9MZDQ0DmjE0ViuyEA,euw1,SILVER
HtFb7MqArfzUXqBxRMlj7pZC6miPzM_bnLtVGVfHXGXOGPFxMdhzzbUxtrOLSigxLasG8CsSesvTPA,euw1,SILVER
uSmXjF3NpuZvJ03sQO29_Yh3DG-R9tkUtpGQS85qYGDUB_hE7H9EZUjBHGDnEFYYOZL0VnuJ_kKuMw,euw1,SILVER
95gTgXCO0zc1dfA-AzfBWbN1ddfh9_E3Bf0A1KS97pq5xFFSMIoeXBZ_m1NtquWzTnnpODWICy_pIw,euw1,SILVER
ZHG0y_Gk_afgML_RWI3l1KtDIx3K9bPdcoYNRhCWxBcv9lwXzDgKxy4Zejk5AwW-jMsWnQ3G7ERa0A,euw1,SILVER
6piEviAPQMJuCiw9ZBLTNa_X6uJdNRtVFuK3LHfZhZJk_t7SBlz4vVtjSF9O2eFmsAAkuVmdvwH7kw,euw1,SILVER
QkC-yQmD2Os7aIkGjCFVDo_tGfL7Yhaoe-ePbKhZIvMM3bMxjAd-K_tfJSospYwCfSmPargL5Ak53g,euw1,SILVER
hL9Pq-8HuqD_edSQ73WzBfxb3cMptJxDIEX4RuCJAApeyrxeRncY5CsZUbw_gZCmkBTTVA8SpjZVIA,euw1,SILVER
pEfYPe0H7u3wifgCTtk7jY2OlcSSsidh2-SOmbp4YWL5gR58YuJZxDC7YpZHNXQld-fZIN0fFxaeVA,euw1,SILVER
GL23rc7_vFbdcDBsZaw9xBpH0zE80ZVkG0LPa_tk-FcHkgaqN2_sYiFheD6RHHAWiXJzgZD1tS5D0g,euw1,SILVER
_7Tl-xxRZHk9gxGVGZlMnH8fArdxXM4gBEjemWWiFfLh3LM4brPH1WYMXfuOgEz-JpUlZXz-CUWtJQ,euw1,SILVER
KfTEeF3TEFTR9hNxbPpmhAAW6PrV_0TvmgYAsFgUCWanDpBACc_c4msLKfz9-Ytl9Qk99_zkwWv08g,euw1,SILVER
H32HEYtZOb0l7TCyrk60fUUCOAsUgKFhv-u9osu0TDYV-6hKP1ic2ygMKMK8cYHPfQPeqj7u8V3dIQ,euw1,SILVER
ju8fYnohFlDRPaqFY80wsPuvH3V53aNHB1my06xsNnACefARdMCmGln0ncOQRWbf089xg-YiX2aS-A,euw1,SILVER
tR5gZiZ0mmDA-m8ZjFLyhHW80hcAd-dOhmtlvg9ni2tJ4VrepJjtY4e1ZSyV0q2x09VlKIzTsG-RNg,euw1,SILVER
YdWf6wM7mMpET-nQ20mFMyTRaSu93IAFqdGqf46NRTaMSYYIMwpu2ga_1--Ge3jj58q1OSej2YWclQ,euw1,SILVER
NYOuGyXBNdJK4lqbiyrY1ZyGWOGqmPKsQuTAwwO8goOtLHNRP03QRKyPT3OjYdmC0X0DyPYhEUrigQ,euw1,SILVER
cWPb03K-BI3gWjEVkm1n3ISHyH4bc0WhhL0Pr2VKWgppnVD0K-RkiXvwij9LyRS6ZoKhFSwdiWE9qw,euw1,SILVER
UO9IF9_Iabl_v-sWs8cZEH8tblT_XsA7eDQmqwG334QESsaEINf1BejZPL_EkQWma3zQRwzGPsXWpQ,euw1,SILVER
imMLhyrwkrU-88lq82JSBwRIhoDNQveIhNgVk5whynwvWKEPNthzN6eCYNMgN2ke2FfU1ZhK6xy0EQ,euw1,SILVER
jw73AIUfZtjXCVJNIOYHZN8lyg6i7c9KF0L6KdThGDOl8Lw4FAB65GzlRWJzynLNFeRTtI8eCLJQJw,euw1,SILVER
zpnGGrDLxveH44w7RRp8aQR3gYqOMRPHEs2Rj-h-6XB5-XYnoHkd4-n4vKE9NBis9Vz9CY3GDmCPXQ,euw1,SILVER
URTbaiXN2c4200igRaInZHuIdKE4baxm26nZDWqiHphnHldqNOPUwYrCyEbIs9bqrwnyhM9xMb2rPw,euw1,SILVER
XyTA4_6UQmJBbPyaImJcNLsmvyduW-TFR27PjIk8fqq5icWI9PJIJm2sQvUYw4iB_spLy9pBebcs_g,euw1,SILVER
FLudn3XmapWnueOAFfLXLtd_a62I0Rir6T4uct-x3nkrkA9t2qE4j2Lx-ApaMLXIyhLYF34-CLIkHg,euw1,SILVER
oemUfphzWEmVAdzEQ4y99-K3Z4LqPkWGGMxPjT28irY3BKAQUItGrI_7aqhbJzN7qVC5YFP5hNpgmw,euw1,SILVER
Tppk4NQqm6dJiNrNU6QqW_Mdb8vYy3EXTAbeqi-DXOAWNje896Q0Te-kNY_zCW5LcEnP-Ni3zIRIfQ,euw1,SILVER
ffa8NNycErag8U4JO_y0TFOJDrFq5MfF4rODE_4nAbo-waaDfKjsSfHQDCHxEr0siOIoOKCT6rKo6Q,euw1,SILVER
2eMiGRdjaSoFyn_a804U3eB2poqtRKeNJP8VcNgXMOXQG9DhWPjCj7dusuAt9B110Ixb-XzXDFIWgw,euw1,SILVER
CncnobIgy5Tjwg-JLLapBqjFUoSUBexpHDcsXSq2SRECdv8K3D5ACSl0ljdCtDyD_lK6owf1L87rbQ,euw1,SILVER
MqoZGcT5CdoOOC-SGHNgIvUNK_9eCCFnbfF9wJwi7h2T7jBIwXA0Q5nkp9FIjE5qE-9T9h0SeKkbyA,euw1,SILVER
etQ6dqlRidx8hSSpsKO3rAVKUZbKq1bdwOaPX5yXAXE5qZwAjXCsVM_GsrbxYeo6m5a41z0boBjWCA,euw1,SILVER
-YjfsX9nTG6YX34eqouszLAIDq-XfmREcau0QyIA3gHRySR28d8EsphnGIAd-CNH9nfte-aIMatfcQ,euw1,SILVER
iqlzBBedqZ-UOYM5TXL0E_qvedd7HNIIAcHQ_hyzgeJzNgIab1Pbn_WxmArF5DOsjh1OT63vboLwnw,euw1,SILVER
NYgQFVBCrHZ80H8qVBj-4QJLkA54IcXtkDBlgtHBX-Q2eI1Tnagxa6xVtDaPfdi9crKn_lbUQ8eMPA,euw1,SILVER
WLlV5GRLVa14U6nVsIWEEHOeXKUwSeIbwnmg-ikQj7LGRu_vpq8zQNjnJLSoQNXClPRZneX1ZC6QUw,euw1,SILVER
cMZRBUnQawfYUIN-bmna02ekE3DNSwTA4r47487sp6KC0mTE8S9a2UVxijecc5DKUP0Z5SEYNSm5Fg,euw1,SILVER
MvsNoMWTKkuhDWgUH5HsWwyfzfaoFLDZh9ZTZvh5WRbf8ccV5fXc453GuoF_Uu32_8d-ImNlgKrXaw,euw1,SILVER
ESYG0lveacPc9ysJctj293t0cf_O5Txp16Xu620v5I-NzI3kLA2b6pZgJDitBDvusNidxCBIfEEtEg,euw1,SILVER
eq7YCkt-Ityl9YW-3-b2rpgOwhoax1nhYsXPfkJHGLmChpxiCo_Mi4JM1ec0TMb3NzxQahL7gRJjkg,euw1,SILVER
QdPJyIZDsAKDszr2rOtrnP8z8f2iKRIhLqwEU7ya-8K0OalsBTq0_T7ICItAuc9gfjMuX7WvvHXdLQ,euw1,SILVER
UCZxB9Y3wMmojSteuHiPNufWLj1n2Kl5ASJfcF4m61zfZgLH8b8Nl4dzoDjvFuI5UnEkW51kU7uuhA,euw1,SILVER
mvGQgzeIcGpuflD__4ck4DfQb3vSdCqafSeNWsl90tVY2hFFdAzoz5d5GDy5a5h0gWa8H_ogBCLTJA,euw1,SILVER
TlJVkic4Ghy_zQ14Dn4FhLUkaOYeJCf2o7msiM2nwHsYBKBG7PfvPj5H5ACOY9NOetdK3xhmb24PEA,euw1,SILVER
L8FUnxGbSzlhPYRzMHGrkCL_8L6m4smONuewBCh-OeMFBsjrxIGADEOj8ScwJ1i4G9tmqii9OqJSUg,euw1,SILVER
pPniBiBrLOYkvcglR11W0ABqrL6zfIO4zkGnhnp_MOroX7hNkNVV0VsFzGE7e0_NgtsnvwiVfKw_YA,euw1,SILVER
PbFgiI0FIthzZHaJIb5QE8Do6lqsjTGl2FqCAk3NCQJ_-HQQotB52Pw1uxvvKSG_nahrB4TKhY4qrA,euw1,SILVER
O7mU8j3O2V2OHSDU63JMeiQCBtGJCVVjAm-x_cimdrCtBK6uQOaeZizf7CWb_UCOhIUYttSm7DC6Dw,euw1,SILVER
O_eyYJMBbCU-jOKoixRunp0dIRIke4BwrNIxupCtc_prwGGs9tqM088XAO9qH7NsoPMVSttovgHsWQ,euw1,SILVER
k6Xd6KDtQErD8cWePqJWUlVlkUUC4W6cejp7tMlj6UTQOJt45ZMTdw-kTSc4NjleULdJbRnXDDX_VQ,euw1,SILVER
lLKlRMjaw9774JitGKIgec6bg2lHSY2cfwFFf54-4ZEcXsvsGBePU2xegP2Td8Uol8WnEJ8VvnXKTw,euw1,SILVER
0yv6_BUJPkjVhePe1p-gD-z6daVNgajw8FMqm0IeGsngbWsX8-gjbV3ETqJpNU7BHHBffl7jhQ_77w,euw1,SILVER
dpHgBX13nMhkFd3Rq8U4tiDJZ9wh73WTYzihOOLPcvva0opsljYHzmPa9y-LxkZCN05ftvXklcvFKg,euw1,SILVER
xwg-Dt350vhPZCevqB00J7fqPCv7YyrBwmSA_d-pOg_FjCqRZJKp-zk6ZFtRUWlEc74IBk8MZDQPVA,euw1,SILVER
UcDh18QPf1PGHPnm1y6mWC_p1YEfbkEHQUuqFMI9CR-KPUJm5bZjttIDpiYl4Jp5Wznu8dBAfHjSBg,euw1,SILVER
oI8CyBOpbDKPVtSXFfkqGmB77i0EJ6c7M4euRevQc7rvcFimO2nnADdtvsEmRwfhG_STS7fv7YzB4g,euw1,SILVER
e5MoYZmbxhvExR2dnMfPHkdsEH1aWyNRA0m87N31GX8xyvWzm5RL6VaG14nUXtgLmaZzF4TqK4OFhg,euw1,SILVER
js8FBUDvGnCKVyk6MuGW-Fz1Lm77Uc_WGuzBuueGmClzqUWg3JqIM--Dcuf50ywyNHGytkKAnlm3TA,euw1,SILVER
C9mbtkQmruIH6if8MLSzOVIKImfJtViGIyz_p6oyi1xHs_PVF0InkpMmn5VX9-1kEHtegh_3wHJ5Dg,euw1,SILVER
i743PGlqn56BFVMnQp9klQM4iT9bc8YaYxJ1KLX_GQ_uQOa_-VeVOSo2wcM1yvVVWRky3cSmGLvKcQ,euw1,SILVER
c2dp70M0lJN4dZYDeGp92x7h-bpUKU_qoU3DJuwW-g8A_tKJcoKPyYvkKkWln8AdMzToyDNHG__ChQ,euw1,SILVER
jbK5JyMyMSPiyFTxKibnzwi7R73mCbmVNwBI2l8AvWcakrsovy94XFZDyf7KMMH26KkQ_rx247pjgQ,euw1,SILVER
7S_1wCYv7SKnFfM8kZFUWPH7BQBft8gxOtyKV6WMM2TSPsItz-z5xh7VWcGcm7WVlzgfjDLiKh7mTQ,euw1,SILVER
COOof1CyPfJtyPqxzYqNazvsAPEsrdCUayX3bwlT4dZZwoZadZGEJLr4ZtX-u9O4qDAARir2JvjZkQ,euw1,SILVER
w4iL-0akjuQ7Wyk_YGN7-_Nw6IjXyq4rcOgoe5Pdwrv6YaStHINuduGdlfLyp140ihw_mOXwJocVEw,euw1,SILVER
Qmla2O3tkQYFNSDx363Xp67O1Ob_S8xVLc1-9evRnnHF24p8aB5hu6bJEs6u_mjsoURKoRuJyVFDmg,euw1,SILVER
FIk8b4Dn9xLdVMWz77pEuj-mt_xPG3BGwWVVNHmGJcfLrWy5fLP_mC_KAvp-S4vN7vBgB3pkWZUb0A,euw1,SILVER
8oUalUBlIts1ExvcwTlVkBUhCFypjiV6ooTBl2ZtrY1HuiRiOtsxzy_Pi9dmP59Sfipw10tZu2Z61A,euw1,SILVER
SUwFOhSo8CzFuurTpUR5UP9w7CyReY4oozAeVnd166k4NlcSvh60SEYhuS1JwFFRBSmiuqZv4XPInA,euw1,SILVER
xKqvHhFNYobftfUW_cYz4jKObsUmpyDYIzJZ4d8K4n6EYoQO9fwr_3Vq41tQGuE403wlrsf5qGTzFg,euw1,SILVER
JqghuiVYOP_0tfTCSlwcDKJb93vW8sqpjCohTL_yG4U3Ik1cNsz39Qu2i_LYhWEW2F2hVqflYvcX6A,euw1,SILVER
fAraE-PAObECNLzqVQu3XvqEmmhORWF-qC6M71irAggFR78BwYT1ImUWB0Yg3NFZ_zWLJ1-V5ybD5A,euw1,SILVER
CKCg2DFnHCbrifXYeMrB2cEVR7iD57PRP036AnfCLpImXDfQ3YOnOgZiyKcQx9Aex4vd6G5BNTPhKA,euw1,SILVER
ns4y6y942lSl7RfFXk25l9o8Zxmi-kLV7nZDKnHPBUtGrHtmTDbeU2-qUQJNyVujTBAdvLozSl6nfw,euw1,SILVER
My5HRfGuR4XKvsVi9MDm3hTvEscxhUfR2OBTf9r10iFn-BV_97fzGsaDeMY7dspdfUUlyDfMuIXYgg,euw1,SILVER
jLFB0BlBAS2YSkxqH1nbbk_AtEvLfyWNmTygCqmAPbGYSjGQ0K3MG1Ca1vzPWESEMxHGaUSNJP51LQ,euw1,SILVER
dqOw2QhJMQWAERcjauVZvyRzeyynPVWc0GUPnMU_4mRafzndROqTUU_pLGcV5hVHMYLLE6BBhzxdeA,euw1,SILVER
CgQG_rWtvCMXzLCtxK05PfdefxqkPGILjoq3rPaWkKLNy4w_k3YLIxmyCIvPT0Pj9YXrxV-d1XWBZw,euw1,SILVER
Gefc9Cug09KN_soA6ggKTfaAE6alZjgrS-QrIP3b6E3S2zd-pmYxe4JCQjyFygHq5ot7lIrh8grbOw,euw1,SILVER
caofCH473PxLkNfDsKC6K0JT6Nu8Dn5q8v8kxvJRqcq-frs3Yxp74pgzKmcfkif_DKZqo120iswsZw,euw1,SILVER
3gUeLW6nrS5PCq91jnThkXTxZsk-cHGTBurOt2PWuwZlTS_K6jMorX6rzeq-yHTjY-ONMrPRgBhBMw,euw1,SILVER
KoUeHaKmzCoqj8Ub0sW9N9PMKKm9FaLOVilQ4b1TO2iolvY-xvVUb0ocRLVzsPpliIT5sWNhSqSa6Q,euw1,SILVER
bwPaDCZX9DnwcdmmVy-VQtmnKOWtjOrJrU8Do7KWknYRg6DaWedYj-ivtz3sxGm0rNcGJtoBGsi4lg,euw1,SILVER
Jrk87ifmjReMGLx69LWXS80C__YjAtWRXlLW6bNECxYMIsABY1EsvsS6QqX7W1mgZivpdJmShhOpmA,euw1,SILVER
yT3XSIKzCLauysMW5OJmTVIoQDhSLfb0Vv70a8WzxDuYdMXbTzXOR4Olk-riaq8C9ZkDFQOiC5a3Yw,euw1,SILVER
d-9AusF0OHerfwDyLvWu5kfY8jxm8trdkF4cXrlc2j5g1S69dShiwX3UOhslbrazTsMN6thH4gWzIA,euw1,SILVER
6tXsy8iqd2Kh9XXgGbwTwgbDj11r4C3_M6Fnoms4fklCBHceGcQgny9Lhlz656tq206J7VcDna6kLg,euw1,SILVER
_UolFaEkzQO2b6aMuWUAgjwQ6aUW4oGz_mFzbZClyywcKJrH1lXfCt4aESC6KptV1oPBYST6Hw3moQ,euw1,SILVER
-hhmbViOxXE2mlto0s5DIE82O1JO7z1dQ-19Db-VuYbtbLAtR1T96QFIHJaTyKsctkMBgKaUirkFKQ,euw1,SILVER
q9-dJY6N5om8AzB_YuTV9-CjpjNuBEg_mUaygALfUVPPe5b2NJZEl6nPYtXKNR31MLlKsSVJqSd5Cw,euw1,SILVER
kFf3HFX5mZlttohZZpz75SC3ThVNrgN68XeazdHCbj93ZIKOiQo_-1q87G2nUrz6hJy2MmH_hgUh3w,euw1,SILVER
OEvUSpL5HtceE77OXbAiGcAR-2nhRQkVHBnS13rJH9q2DIYV9vyvuDG_O5z6tejlf6yXTQfg5VYPww,euw1,SILVER
2lscyhvGjpoAiExFqo_RasxC6TxTlu8ZKc98IHsZx486uQo0JvAPUkGqCSpczBnWJbE5iK3xKm4gog,euw1,SILVER
gxMYRvhR1xtbKzO1f3xCpdoBcbr5lwRhqdLHCa3JAJZvNKetJwpNKMD_wfA7_j2NvZkNt8LQSlWgSg,euw1,SILVER
Eu38w71ta-qKst8yiGCdTw5hqAHGQ4NvXq1LkuCqKU8IDZ932rgvSHHeK8hCllWler7JovMnCOeygA,euw1,SILVER
Jwcz0W5bIaEBUCjr5_T3J7BUYg6sLLAFDK7O4duKQ-0Ty81283RxeAa4IG0CQAROkC1bx-Odyi6L1Q,euw1,SILVER
xud_lmiuQah8sh5gJIl8uIQJcEa04MZxQ1dD02M00hAxFU4sICA9E-wyFUULVChm1NaIAiBkN2I3gg,euw1,SILVER
vmh0rRkrNH0smesC-p6U_nUZPjYJR2raEi3ZgJYMYR32anC9SYlYwBW3N6K6NZ4y62GcCws-FpVI0w,euw1,SILVER
f-U_SIzWYARCCxHlMhAJtzpDf3GKA-pdfD0MezJybxpUTYrUh65Gp_1-o5tZl9D_xChGREBnBPMVuA,euw1,SILVER
WBq96Mm2NSVeXNb_6-OtlC5t05W_P2KheBGqmXtXCfhE6oce9s82QapTTunNd2OwtzP3qymD8tELHw,euw1,SILVER
8esL5eFhhCxU0YdrTsL1FL_RCbHmHhxiTmOrTPLniintwNjo7azEpLwvJIpPZH0NB3sJZvsrdbBQRA,euw1,SILVER
uKmUrQQDEQ-KjYvYbaZFtLftnZ9bEoDme52fC2AWMcuE0iaxfSjmiFCqxC7neoQ3MvaSWTdO9bEhbg,euw1,SILVER
Jo78ypoiOnNKQDdX-DlsterhknMnfvsg2wZKD2tznHbNg8ODY_yC3Gh7OT3IExTO1UuMXaU3VcoyqA,euw1,SILVER
fxW8U-MgLOzrSdHJvAkrze5ErmBlhVXzWGHQ2mC-bym97LfDzS-0nH5Wb3Hh5DN-D0Dsm57I0twHFA,euw1,SILVER
zp38_kyJELU6VgeDzIPYio-Nh6aXPpQb9JidnOsZsfRM4-SMhHOlN-82aSIoVcMzfwL7xd_UNUA6GQ,euw1,SILVER
tLymd-IvYwbgyUdWpxU6XINlQjSefNAsOnm-aKU1JdiMRg5YZYPcBwp6HHTw2Syt4ggulg6UvCBaEA,euw1,SILVER
S4wlFoaW1vszrYssHrkNIlWeGc6o8L_LdZ1seMibVyNqhXo2oYFILhDRkbW3pxkr3jR3tBAZxtj2SQ,euw1,SILVER
HBmkd0bXrW9B1L6XmZ4wqFLbNvyx11Z8jZO5bsyAjHHyrHefZi3TrV7fZ2vY5I7F1lXi10eEwu6ldg,euw1,SILVER
up9mMIB6vnylVpDI0lbHQzHmzk1FWdJhXLemcMNfFdrrsFa_tuEc50nxnTl8b442h_HsUkGhnyxw2A,euw1,SILVER
XUzZ4Ug8SDAlYpIM7L-M7Wo6shFYxKq-a7jdT__gSO0-h15FFklYjcyuBeC3nMOGqk7_zrrO63SNQA,euw1,SILVER
iHPgKMUwlaK24rhNXUWCetAtNn-PG2P9zy-6JnSA2MPwP6C0CgtTOVKq9F_fm2pDCGoW1KR-iQwsyQ,euw1,SILVER
b-ultY5aCnZ1Rm1SVQvLJnJtq1o22PJYdodxy7vobKXR4xbX3yabeSmQwxPlGpinLreyCz0Av42Lsw,euw1,SILVER
9sJAyWZd6CtoQtOTIbCUlW_mZOZH_oIerArN2TOxkA1Ia4C4Oy-FCIEmWhjq048OnZD3mXPm4hngfA,euw1,SILVER
sceAklmoF8Q09-AOdEAuFtvDR24Nwdv0keR670MlqZKIkVfRaTJvaM33iJD2Eo1G0VpwMb51MzRNHQ,euw1,SILVER
ZOihZVKW24sKCFWUPWC9-8YAn0ajrp1weRTn5bR8CQ6pT3LsJpfOs94CdkxkT1_d1-332r4KUetOUw,euw1,SILVER
uHR9VqfgwVS0jcDLcyVOeZrhmacH1IOKlSVwQdX7R-xzB0hkmsxpKqLEhbo8v618Q3-lzLREc4ZCmA,euw1,SILVER
Qe1JUpQGC1GulQeNnS2xhfju8bxqj2pH2T6IaYIjYjtoPzsz99lKWXzDEw5-n02a9ry3eqM8i2Pg2w,euw1,SILVER
MluBY62Ew-s3VqVATjW1PgMi6_JbkTZdMelR7A99kwSU6t1HOQrepyX0eIkBaOS6TP7xnV1auiYRlQ,euw1,SILVER
pyqrGAJNswTHixtr7f1bf5KeDVC89TQGL2FhtNPBI0rSSr0VkCthDWyilUDaCGS-dseU-S4aIN8fuw,euw1,SILVER
hzd1PBN7WXekjhzB8cDEgYQkUmnAwM6UuPUlNyx7OQlr_fCuXL9RubBvP6uCbyhB0bBf9X7nQRLrPg,euw1,SILVER
TomKr2U-MRLjqzAowxCke02cZCooV_oI9N1m7qV5mvAJh9Ka00Zs4m3UILkhAQiu_plKB8Kn4rIOyQ,euw1,SILVER
6i2TwnQuNFoiR1BpRyF4pgI2lzyiPxhZqjH1Kw0nprRe8skjQrclMsLq5MWRlBLo2ZWg74X1Z7Wcvw,euw1,SILVER
nzUtWanD0PmrnypoPQCZ9QyO4xiF9dO7uFzr0829LttL1cNsi3neIrYlAfDj6J267FFZv-R9ThiM1w,euw1,SILVER
Ok6Lz6_hOWjrVxzph5rtRDaO4dXQJ0BEDZfLIaHn83oa1t3XgOG9hNV-Q-Y0yPQ44K469-Y9n304-w,euw1,SILVER
VugtoKjDDzdqdzBVmMfRb5RdgJ05YNXswV7HvpxfUEnKMsk2C9AiNaQ5fSjs5hviwxb5iDPIWwxtOQ,euw1,SILVER
f2VrWX4X9xUBa0HWQoV6gNhrABn6F2bwOFBgop5BdZSWBU4ZGWUu6bVvMhRpvzjKJbTEzy9FlDWOVg,euw1,SILVER
ExeHSNPRh8RTiin9fWZBA9AN-rV0_yNIhnXru7-Lce3WWKI_H-mBiN3gpjZxm2qmK_tycitgX7U_XA,euw1,SILVER
Z4qsyTV5O2ajOTqIgWTDmJ4EiVrW1iA_2nhefXeO1Sw4ck6T3uCcABpxU9durlD58sVO1QmRk8DmvQ,euw1,SILVER
EuS3dIxgN4xo5MarcRDJXGMGa1Oc_9HiN7FHRnJz93GmWI8qD4tOF6upLDkt2Zs62ofKnblw4pcS5w,euw1,SILVER
ZyWmPtlA_N6dWULy4mTxFtR0ibvl4qxLS_Y-79K8DmNuF50KwVg6PGm_r5VG0TMSRe4J0f9g9c8U7Q,euw1,SILVER
Jxm4p2p93G1i9AWHQt9uvXT0aZT-_ENZgiwSTmwI1ZQKvjbQzQ0viNPOk6kQk7_fsk-w5NLXLTD8KA,euw1,SILVER
JiZVjEEktFL-f8-4JrUSgT5_Wz9mG_Upksb7AVDhQdyXYPrOt2Z2xXqybU_FmV-_4WdRj4Y_C4lLMQ,euw1,SILVER
Yx_mcriwDX48oBt2JqMzbjhRBbga1Y62exAvPbuVIZOqaw3GGtlvv6AtQ-ThzgLGX3JJ2HLEdKOF6Q,euw1,SILVER
fBtOjR3IxP8stSHToJCnf6DX8-peySsKreVdA11S_Nek9o-_l6xKDm575l-ywHohtPIyTo2cvLgMDQ,euw1,SILVER
CAAdtqBirsB5gvVNuMptCvSIGqrPP6k2-zshj-T5dErTz0jYcmbgn02X7_2_TvlCY58AKfnhm1t1Iw,euw1,SILVER
ra9TWZWXLM7Ul3APpRF3ZO34diwZPTOMtf77ZDBdZwwvrN2GRJxEIehC4wRX6o5mMHTJWz_3lbAHUg,euw1,SILVER
ZIh5r9Ofp7pw1kiqR1LTF6nMunIeUBsgw0-bfDPR2S8GR3Z2_VV5Xrok4wfZEK9WuvELzAGG4rBKRg,euw1,SILVER
tbpD7PzltgsvQjKWesERIryER-qN5Re1WI-sPmrzGipNempPN4XlJ5rPy8GyqMNWMDU7AV9vSBnk3w,euw1,SILVER
fk0r76XEtLOOW-r73b2Dk3tkkBB18inpepbgeQCz8bKBXhtLQInbSg4fIIqdDzTXU6iX-Y7QyoqWrg,euw1,SILVER
Cb8XBZW01_WFVjvzhp-3z96G_TmVWXDCHYpd2meZpy6xKMehFuM2iR1A2TLQT57_mggnmFJsIXFjyg,euw1,SILVER
vY4BNnbeR4JmPkge7yVH1q1avTtWxcUEleSL6MiJCTcxZ_wcqvtAFFxdTZTQm7C-joNKGeL7vo0Udw,euw1,SILVER
Uvp_hgO4LskVZqF6G95vP3-gHhE8ltNMoqtpMBQivz8PfXbjRjhoS7ldRt8bODaEEOT4XlOvySOOsw,euw1,SILVER
iZvDrat2RnlGvcRI-24bSz0-su0Of2dUj431xIUHzvJNwcd9OUMWhlxgzdhlqmBfHaf3B2yIhqkMig,euw1,SILVER
L24ooSfjLjASGANnj5r7zrAMSUaOcl7KOlgLYqw9sHU959tOw63RiETM0EYdMXN4O1VTcp_OFosT5g,euw1,SILVER
FjzOTkhRUsWxq01q7uyZUDh_lwYGHYflbF3D9QJSy__1lnudKDNj0aLKaYsPySYVI9jhx0QzgACkhw,euw1,SILVER
Gc3CL44jfd8Tk-uaz_ia2O4AS32_zglGyZzTCM9SttrVEh0JjJS7ISzU3Ri4KtKCdt2U54FiHK06wQ,euw1,SILVER
GxxAHFaEtOWxIOmkoKfveXOKLipSXVc9u4uCgKoTm5lcqBm5-1BfPZSCQDOHMMRQ4lopiNpQn0-A1w,euw1,SILVER
LF1vXKAi0Df-mbHtxGpv3474XNmW5oXldldlr3OfALaS8VFfP74kqoe0hvq1TwAE_nniBgVb8klzXQ,euw1,SILVER
Se0igxPPbkQPTuDSlP_wku_NSrtp8weWbdpY95DIJXJ2BTPHDVPON8zBmn_GeQBO67YTO4bvXItBBw,euw1,SILVER
yWyBotVG2bU2vm8burjoacf4xJ8JvsvtBp3ITaAK0q9N_G-KacqaKl2j4xc0e3khsXnDru4Wk9U6SQ,euw1,SILVER
PlYklowuGUDo6IwS73ggX97QZfvRqItuXkEo1YCgZghx9BdpnjwhZSQiL9h_NyIJ_Wv27v7QO5l4sQ,euw1,SILVER
lQIxdnRvImvDy_jje4xr99i2O61M7YC2ulBbsKwZWTkorEG8cqDwBsmHbCBDPzt-bzN3FmvWP1VZrA,euw1,SILVER
dCGyuMruyAAVGjo-DK-T01XeKHE0e769EYxEX1CETL1HFMtVFB_h0DQ6tCF-ARagdEuDv3t2F0ZjJg,euw1,SILVER
YE58NDg53kRXB7dgXAfXcYWaudmcPQqG9cJr9ff8tUJf7QAAMB_JWtT1ozkdM_XqpmnAXYXNVDVyxA,euw1,SILVER
KioCtdRSm3g0IhTYCuXlPB3DMkvLi526RBnFym3jjPIoNGOCnFB7XPDcqhQG5hPDGPBrOl5IT2qoPQ,euw1,SILVER
wGK-NEG1bb3jvC-cwXXD-odfy6D4-3kk_dFVyFkGLhVTx9gE4ahPxDLg18ZdZQfqoVTyYyeA8rNiDg,euw1,SILVER
WLKI_jNMe6l_BlcoSSsUwohfUobH3CCZWTDrOJttTy0oBgMtkmHZUFvhh8Of767rfvms71TC0MuFfw,euw1,SILVER
NLygjDCVkGYuoJzpkx7XqMroD6QZUEtEhg0a2LWyWwh14Il0beisf5NNlw1dYuo06BxJGzx0ORZflA,euw1,SILVER
1ib-Nq2QrMfMMEiPZSTpl2D5vkDtgt3wjNF-O8ilk912ggUgyTte72rm0MdqKhbH1Wb-7AbDN9gSAA,euw1,SILVER
a081SAoUKEcJUUOlLaGNQflULK2pZcQsei0NglPArXkZXgExBxHS7moe0LnjwWbEzd_qXrbuF4Y3Ow,euw1,SILVER
AJIjI4wyAtmCjwSUze7l61fYpfrNIUXRIl5apPvSCM4blii-sxZF7anX1vj9HM-cNGNvNEJaD4cbrA,euw1,SILVER
I866zGaMIRzeknWQDftCfm2HrNy2Yls5DvGSK0rLJXDVK0oJqE-G2yM_jT2e_ZBtCpv41LpnGi3l8g,euw1,SILVER
mNqqgzWfG4fKZotGaYHiTaBnK8aOUPxCQJLKwEh0e7QH0_WXd-EoSFSx6lKVZ_ohEg950fW0g1raPg,euw1,SILVER
_FSynN8uUEhE939rQrLrfTK1UlvRyJWm7rDU_BcbF24wMJLsaKkNzyEwhofp6w61SDA5hsIBNWZycg,euw1,SILVER
MnKQ1YE56TTvFtBfuVXkpNdxKt4LrOcKU-kuFObyyPK3TgIVB7sI1CsZiwL3HWU69aHtdFyAft5mwQ,euw1,SILVER
qd8STcsNgyQfNqYaoikH2-yYAaaEvy3An7qItPcb1IIQTU61UwefRwiW2k3ocWrztBL4Y7FOkJagcg,euw1,SILVER
vjjqK90VAnLkJUyDTz6wbLI2ZFd53etMXgHlf2B6A5za_EXyqixaYlpuybJLUZD5-fYvWl9JxvStbA,euw1,SILVER
jhRrvuW02b8qPSciM7Kd6lKHHBhItjggu5-do_z9wKXPMZpGdlROpwdIEO5K5P34rnEXv12FtL1w_A,euw1,SILVER
o29fUzVSFCpHDWT_IVCwlVV5AeYdxBuljWY6c1NOOZnN4963ivs5GN45olGk0QWRFuMNyT1sOiFOGQ,euw1,SILVER
pc6inXq_wK_kgEsqL3CTaFpzlABgvsXaA9PzflT1d9sJXpSI2f0URA2dc2o3d4tWK-0C3qoGsvoDMw,euw1,SILVER
X2KTfgeLv9HJceSRoz8BZ7lKJBHvqOl69Pp1sPAadtpJtOclrPmdJcSQuW7noMmopDWHhsh6IkEm8w,euw1,SILVER
WCe818nH8oHMNMFI-_O1aBOhxJ5tRv9-s5jEHVCa5t6buf3KVNfUhyTpnYWamcZ0GcDg8ivpNHvyVA,euw1,SILVER
SGYeqlgetoxW1FkP5glteGYjT4rkm5Z4JnGxG-CgAaynFd6VC9R_aWI6MxsND3XRb-G9hNCYKjxljw,euw1,SILVER
ufi_2WYoral1tZ4d5SGEr0FZUy73y9e3-6jgSVYjIfm4vFM3b1iOWcZJBxlzXa-oIoNa5FktEPdVaw,euw1,SILVER
9emma4CHK8UgS1tjvW6kyOkQs8spxTIHreFI8U7c7Rxbf3M9alwHS2xGAGIqeVyUn9XOv2zEAqE02w,euw1,SILVER
8WjOJTOtK3WidWtwejgY0zsmFMLKvIZWy4bCmyzBcvzVyw8hDEJfWDg31Ivtw_Psaz0Lu3aSHUBa2A,euw1,SILVER
RRDv-jkkE1t2rQRUS0W7wORZXM9-a5GqQZopTU76vKEczrZk0-O6zYNBcWBiFwiRyqF70Ym4UAhtxw,euw1,SILVER
vuBa_OsdLo1tYJJEFNJV-4udHXwTrqhUAlhfqVd2_XP5sYmkHJ5tnzPHMY-9dr_o-VKeS1mxzOpCbQ,euw1,SILVER
gLSPtPn7_7Xy39ykyD2xTBbKqOWxx8-enNDd8XHYBhGJnAH2elJ_eU1nRaYn-RZjcb7zP6Qy6ZvYhw,euw1,SILVER
BURioWg3yx5p6LQeo6bjEE3_XPOYkaM3wMDIlbJBWJimcxGQBTIjW_lcQf6ex5oaZ04e2LxCY5phMA,euw1,SILVER
xcAzj_AUaCyQxtRmlOOfTOAJA8pUkcb4vKUkS7AP0kZVpCYERdWHip_eXsoMLnq0-O3Phripq_DtDw,euw1,SILVER
TDsOl3t-vQIPtRwTe5hQeEAZGMSiHPp-OteUIeN1YVLM1Ofj0fPOhlR85yqyVHEVdzHFQnQpuGPhSw,euw1,SILVER
yu1HP1LhhsYpBp48hvkMMkNE3T0IYHJKxU_PmITcLBLKpLin85TC3mK0Tvi7i8PQ0oYCBg2IQn85Sg,euw1,SILVER
EDwLSGi9rKau34DnHbGtbeq8IZstUAcQYSHV4vvZvEipMWLKZuXX9xjyqqJYgSnUqqdXHprEowCu9w,euw1,SILVER
KjFFVc0jBdet-Juoz5vWPzJdtIsKidVWqftJA_OTx4cOt61ceuUxqNYNu_BUu4xTm6SVOUhylzOXUw,euw1,SILVER
3UTy_6ij0FoduBRRJ7s3w_NjZuK42PsGWisbUmXXOqjHi4LeotSNmirUNMMBV4QlH9WHiNbyRgfqQQ,euw1,SILVER
oBMDbyD1UdZBuZQVMxEJTysAZDYwoUWQJBjSgGj9UyLykRtfN9e3k7l7c-BqUiV1hmCPMofBTeC7eA,euw1,SILVER
OPUcCCiiGwgJ2B0Ok2xRw_bFG_WGkMJi8yYzZ-4ksQ6VJwiezB_Nw8gDt2KMtxICutESQyEDjONKpw,euw1,SILVER
aY8XfYk47haohoS1lzDRA_WnAhTd3a5jFxOnZgM4N4Kirv1SdVoPb9y24cH9EbNw8cDTZ8klomy4Tg,euw1,SILVER
RVJ1nSvvxo0xLFC4e1uRAMqOCyFi5J3qHmcgXjlIniwizNVv81apqx8Ssa0ZyVE868EUI8rOLeK1kA,euw1,SILVER
ThoVdyqOjsVnPWQD0PdovRQVIw6O8NmXR3YDB2nkqkkw2YkkkDhMU_9AwIXnsbQGExnomUGMWgu-tw,euw1,SILVER
yXvWsN2OWAaS4AQum3XixqEHpUtJm_rScPYaFVaxZXnsldiX0hCLAT-5nbEL6pyZE3sBiCYhLrkEvQ,euw1,SILVER
9Jk_1RNps98_-aG7OMFTHlkA0_xstotHLdkeR7k6soBkfw9Hzeq-gu7rlpP7t4drduGIXE7NLbZjuQ,euw1,SILVER
PVAfs3UiQ7judeQkcO0muIEn6juc2o1ASiBgLWW1W38bvCsoPmEQYo9f1lMljtQjKYu8BdPHVzdBsQ,euw1,SILVER
DmxhDCFj0CRewNO7fM9QLD_dTg-t5GhqHQF26YQYODApCohMW1UdkJ6J61LL_CfsPf5CqYpPieBslQ,euw1,SILVER
hlcdokBM_eUS66KdpzTBHAyn1EK1Gz2P4PvyTPIAqGlXAMzXtwqhBP6gKjoFShPY6nvlcmdj1ChS3A,euw1,SILVER
Z9J-27vOGshbRx-mGz5HsXVNPU28huhSXexCw_kLPoqOHBGFRJOaUfekMW_rv0BvI9XpelNNs1VBlg,euw1,SILVER
DgBEpfPv9lsBZNpHM5163oG7x8rp7Kmy0u6MGI5iwBOT7YSszsriaA_qKvXwO7ovk1GXnzh9EgYCsQ,euw1,SILVER
e0mez0wB_0QU1Qa9OOVOjSGf5jx484zK5FWFmdU6vQ445sI6-2RV2YGVAw2iPwTo_EDJuw_zDHKrxA,euw1,SILVER
6314a38PBccdb5KIsG2g1ju8_uDt1oV75O_Vd8npyYnxJSijm2t-PrEGb8o0gv-GEllWdmbsu4icRA,euw1,SILVER
K5vSEMA38oL2EuC3NTfJXXizJJQqLUPxk71bZt6_J_EDyscdxcvdr1SpOLUMVF0pJzWsn4p03kosIw,euw1,SILVER
7g4Qhsy7B2Jvnk88djiXnGjTj8iufQGtqysjCXZphWCQ7WyzZfA1t-ojIngKq5XcqTcHXTY_MkDRcQ,euw1,SILVER
K9-fFHBAUlGfFJLzLRM8xa9eNuGvPDIA57BtqvQyP0eisZTlQ6G17eyxYUGkNHu_m4LyL5J0PEaJOA,euw1,SILVER
NSOzeXMCaahr6Du-URZnKPEPnpZy97g2nQ_RNc2u1d5_mWP25CtHjZp4ZNwQTgTM2ThzNGi_I8aMPw,euw1,SILVER
kMpf5tfxX5wJtccoithefLD7xczR_9UUyYkORr8pTRVQiofKvHER0q1TD1GCJcEmAVoiEAD7IOqXtQ,euw1,SILVER
1KdDmsJ0nbG63vT06NmktlTo9VUOC6VoFf24_vHF8uGpXDl_h_sdnPL8JZ_CD9IyzvELATRwr4mkMA,euw1,SILVER
mwYuxVSePq5BgZT-TWiivarrGNULdRx8-swAFCRiQJBjUcy1y7pplcdl4tB8jE7XU-MfZBTFh1QS_Q,euw1,SILVER
1ZtMzpdEgomcPhYD_rM6OKrL1YifeQZ32J4UcoFhoTnF0XGAGfKwJbPitdD0ccQZUN62Ja7334sSDA,euw1,SILVER
7UmHOvTi8_AgpuzXZp0DZZW7xTgr2euPfXdpAcDYkvBPDYn5OmhoJ-JX_nbBjRKQWRNXZHA7XVS04A,euw1,SILVER
uEjLHht9NbsPccbBiZgL5KlX9uDPoDQkNmvDDebMmO6yj-qySxciiuXc2jxtLsvEGhy0VO9vQ93iCw,euw1,SILVER
-UUVPZNCK2YhQbRAT2QItVaUzp3pW8liAwl8AACkU2xNwztyaj1EQf2wxua3YC4OhB7SagXSsPdePw,euw1,SILVER
Wkii8WocjD7nWi9mkGnevkI85Z7TgD8Tx34iMrVMzv2If4mJ6_MM0aGB8rt8k4M8BCT1FTjsPp7Fsg,euw1,SILVER
lyoivyJRaA6OYA6B4PFVKWHpCm4GS0yMQ1Lwhe7j74cg8i_mIgfjGYtK7BWtyZ1TXsPZQBwuuR2hJA,euw1,SILVER
GsslI0lWrxaOnPzod1k7gnQ_nTsqPIC-lQy5bwQLzpR4-ReyMHgITcR4TgAdMHlANOK6g27P0S5vcQ,euw1,SILVER
oRUlAMfSy4YUXp49OyEh97zsEgs3O4Kc0Yh1hPDfmU7BGgrtTeRqotGv_q3aZkL2CS4zqz8CIYI_VA,euw1,SILVER
znS6C3bHkx_ETNNGst9Ua7eMAVvUjpy7ib_jWAIMtcYrbsgNn6KlknYCmWLBK0-TuTs-JDTZDC9G7w,euw1,SILVER
wXSJFW33pS2x5sVrQLmSk2mWIoCXcKYz_n8WuQQZOXbOBQbIz1Bptnnis9VRarkmw1AWZlYUXXLANg,euw1,SILVER
GsZYr9uLtjmD1ZmG84ShPjxT1eAbB_K51M57qR64Hk432ak6iYC5zJ14dVCT8PSLcI0TlP2QEQWujg,euw1,SILVER
UVA672IkpMSNbZP3PWw0YImaTwuZMe0UuLjJcfCYNuYRPo1C4GUSlfTWNkgxLhlOaz0YhNG1Hgs12A,euw1,SILVER
LKvn1ElDldcFI713jkkPy9xwDBWSCZt9IteVDAnq6hS8OTrm0pAWuZJDJNIQ1A3z8j5t5zvsSPmflA,euw1,SILVER
4AEABjBlvjAvX6JJOKBQX8UQT0XZ3GOfxkJMarMDPRph78R_KNLZJDl9gxGPnGLMwkAfFs9BqeAsmA,euw1,SILVER
LI9wclSk4dGQa43gcMBJuxILu-1PykLH7Lg9qyMfXRM-KzLFrtP_k0r2bmRTl3UZRDZUmjLDvrr1Wg,euw1,SILVER
QC8VbmIS--4GH_em4UslaCv-x5TDxzIHrmknQpjopjd04raOXHw47upN8-NRmdOsRofcXbxMEiH4Kg,euw1,SILVER
tCAQI366GP3Mcx2raT2EI2sFrvp9YLElhFXVYB7HI_XGelqNZrqjvHUkz_QLqF81CHDTg3-HTrDF5A,euw1,SILVER
en0_qKULrMuJRecGf_V_AyXFuKNw5qalB34EVx0VAc4vBILiSxngWweNE5buLxmZBjQWqZ_BoRlikw,euw1,SILVER
eALkQ8pHAdGgm6JLDdsc2svlW0uLaAm-EbAxq0jMXSfTjXYIFdt-sPPdB5Kgk4g0cRcEXT5frd_4Ig,euw1,SILVER
ZKo3L5dKI8l7DKRNiz_wIDQnh4kjwwsG8sOLtmLgu6n1xLnBJnr2GmgScBPa8zVxXBdPGIQBjU6ohA,euw1,SILVER
sofnesb1DGR79lpfsEvkTuJa-OApFg2ZQpaQSi8EYpAbzWDOV9HrokxwX-o81KDElXS1C2zKJlrqnw,euw1,SILVER
bRQR7bB3tEbZhmeCgFTS3P85nbRZZg7Osh4fFZCBnYwfFyGw79U9MsrjaGQS94NvLAN9DTn7JrbAOQ,euw1,SILVER
1stZUsGQOmRHg1crZFulPukgfqU3uFfSeL9Ee75p6oxOv_4_bCW7Dr-RhEgndhUBZlvc51kYc3xIUQ,euw1,SILVER
uN_gHP7aYugCbjj8NMoezjthJJn-mjWlMCHNTqqUlLZTOwpm2ZD5IZx3KcstO6NisVj1Kp2IhWDysw,euw1,SILVER
qYqxnIpRkjvesFbifhlDCw2eQ8Mv_OhnsxUp8QZFoeINPHkVAqfgMyzCMdxklM84WLn6A_P4oEqEfw,euw1,SILVER
aRdPz0WQwaNQCvgEsmotvF6T9bK7N_vU4tXGuQRk2l-bDIqLj8jxIOSu2I5000EDjizS-qhMZIJQPg,euw1,SILVER
OlE1o2fCAD89vfVsjmEjmjUh8nyq0BcpAf6dEJZVGhGfBitIrXAtgypJq7hWkPEagsy4dRvCkA7uiw,euw1,SILVER
-IMN1QLDlDe7FxvpZbGCa-qAiwl-iWMH1xuJTbgMPcXbmxKihVwOI4qeeoBGk2hRN_TWCZUQO3bEIA,euw1,SILVER
VGS_wQLWBmGmuPUPSDhpln0D1JDxtEZK8dzpyRIvrDQShMNvLb-Oe_d0gbzWBBnOTZBEz0xsF9v3oQ,euw1,SILVER
RHybE5VJviYBZlBArWJYj9kJ0ncJ3gymvPmcUaJyBle0uTY-k4NbojJBdeAqxZ3Me8tdvTtfg3hAgA,euw1,SILVER
RYmNC5YARlMxqVbUN0HvsQhYFDHWZPbtIdK7Knaw_b_a9j3e9e7Zf5gXRbl0QGrkt2AQn5Y7SwGgRg,euw1,SILVER
36flE3_OqJqShCHzBQorvS2UkQDWDZJOLUAxPr8a3Ad7Nxel5NB6MbHQ7mEWjSfN23MjXIcOB2YWyQ,euw1,SILVER
m9ZDfyX5fBC4xsCk2hCKZ_GAykI_MCL6blpKmDdRdDee-OXiVfGWdT3usI9fpMWOUS9BTSpzmgCWnA,euw1,SILVER
lSnO9hNJ1RQAQD9EKyaYgmPEzFb2Ofp5_vrDw82EHT86o-IMMq5DqG2VnoJvdqbMZDg-0MMt0SSNrw,euw1,SILVER
jz692aMqkXF8xLFA3L5KbiCBz7Okt_9_dQEPAMUcGgdCGUOCvfexocb4Kof5HeArvEtY-ys0b4nphg,euw1,SILVER
jxFZulPCKd9gQM6nuj2BjHQrGpX8dyMZe8S5hYJ6lnYGVy-YZNEjBc3r-7YpBTIl1J9lMHCRyUAqnA,euw1,SILVER
VOoTRYWvNOptQ_S_yoL0brAvw4LSpiXAU0ctFCgM82779Lu5LN7utQpCK823A-1EpPNl1iWwgyWpVg,euw1,SILVER
hZMoyfym4V2pKevHpOta7_SnOZDpxmj3z0-yHv3fIOohGxKUjaTQjXsFssITzQxWZhwHvwaprLBFWA,euw1,SILVER
QYeEtYfptP8f2le_Fm-nyh34c5xvMOawfTipWOlnvAxNvj5z29svVCusgJuY5-V4lHcPknRoLUjETg,euw1,SILVER
FqWTvzRxbyRNYp6t7cjmXAOyWG3Ck7zkhXkCwzuYrvbEb5yZJEQmxWOeZqpyB7CgEJKbG_nEwusJ6A,euw1,SILVER
XRLiyWO0addEvfg77zWG6PecrYAHFxN2nHuS0oV4gj9eoxhqts3wXIuEPhyF4JKtCjMZ5gF_xBqJ-w,euw1,SILVER
GRYXdPTcHQmRjgEKGy3Cw0LmuTOmtT0yiPAFtxp4Dz8HTjIRfpZtctn84tcW_h0U7aHF7q91oZ2fAQ,euw1,SILVER
BOnX8Hej_K0KP9KRESANQVs-guA9J8bfFAejUzo0vAttuU-tp_0x8z877143xoLNoU5v4eL4UNXJFg,euw1,SILVER
R_pmt8Soa7Ts1lKNGOHNHpnF2yiyFlvVhcZhh6EF-x4YA6wBZkJ6mZDSnYtC1UyU5RYxLqp7a4NkGQ,euw1,SILVER
n27YysQt7nb9QiiSdLV5CGwVtsUXRhI9Rmh8qM1IfaO8NlQkzSy6n08qgtFwq_X1mVb4CBJ7fUQcMA,euw1,SILVER
SUt7ezHEVadsjdm0jZVm7Okiyf_fW5EbY_itDE-x66uWo6QZEgI8IZr1VxZ8Z7vvUAdzwwN03yGPFA,euw1,SILVER
YWymMWz_UmRDGwkRhKxh-fhFDQFSGlxeVjShtUUJpYG5C0_tV6qjFLjUfBYag9q_hvMdc-LsaFNzdg,euw1,SILVER
y_j9pXDT6NJxKSntZhwmBIYJJf6uVu68StsUzAEvbKKt4fQy0D_Q6eLT8jLa0scP3Hltj6JUqKZIrQ,euw1,SILVER
3G6vrHgq878qdl0HfTpwxpbP0b67qq6yS26EQL5wdqf3pY6lWt1miFgZQf48BtoX6c0H3zQY6JKNpw,euw1,SILVER
wH8P74CUl4gTWt9n-JpicC1Wem5Q5JpgDFyZHzcRG7aGcB4n2UCvhgBFnafdURVetuFGgej8USO16Q,euw1,SILVER
nuGtepYVOziXNA5dKkjkuIIospnfmzRCVBlj7dbjZXALGNJOwcBy0ok-pKGWMBCLfE8PNekYEDVJfQ,euw1,SILVER
8FxxU484uT508ZTCkKkXdOmyiDr4RlOPk9TKPL8cTaI6Im1HvCjfXiV-zqoCaI-3rE9s8cOfaidNXA,euw1,SILVER
W9x3XLmQvQiJj3PCAbddcXKLcMfTi6JxZGtNuQjgiAE2z8UeCNA0s9NmEaPrO_QOcTLkfTRAb8pF7Q,euw1,SILVER
a4xtvKTpa0WMMNtGZelpcowY0EhPhXpipz6n7h7NGBkaOZYxU7ooKYQ6hR47G7KKuJytNedp4WxH9g,euw1,SILVER
NjFfGZ560K0cQJ0xYl1aqtwlAY2CAq_7qk8h-ei3zVBfokX4oE5xG5eYszbifvOfUnnP4F0liSFt1A,euw1,SILVER
e_AuNfm1awXNqxT4LLUUY9dbUb8D64Qu0fvgY0g64N4PwaA3GIEfIMlskiyKmqMgdsB6GQWCajatUw,euw1,SILVER
wd5j7bIer5n1_1imHFPMsiSeJBm27cgLlKKy4bUW4Gj0gAG6BZ4I7LZ69MugkKcB3PDQjizWfvhksA,euw1,SILVER
pfCbHHT5-0QilzDg9veXsCFojxJIz4ACSF7tOZEvKGa0SnFVm6OTP2prAU7HYgMc1fyDfQAvj0sh9w,euw1,SILVER
dyaYpFNiQaNj1kWkZ_RWJ6F6mOPyW5Qayj55K9h8zutc0gEXGGHTGzyvTHt4j-_won3rJP99Ppny7A,euw1,SILVER
7dM1M4vIgd8Lf6896OnsClpSEl3mfcwx4fla5LGuSFI_d-B8uU0q4ll3s8ql1HNHYsNrzyqMKUSmlA,euw1,SILVER
Jezi1hekNc7r-jOWm6JIs1MCJx36lqjpmuqz_TdvUIITobLO99NL-d6pFHARUoAN7qPtUYvZf1-qqQ,euw1,SILVER
x1_Rc6VJznorprQNjM4MsWSAQCBZYZGNLhXPiByb4pBR41a6RKfxKMx0heShYcYTonvRtUN3-n79ZQ,euw1,SILVER
kq36u-0SfRDbFeIrPwlISKCJrq9m7QvTdOl4UYbH5C5H_7OwZfZP7wfBa_UNzf-QKD_eVSe0I9SJ3w,euw1,SILVER
y8nQmDfdgCBs6fvcKlgrnX2IwDXXz49cHBekPuTanKrS8xwstWfQ6WFcISWGdDtpJt26bH0Bo3FGpA,euw1,SILVER
OlyWm7mYevbS2uMkE_qBelQCmkKWE7DheWlBdKKAnBZnfQjjQ31nSbfay2aby3MdGFsXLxTKF613-g,euw1,SILVER
J4ctP4tH7CEhhofwkQT9Vn6qetKovQiaV5mbNYnDWLBNW6VJbMUu-9k_cnBdUVkHoYl4zqgmw9d_tw,euw1,SILVER
SQHSFQZOz5hZl0Bjjtb5IBhUXgvEe0e8E6qTXk0EDNqb0CNgwWq_zVHiG6NT36r1U2USVLgRd2VeGA,euw1,SILVER
G_H_DV8IEq3Jpm7QGnt5c9BTprTtD7MzE5sfbHce7jFw2wQrgsyDa0mddNrYq0BFIGTixdCu05Ae4A,euw1,SILVER
_gI5N0CqNeWa6vSSVrgwKKLbv-i9pjz50ARnPXcefGu9gAGo4RTrxBEPt0NZ4RSlVfbo-XeI26vGXA,euw1,SILVER
l8uHSTyc1PqFV28QKuL__NBNrAZmlF8QEsyhDjF8Oa9LoQyD857x4GwbTGJWf45GoVWlxCqvDL0y9g,euw1,SILVER
YaKNaODIXTNPb_VUahTENGhH5WPIp6CImNAqbyqT5qxWGKlkiGT4MLv3pXwcaJoLyJ_srwT2hTUORA,euw1,SILVER
Al8oURom9L9n9fX-H0Oa8Uo39ZbZoGedR0VpbUHrCXHI-onoy6mokTXGlMvqed7ZM7XAJAYp3KRRiA,euw1,SILVER
eHRvvDMmZq3ASefsSaYkaxFKKtcRsoNa2oXpBJR69oN75ZeHC7uf-_HMQIXciynrFejdz6sxD-Glow,euw1,SILVER
5lKY5rkruamctK5griZn4YYE8_htvFQQ-gWQNd6-Yc0taoCeKz-uIWZLFwPf0MlEY9Xx65R1C-kF8g,euw1,SILVER
v7yTu6p9lMflh8ne1TgFatz1470BxqQWtUGGIL5tviGmJFhiNd8mR3dZZN5kvaosfVrJsw3ROBUG8g,euw1,SILVER
tWc4I4N7iTU6WYuqBDGc2s8sUF0xxxVFBvSaNOGboLJ39d7Qh-Aw5bvLo5nNRNASVxZT-KPm-o3zpA,euw1,SILVER
vzKVuyswLx5K_zhIUVW7E2rYljEDMGfwR8vKQrd6n7RTBXcODG0OhBQ8qDHSdUEq7vP4V5Wn0uaWdg,euw1,SILVER
ZcfBhzN5QpsGTbXkqgy2Z_QcvcWWWhiUaF6rUschN4-eOYauefalIpVJmECyVAo0jLfIvq5xl7QtIw,euw1,SILVER
Lf9wyWAUyMVXhGwX51wreb5zTEpqRKLSYjJ1_gao7S0jjGh-MqPWtliDOOG5NDnAfkSXGDvxqk5o7A,euw1,SILVER
jVBBKWjPPwylmMKypmvwHNmq7j_gXdcn_J4CpQTOVeX5ylS3fzJejQCZeNzW2_CLg4WQpi0OAuvNug,euw1,SILVER
JEYj2Fsyk9ZiCgYMHYUtC7dGAr8c9_d6xnmrbF9VOWAGz0KF8FioFg_VsTkuNoqslpV6RjwapTF7oQ,euw1,SILVER
iINHJ611VUCn8YblNQHIkXymAV8531TCwYz9HOOPNM9rOUsfjcH7ljNweCh6667poSSpstuIu_Xuow,euw1,SILVER
OdPdUtP4CdPS0ZxiBqvt3zIcOZtKUfRNK03HPoUcKGaiDKyOJZL0wfedU1Lg3B8sYL1ZudsrkjtoyA,euw1,SILVER
tpwwi7e28eJ8_vJZcuaie6yQxTXu5GhMmPHqqn_L1bd57Bsw4QNHABAZkWTmxLVeO31J71CvYB5lnA,euw1,SILVER
8F45Sc7qLGMFxaC-GtwpdeESYjBT54BRJmORi4Poyoxa7Rome_OGlnWM96HEeBjTb1oRfI6srt7bvg,euw1,SILVER
8WPl3lNviCWKbTqFWZz1Z5T9XXBz2HpARyqWapPQ6Z6ea4IwNLYifIBaVgeqFB6Ab86fGh0boV5nig,euw1,SILVER
Ar7qPB9rL5rRa5pZBp_DnCGFSF6YE840up8y8QPhIIrScAY5US4evqC18HUqvGFQ1TWIoSYpnZ2eNg,euw1,SILVER
4FmOfYUd2wDmqPwLTubO1issgB0KE0OL739ZnkLWnqmRX8q1AdtocIKXBoq-Ly4TD9-5pUJtIwNwHw,euw1,SILVER
jt_qoxX-d5UjO59goNWc_yocDljeLbBbxySzje9pEEOsrVUdsOH1oet3BmieC_mVqMyon86mxtpoCg,euw1,SILVER
aWra71MeffwiUWUJ5GOQNhaqUpawoVp5Tx-B2F-06ngdM-gL3He_eSzaA54LD8MYTxMatCgilWXnlA,euw1,SILVER
jnJ3zks3YO5_TkMcsqlM9DiyOo2_D_UkIn2prl_h0yWjx7rVLUk2_bYvKreIGfQ1xraqfWdG9Y7-WA,euw1,SILVER
v3U5nPyz441ICiCLTLdwQecxPEkg-YpArh3cxvuYawqL_Yg83mLxAltsVKmDEXVEEi5DRPta90XkZw,euw1,SILVER
Crrf9w__ZmiT7rI03K26oFbJeuyVQ7ejI1PgMO2xCr0JY-Ddgz9Ctbg4FAdgdiNXMogjSmGYmu0BXw,euw1,SILVER
qo4fVX4pnz8ie7kLX36GH9rZ-50uXQ6tTq2uOqZgjw2ejD_3Os0xpT8kyOZJHQsijDSHP9AiV-IWuA,euw1,SILVER
TEON9s0ijCkpWh3bYfvvCdYyZH3sBu-FftA43weVvGnf_W6AM-JZGcMWlw2qi5ZQA5b7UlYgQpvAWw,euw1,SILVER
AAlw_nn3ZyA_ggEycs47duzimyThp9zUwFHNNH9STxJHex_QAjhkGfo3XBjUCUpWCd4gaOYz0vCpgQ,euw1,SILVER
JXBjNppJgmm90qEnH6GADxjylzsQtgcAVCHQyHqYgjlsp8-l7k2hYw-S_75dQBBjG9wSko_RXZhNkg,euw1,SILVER
EeB4s-5P4VCecopg704HAEHrE3QX2Tjax9gUTRzAu5HuhI-rFgU8MOqL4bvFCyl0WERF0LH2E1GIQg,euw1,SILVER
euSNd7MUejcEFPSpiJrsc8Hze8kaAz3AcgaDfLxiHKomPhS1dtwl2hdBu5GKE2O2pPcASzQW_XHn9A,euw1,SILVER
ZvelQxVOf1-GrE8aD78FJvBY9sRiZ9XTVkggBEFu9uBht4p5IFR6HsUUr2vGiEUuYvrtEfHTRapNfw,euw1,SILVER
Bg3I2eifkaCq0ohkT7Y6DyC9UavHZxAqgtHtOf0Yuysn_BWU8RAKlM8x9G9VJ-XxMEdzzGWLXsPoTA,euw1,SILVER
uuLyU75LIqR_KZiLD1d_T1Fepo4HpfdCVQwK5AOmIzedGXWonEyi7D1Npq0odwYiurZqa8HoQiR-NA,euw1,SILVER
7qGAwqswp31AUCgIN348U4wa8-LENFqDZ0uabPZN_dYZgOiITdFs0XfTM1OSooFRXYqhR13x5UDdnA,euw1,SILVER
Mht29OmuAnMzvjA-s3K5zf3y84xX4H93n6a7uohwY1iMd29kniV62RZgucWqQvF0rUVZxxGb3IKX1g,euw1,SILVER
RMuIlHkaEtf-1Rf228MSxX26LfLXxbKM-hyjui7GecnkQYj8jj4nlkO1FNvez6RxXZvylInpI0Ai1Q,euw1,SILVER
MjSbsUg7xFQ3bRycbE62YoaVOh3DGd7qXqMb30lBqec0CAgp9KDULLxja822ducEXkR75mIMtucA8w,euw1,SILVER
paoifJoUvYQGgoVK7F9xTo3qU3U-XHBsMCGFlXnJ7hXFn-RUp6btpD5bgSy7y0OHJdEDX4KXy4vsCA,euw1,SILVER
j_mk5z5FmutAluCkW4RDRb4Ls_Z2MUcnTOWS4P8bOrACdCnsCqpdFyK6c5dlHekxUG3QJcThLYre9Q,euw1,SILVER
joYgqsr1FLYMvcRKOEKEL8LvEcGsTetWEjksvaAXS9hIkXg3pL8THLAypPXKRL3TJoe0UnIRFnjKlg,euw1,SILVER
kUgvUp41ibq4IcR-gJDzYUC2fwQEAxySt9TPl1kvAhrFNdPLYh3h8IGOwosN5NIwHVcYqNDJupnPwg,euw1,SILVER
CVqsleljrIogHzxspFqVbpkI8sv4TH45amEuZY5bc46ICd9XIpoEpaa9AYWTTZqnwt9bXYV-xCBKGQ,euw1,SILVER
MhWQl-vFxApqxjp7alolm2lBI1Kd3x3skdylFKd987OFijTOs5G9zyndPHpAFVWbf3a_vlvmH5FSpQ,euw1,SILVER
yX73nV6MLlYmLQLwU9QWPxRTPIaLqF4cwbYB4oRbOGYXla8VOWjjHFgmqneLSLfreLrWdGKTksQTew,euw1,SILVER
5Z61LDa29YuU5TSHOUuY3-PnecNGM9nHcdLLAvym7mW2fsbbIgjymHT5keJXSUsDsNfd21KEP3_MRA,euw1,SILVER
GTgGDD71gWYb5W5KrZeXB9qGlto5fQ3EspqjK2l_IdxWKKtzZvxyKVz1DBoUUwTLLX5b_VEBuG_lsQ,euw1,SILVER
Qzf0K3IQ7qWe0O4JyTOj7KeHzJ9ycV836zqaC1KbD3A3HvogxO5AiKKOs-9RBA4OPtu9nvPWrc0y3g,euw1,SILVER
nk5sbmIu20GX3ptmZ0kyXHlX9Eq-rHXM-43zcDmdxrczkkC7O692DU4AnRMrVIl2JpC53SzEA4mIHA,euw1,SILVER
g2FxYTEveiMQc4Xf1WsYOBQLxon95VwBJkmMRbgRo7qpvVz0X1_ISoCBhkbHicDrrWhaNvKP7sy4LQ,euw1,SILVER
_48hkREmxjIYQaQ8rR12RwSUyaGiwqyD8g_UC-lgR2-ZR_istydj-M5lu7mF3y-lpiUIo4vL292W2A,euw1,SILVER
f8p5OPikn9g_hjL-1nXqYIRM1EfmkavmmJdmkCcum10t5O1n3EoYwYM_SYt-AL-_DWkgM3vgMoPdlg,euw1,SILVER
OrXBgsqBPDCRjgn8908ONa04Tkiu1BLhZNFCdP5X-onyeO1mGK3a48xRaxVhoMZy4g_SjURmPLWTwA,euw1,SILVER
mF8tPF211u4D-ZaN_Tfu7veM2tATBbz__jHkbQSFLzPWXovpBCP9ghFrlvhBpHMjvh5WP5PHhL3vjw,euw1,SILVER
FV3uViiReLtE6835RCt6Y6bjyFm8LECDzJ1bPAoV_V6uzXy_gGi6khDJA3uJ04rcySyVBYHju-rYlQ,euw1,SILVER
xax3baGf9aOP3nXMnud9R7W48E9vkWlEwIf3zlQt7p9eiRoZLBCE4RwxrZ4UmKpO0JvGzBO7RgIVQg,euw1,SILVER
CWTIBl_9gFBcMXjTDYWK6ezCNw0UwQEYa7aUX96wJUEfkENvv5MOutS0-hk2kTjs2T_WzmkyETW3aA,euw1,SILVER
60b93BfdptzJsUYN5BKv0u_s1RiCbMQckf8xo2V8wNMkCvtoi7hqR4JLDjcoyPF4mAA2-cVXwYmnCA,euw1,SILVER
rmuFO-6f6KgflGXwhp1Qg7afxi862YAF3DQUvgY9Ir5rCozVTpOiH00TpStuTeb1tPpxtNbFsNY5vQ,euw1,SILVER
MwkOgqiCZooSQxopSL4SG4TknVwrotnL6ZQp7WkVmgvzmux6-tL8LmmQNADYOO_jp1cWtUe0hWwKfQ,euw1,SILVER
9A0q9uEYIT5qoyPrbIfhdTPA91r5y2j36pxPFGp_TXoUgBb8-jvajEEgeQGAaFDfLH6IfAFpd8sYIw,euw1,SILVER
VFgU_gQyF20FNpCTCJRbYYJ7Ny7hJRHKpu5TnT17uKg1vrLOR-r08N2Bi4lG7VFxxF-MZr4U9bJsyQ,euw1,SILVER
sjNnIJDE0Uv1oVBZ3H0mtKVh_yjh6ELJcD1AD-n3W3UgJWd80g_SJ1QQENao_jisPQaTJYMv0Y6Haw,euw1,SILVER
G0ePQaxlSEAxKZhAEi1Aq4LMqLsGazJXikHjb4H5_4-6egpEWR4Xqfh9fewkmCxhNKoz5pPDYR6ysw,euw1,SILVER
JEGk4Q3VX2NVE-Jq_WYRR7AlLLc-TTUKoCl5z_eKcllapELcJSagnh0LK0wsuNTL3VmpBN9qFs4j8A,euw1,SILVER
SY5oUbid9OOTEUBVOyi3NVmLT1ht3Wst-u47QwXb_EPrcP4e7cF4pTrmExrRUB10teRSOSyhy0gN6w,euw1,SILVER
mcqD_tnZCfU9B2HmDRSqOJgkxwLAGLAJNlSfYGRqMDRWp1hDzYXifnNVJyIk94e_TIpZvnpaDWEEgw,euw1,SILVER
BkZWIFUoycdoE9Rv7vZiQ1O6n51HPa1aKGJBT68jT-YBM4cYSfzCRoSK-rpPixU2jyr_vfoEevVBdw,euw1,SILVER
ruzH35fMfeL4Pc9QRHnB0TGMjWlMM7bqmWhRaXEHN1pKd2yXk7aHQHtjsMygG9Mc4wWUi48_63d4fA,euw1,SILVER
Xo0Pm_90W1DNRaeEbVyMdZdb6aqoImhpB-bfcj0J65JDxj14J3Vx1nrMGyUMIbMp4h2oDqQ3lVR6eg,euw1,SILVER
8BYUjxxKzWm36s2BIoQZYh6DyAv9PeW7r0Ql4NPdMyVT7Y4l0G1rjWGfYRtKjPISRGd7g4EJgYHh7Q,euw1,SILVER
K4ZVXRJ7q9d4gTRZq7sW-R7-hoK2COwxAVyqOSpdtuxN0RlAFRZkY65o81rMmIO6YYnnCr1b4-Xc6Q,euw1,SILVER
wJqrbLP1Pwh_oAklNXzUNpk6xHaRnvcqtB84Z9G7nOyBopx-Laf9XU856hh7jS4pLrV6DR7VJg0NoA,euw1,SILVER
sl9F9jAMmnqGYdf1aT7zFSJguzlRP6SlveVGlYPKiXjjRV1WZtZYEeLkx_gkyxG96losrBBx12ErhA,euw1,SILVER
mCmQg1i7k9i3UN54sjQAtZk9AaoWi67CJQh_wsbh9YOZC0rR_aOB8aFnYz48yqb1lz-YnkoPPRdspg,euw1,SILVER
C2IqV3LO1hPPAsA3EidJT7YJoh_6jY6Q62ro0q7KaNlbrExDTMcQ_qFjdBig1H__zyU44mTib2qEFg,euw1,SILVER
BeeKbsz5McKsrdawlwJs8AOOlb3LZFtRxypH2_TLObw5vhc3GkjsKyVpYd8c934YKfPTtBQW9d0dfQ,euw1,SILVER
qKM5xXuX7tp87a-gMcizkTQce5sZwtGWxr37WaypwjzR9JyF3Akz8BB03FbbGtvf6Q6D8fbH7FwcRQ,euw1,SILVER
7PMWTWcsgmR3TYdW-Nxgdf8tWjKPz6l29fDguqm-kg8nDpHH4Wh50DErVSYdf8YEmz_Ywg6S0gGvKA,euw1,SILVER
qOGSuqmdhKT8h_jht98OLl5_Xki9hbLWX7PTmq2NA7zhsf004ilWx3EVlUvx0Ay5lWARUBb8V8GovQ,euw1,SILVER
PC5RXs88khVtnyh7UnykHTUb4h0zM8Ke-FyMiRYbYfX-XFCpBOLnqppzWr8l09fYEsHFSFeLIiNHRQ,euw1,SILVER
um_bzpLm9J1cy2EB0KKtHqgfH1NGgc2H8SMqZGWa8y51hqSSn2xtx2o0i4U42F4apzDAw1v6pxPslw,euw1,SILVER
MW7x_dm1UWXjItpb9N6o8JWkA79khFEnOnfbbEYL4Kjktwa1VihSghds57gzylngMNA4ne1xJ-0nmA,euw1,SILVER
d115bMH9iRZIMU_8DGW-GL_zqewCqqU4JfhIKCGlewtCXS0uArGOnbVCy_jZGOwFnakpHCpsTw04Fg,euw1,SILVER
FBCZPwp4o2S47wQC6dqcfdIneVB603G7udnaC3udu5XKqEWXzGRL2qXjCO-FOZtgBNeyqMUoAM-5bw,euw1,SILVER
bjEwc2DRaWdxCOdBwZosHkBkTetX-H1NWCEmaeu1Q48kVRvHVc5FJtVl960aua1E7pAT37RWwnkHMg,euw1,SILVER
o99pFFVNFtptg7mNN5Qt79ZljSe-7ThqTR8S9ctipVWASu4DkYVv_mp_gtg3eOj1pKUCAG8AbtzIuw,euw1,SILVER
-nXp5BCX0xzfx_9reBv3_0FX_RFmeqekrH4yDJNTfsld8bYcHJKq-JHfK0NmkogpA_lczokLppwNOw,euw1,SILVER
xAgW37QydTNFkwjG-SxQ4OowYiiMXK5hUdC3YmAYNAbe6of7S3sDLGN0SmT_fA2qWXRkr5NFj287Dw,euw1,SILVER
CVKw1R2TJ3lqIN3MEJPf_ATWg5PlI_xfZg21gvalLOyHmXx4VV1ko3d-3ykuyXoqzeNhrA3WgYGw2Q,euw1,SILVER
VZdcJZnYKwsOJxUmPs1IYganbbRdIJ67-FEL7maQI2NwYy61uw44Qsfz0emSjtPMbEZiqmgYjXQU-g,euw1,SILVER
xTjNoJqAcu6716260Tphj3ZDKh3hOVCfc4fBNU4r_cDNSD91gtlf9o7I2HQ0-8j6Zxyf7RPEccM3yw,euw1,SILVER
KmTO41y-EQfPUN81BPRADmWO-VoSRmSTOPMc9RvbAKIoqqkCdfecXWpSSmV3lgMASTNxxftDJdZUMw,euw1,SILVER
6YeYQkR2yHvmcxr-V8DhvMEekJlq86hSKtofg6qLVqTLSABmhC6hNEG1UhBcUsvFbcYpQ_EYCkrwEg,euw1,SILVER
zxOXTjW2HAYsTz621qZLg3qwemv0TFs7Omi1MKirNjAIbosOz8rydlP1Sr0pABP1-0wZCpJuYQQLYw,euw1,SILVER
xoWiAnJKBo_Jhh0hOTMA1hPC7LIp9SUGc7AGqb-6X9ANDKd5YqAsN9nB9LJor8L6jxkZP2SNmUfZ7w,euw1,SILVER
N7a_F_1hp4cVEZnG4S8uH7KY3P4VbyThN1osPfl_gvtVXt51OzgQvfU2_B4Y5TU3v5PoLzobFUhsdw,euw1,SILVER
ga3G91b8WQGxvhPDXkUalWdLIlLANpaGPU9eh7G5HhYpvnfvMRvjltIl9Ynz5tt6kS8gEEBoK00wdA,euw1,SILVER
X2xMBhkm76t9vbVneAQ1kgWRMIhJC110YlfOiomqwPipBTr7nKTGHlEwN3uNhl2Ydh1cvUmp8YVDCg,euw1,SILVER
APsGoD8FRQ_CR2Gojgk-SYiSNdWs3tBZaFGC8LMqUvyx5kjCTb3zrTPTun4GkrC2FKPZM5su73Dcag,euw1,SILVER
C7xQplOUsH8XZmPu1kLhAOfbuOjozlhuQE39nL7Nh9hAaVV7X5IOgjiqS3F0LikxH6HsVJHGxL4vuw,euw1,SILVER
Cm-pyaCXEAY0sjUBptj9iBaW7_AQqhHnfIIHt1HvJYe4B2aL6aFiNOlJxMlCMEdAUPKLCD9TyMp5Ow,euw1,SILVER
-D_1GK0DCJOGKC-7aruk1-OTTf4BHen17YsCsd-Kc-MQqu0sqiWAawtrY4vw8HfIYQ7UFqAapp8IXQ,euw1,SILVER
UV4xmUIseuM9nMsM6yWyTdF318UHQG_bsS65h5DhwJD9dn0DkLGhr-SJvQacTmlIatDjIChxLBmihA,euw1,SILVER
kE42Arq25QrpqpYTCnzyRO67eB34CoU_O6ZCkua2oXXRhdPZfbeN9a34JUvzaw2V3RlQVxyb9-1Wyw,euw1,SILVER
80Lis8HKt2N0362eOR3bKmZFxLwqoIVBuuHMNGLulqF-pqx7U7z7jLY7QMqHZV4H6dOU8FMXvd5saA,euw1,SILVER
JaBcWeyANd2jPePAAdX-Xxnustg-aVX1ITt9XQUhk8etGuAp7KJz8K6543LfH5N_btzJQx6N964Upg,euw1,SILVER
bwC4esGPvh2oY_vaUpqkbcRbdgnPe_5XIcLbdaXQZOwgRBkQYuT3H0mmIlJfQGFOPyuss3XFQeMEqw,euw1,SILVER
neRE4b2e3Iw-V3komsL_BjKf3txV5iMOuF0yG-muPs6q4L_8O0R7wahv_4Me4PoJjR7KopiOaN8Kpw,euw1,SILVER
o5seuvKrCifblYHUpae_NxzIXlMSWi6RYM2erhXo6gWFQTFfJ4nLSFh3Y27SfJerw5OnAFhuo1z0Qg,euw1,SILVER
mBokvZAnvdLu-_EwLAHA8nZd1COCKfahHNgm-UhD_gdm0ZtM-pJUydTlVFz76jjBggPA6mQ1V3MACg,euw1,SILVER
Mdj0qNEpnhz5-wkCME-oElp-RP2D48uAVO14hYX04W-2P7z454d8uUSL6CSEffdSO3PVl420CYFfkw,euw1,SILVER
0qkPxdFpTDKDEwk0QxbyZpH5m1K08BIoGRMlSNZm8rvJKo-0TOdYFGh5-ZhKaXul7xyZaJH8bBeWHQ,euw1,SILVER
4waINx3eITgxRN44lA2LwUECKBasCjiQ0_60r4oYZ6yUNP_3n7iakSf8QYjLpK2rS6-K69IVx47k4g,euw1,SILVER
BcskcMFcS6d2YpLtSxqUAfXOSZJiUALQ2KkQu0DQcxE0G_QOzdLFG5CC4-vcJ5MjrvU50Xw6VyLNGg,euw1,SILVER
I7La_mXYbNZn9Ou1UgkX2wYjfXz9_IVFr3aGIKYRrDLwvqcYEmYyEYmNPGKuNpkBbvtoBurvIQqytg,euw1,SILVER
meisZQoZCRwj2nJvY0PpduZFeGuLrZmdpnlDgaH2HDlwS1QElI2XMxm9v8qoY2S32v1ue4Huq7srEQ,euw1,SILVER
kEVIzl0ppxpQkoIktXORz66aXXKdEvWZR4rEmHveVxf7baAMTEzwvJT4YFxV-WpbCSF45BlktHlwsA,euw1,SILVER
11hh7rwOjiWWgXzVzIpCCXLxcf3CvP7Ra91i2CBB-me9r9qODxJGY0--mj65b4mp78-8HQZJEs8i_g,euw1,SILVER
Ju4VzqtElUuDLD2L8jjsopxZaBynSZcW3AyLb4_1w4DbJnis63ob3Kp16Cn5qx1wE-UAgzA6z3AhNA,euw1,SILVER
jbfpXCrJNAmDLAMCaPYalBO3aCfr1Sr-DI8SNZlcOs_P0U86AWaQ1We55i0AL1Ad6uWh7i5JOx2YpA,euw1,SILVER
m4dq_E6qwsJDQyK1lfitO9aj18bFdt_jO6RpONUyVr32Ez9pKKkJggU4k4sBwYi9kdApR0jlXBvlrQ,euw1,SILVER
vx7R2RjnCzpGbWfiCmM2e21nOVMZHV1s7Car1GVz4uZYz8kyrCd4785so2MpprN-jU4-fhjGfMc_9A,euw1,SILVER
lqCijUuHMEacRQSb_yLJC18qhEIJpIA523De0Yf_ph0sFI31A4RvqEV6ahxDKOuQr8fLo9BBsBXYQA,euw1,SILVER
QpPqpUIh5rQG62Rl2Odj7zNZl2Wc5Fh1xtj9qn0TFND54o14qmDvwjvOSlMJf2WhBRSsARqx9Dz9dw,euw1,SILVER
-y_qT65N_WoIiq0UluLkwGRFKuigaZo5g68kueMIKzv7eDvOEogKbiLK1C3pHcAfEmq4uVcZiCrsUg,euw1,SILVER
IeRspcPYxG7Ok-StiEjZ33zeTDX-Ih7Ebp4xhF9EC8zAEhRrg1bLYf_3F5TBrmQKKJzknu_3G07xSA,euw1,SILVER
atEPrmuppJ0j0N9cVHEJrQKnw25ILgOFFjUQQtQ5s4nRb6YAuX__ten_RyfrHX7iE6xi0XcZLHoIXQ,euw1,SILVER
3PiRZItIPArbYSi_uZVxFn-wtWFJkL69ti9UWI76E_YKM-2l0TRxKA4Z8nHPdQguEylQEfYORwBacw,euw1,SILVER
5JdOwFnE83KDGRof3LpxVg8yhlF7C3s6z1tYDGjhDKchaaxv_KdYQPuHxxW20lFgi26_WHdRtRRk9w,euw1,SILVER
3ZiRZRYLtk-kXjHEI9V24wj4n2_HfsZQasJGu4c8Nx2Z1i4dFz0ppAtWWlx4_a4YP5kY613MQ3KBGg,euw1,SILVER
D7XYcTaAe39LJia3X-n-Sn8Zu3hE_h4M7bGybEGc1nhC54zqBUUC1w4p7RLs36M6dTOIe0KVOUuwYg,euw1,SILVER
Un4260UzLkZ9LzmyTBHxDYGpDQRkQqctTrZFNnBbngOXJumnfWN7TMlqbnZZvzwVxmqwu4guSqC0kA,euw1,SILVER
YmecDkP4iWCoxHiTPowbXnN7Gq56KPLV7ccJQEJpC4SkgEfx8aAYtcMMc6tssgl6tFxT6s2TQyYiYQ,euw1,SILVER
NLLpdnjKxD9iA_8IashFSovMCSaBkYukCDp1dIf4ZIrbAKbq1hwsyqbWlRv8dY_AQ9g6xzeqv8TLVQ,euw1,SILVER
Rkeu9pRvN-zwWpx-a6dJ-EKA-uwjV1JhUarT90yh-0Za_zHyjWUv42SlW5-ECVaiczY7lI2-ULwJeA,euw1,SILVER
BCXv35PtYhb6-mvmRXNPSIoZtiqtY0CJ9QVkautkpTd3cx41fkjH3WbrcYOxgiakcHg4AFmYHotN8Q,euw1,SILVER
yT0cy-5ilA_gQw6ykyUrHAK5xkOHAIqWmJ_Gsa7_KTbGADRvTpixdF9CbkCOJcYp8DYsegHs__zqRQ,euw1,SILVER
MhgWzdlN_ue5QJzr8TC0j4YW0dyXy9SMpd9cP8N1S6XFVuwMmH39okluRpLo9iHanQ1yNZuUcTGK7g,euw1,SILVER
tArgbHXBD5T6s8X6fci_iflNgpqrIqSe8NL_9FiyO25Eys2_NjCw-GJDviNJv-DzpNk4yjzDirwhmA,euw1,SILVER
CwP1a1RpcXtUqIy7yI_J-7oAOcwhuCGQHnjq3ybZQYNdiZr3nKtBZumT-VXe9TERJ9KIpron1nQvlw,euw1,SILVER
pypY6gl0Y7-gGEFXH-72t4hwHILNHcguN9NBQPeA9Yat234TJdcCgcOAYz-nn78Xr1NvzmToNhdYFQ,euw1,SILVER
ja3RT-rvcN2_NPfJ8wHpwWiG8cEsMWD57EfAN6XvNJbvCvnLNz_Ijr0DOA3aXz4ggPs19jk1JeVFUw,euw1,SILVER
TBIUYSxO12Afyp_tJXyNbHq7scANK62_bfUh5GW_XHu-fb8y_VWZX6lKrrlMcBV7e51rSjGjFGeTWw,euw1,SILVER
GOevaYMMy1qfajb4s2RKu5-tEuGmUpoRia1jUnR9iX4rqZwJlCEoMLSLFSUSoUKweLp46iex6TdCiw,euw1,SILVER
xDr6TUyMqqt9jJX7Aj_U1twFU1rIuQN7DGDUkJronsoa-8LhpZh17hdRUDx7mrT_ljnp7ksQx7cyIw,euw1,SILVER
XvHTjlsNH876lmIL-qDiOwIMWFByUu72hvLgBf7E-m1x4xvCmpaQNzNynlMI_tHqbUeE_GdTntcFWQ,euw1,SILVER
1gdoXUiQRZquixu3FccoLxm1r6zR6Z7ry5l-9_8wVz76R2HD5S62ucdNoib39yAmsmicnhhgByuH7A,euw1,SILVER
XL0p08IOe7DGl7E0MwzfyovycILXmI69Vy_S6lT4riK94uFQu8350uBFonJoVUCQPD87W6Lo8AlDKA,euw1,SILVER
EMkcpavk4lR-YhWFvvKU1O-qNjUyxvgrdAtK9IPhevLxClcA_YXdi2YSjmQ9l-IhujstOdWAlZgdGw,euw1,SILVER
1j3sdvccyA86WevqVyTcOBbolTQHuKdbrlTTA9PdadtnHgE7X7GcXdt_Gp07pCtnfj6mhSlgyDA_sw,euw1,SILVER
V5N-mDt9viE3ckDHQs9QHWv1zMTj-8UQt9TQz0507FlEgDj_IXTGPEjO2zHLwgAaMeU4dM4LPn_ckQ,euw1,SILVER
YC1j76D30QgGvCdWvJmyKP5qzIweUhhu4nmQmoHkpDhLBBDEKYKx5qujTUZtxpWBDDxmqbmCymI2lg,euw1,SILVER
9c5XxQmrvDVC_NRx_iIPw9WKF5rJOGks8S2CaMXmnQngJVfNmioNsfJEnfi-IHNC-bCAI90IOhMkCQ,euw1,SILVER
Ck4gz54CQ45Hd-WZAVKdlAO3lcD9lbnN24vQcSMhQMdyi1uRJ8n39d-UZJ1Zh2nNp_VIVWM4u9xKOg,euw1,SILVER
KB_zwliWaObEEknpTySeMNp35yBExgyJO_d5yULtytUoKlZhTK-i6jOdb8pfGFjTh6MhQ3kjU9AG_Q,euw1,SILVER
DRHecxb67M7pW4ZQIE1PywL598X-fBLwcBxaEdSPeX4wxIBCIVQ6qAlR_620FCGjSAZ_EKC66HOI-Q,euw1,SILVER
e_QMFprQbIsfXPbLvT23Pb_HV2jUppnuozI-YAPhO19zvMI-oIYHsZQtLkGa63RmzEi6dGxzcPAhsQ,euw1,SILVER
JHCdqN-2NTLwovM7A1G2vjPJA1aPRSljS0t1i_MSUbsz1dD_9drfjrxKBNRTaxUuQVHb6ewetW3LhA,euw1,SILVER
PV3Bxk-B0A4CTABAr-qlenXzuuujU0xpx2SInhzEsFnGDH_KaE5slh6jANjD0b36Bx9qeEYY05Ro6g,euw1,SILVER
aEXXyXP7xMYSIjW_4WgykqRJeppYkwxiQZVTp4BNEW_QtxjdE74pVpASvvcfoOmn3v5XcUW2mfyR3A,euw1,SILVER
31cVhQ7TO7xVIlD_El6uOLX9nM_tfHlUy_vHo-Gq3ShukGcGanpzqAce18hOTHCM9ZO8iyq7IiA3Bg,euw1,SILVER
dqjRT5CYuWFzHN7lz9Vfkn8e1uZDaDMz_xbfsTcWDw-00nG-L5VHCumgwPt33a8BIc841LT1oZro0w,euw1,SILVER
IrGQAwhoWFiKSm22_Hl0EE4irBj29U4ZIbAHyiU7bakZ5Yfjblni3FKzKPPWzLE3zw7Rj7_kcehpSw,euw1,SILVER
tYKZlspQf66KriN6haxPXlj9LeljNbeTLX1NCqbfUxDmys66tXv2elg8zQ-31pfDAXxCb_rC4OlQ2w,euw1,SILVER
xsG_i7IhhXxfVVHx23zdSKVtGLqwbUQBZtBX255bBE73RJrVINeFuX-1A3N42qM5Rs8jBftH-S5RKQ,euw1,SILVER
gg3Xo-uU2iBbIqBj1if0MPb9c-SMOKRxgbT4CYJ2Y3_yopdOjqesV5Cb3mdtYecAttC9yEbb6xeDRA,euw1,SILVER
UJkfUbS2s56qZqWb3UEUqzu1Y6vjOUlrc1cauvQ1MDPm7O2Mc3pwnrnUmCjo0bOtkAGnYX57h0QI9Q,euw1,SILVER
Y3hIAvTmY0WkvfIqPAhhxl_m1Qi9vqhIEtFqb_3bGTV11icW3ewYkDEi1-EP8OVyj7-nxrUh5ULsxA,euw1,SILVER
vcD5N9EZZmsU9gaFTjUgZ9jAkBEcxEhi1btmsWz3HA0nUt2mC8oGsGMBI2OKdZXVBz-dxw8cWIXMnQ,euw1,SILVER
AKVZUoG6AtWZdpjx3y5xmE5d_TPZ_NPE1X-A7k54eFd5KR-PwltP6fiRwfDvwliHCkbKJYNyBGq3uw,euw1,SILVER
SybLGWebH_xkTjCk-GfEx0N28ohmwy4rroajNNXDkQAJ2zRO9pUGEG4pn8sIFipvX-clwYhUcLSYlw,euw1,SILVER
nc2s5gWBOI0wrYHOAeYLh_acijaczmKQZgo5E2vllNINhpxK9BzZ-EYLI5aVyadfeJCCQXguiKwbPw,euw1,SILVER
N18JR6QbvET705plfryUELfetQA26BEB1v59VNnljXN4OISDrU9WzHfLoLyI-8XDZFZqb84xDFQHnA,euw1,SILVER
UEhCUsKkAvjAw2OV31O-iwRM7mgF0cJE0SsvuJ0q7wRaQfu3xkVT-z-HFll8Q6ckt85t-AitzNLdfA,euw1,SILVER
9C621jUj7PE-rMe5NsELUSrqlhU5UKrfEHrSqS-QJ32bqYYPOikzFsFsIau6Vf_RZV_3av5TftQCGw,euw1,SILVER
ZYNetkB0LvQ3YDNEmvyXHpsrxwhtuBGyHFvhgX9T74MDjodC-M0JFTNxzyVN8NmMNBJKeNk98OSU6w,euw1,SILVER
o0pt31vz-TLIrX-0-5MAY2XWQkHNFMtf7-Jz1HunqvFggWd4__4k06wJW8PaIPcEVkBCYNVa2tEUpQ,euw1,SILVER
c8F67agmE0_aIJTRLBZotLt1YIAkw-KxxigtHXuvxsfSpvMPCBfqEHBLPlCOqKXUmzbbQuzfyfJGsg,euw1,SILVER
2H-iR7s30CnACHnH4U70CESeZzJwBlzN6vrf6Elc-dNAIT4VaILSoJykz4JhJk94z_o8wi_Myw7mpA,euw1,SILVER
YRouBiZPIhKaGRM4dykLcvWaZHmKu4ZBLrk6VBk-QZ8HKuMQF13LBBh7pzcY1608aRURyoeODZlRMw,euw1,SILVER
_nJhc0RGIhO2_h03IGnmm9fO0X4hxVYa42c7J2vZK8ujfl1lnYO2rPkUM9pCX_48_Z8NjpGvcxJu3Q,euw1,SILVER
Zv2_Dlquq4_0cKelJw-zT-PnxF_RkoATyMvCTZcUKsjFqo-gwQDvXZ0Rg70hAc2z_vuGheXECPqizw,euw1,SILVER
pCii2KnL5z7IMBMpI2x0TkLPgtQAEM33NVoVgW3A79LNzFPn_aSCcZuCMDtqs9md9xXezufqixzxJA,euw1,SILVER
YDtiIu_e5VBYTahmzhAPioXP0XKj8PiGw12IO9hcjuLabtdO63XCCh--9-TDsBeZ0JGUPc6Zsm_7SA,euw1,SILVER
jTJiokb6PrZR2PL_Zuoyv936sPlNFESxFXrlwsQeiDL8jEASfIWG5dnmtVpIZrmPMZYgYQcHnYCXjg,euw1,SILVER
D9JAocpy3GaepDA4ofJuV5L-EgBu5HxVrW14sKBEAQkNpgZ_npIH3GZcLM6anEJy4Czuq3dKcXO_BA,euw1,SILVER
Cbyd2y509mBOSZfOvc3Ov8dqZ1lhNh4msDVU8RxT6f7oD_uZKkfcaaXMdQj6tQyZMnPmYm-EV5517w,euw1,SILVER
HZhvOHH_rbwTLhntjz2G8v5sWOG9qN-cKhk_Z9RJS1dh-6PPzfxZUFNZ0tqShSMrcWohvVRxciQ8JQ,euw1,SILVER
3IwZeypnWmP8JKWHkVswaEt2Pb8uhDHjuMOalN0VZdE4Yinb7MiRCDsQ6IDDV9aFzOo32vLPX5FsWQ,euw1,SILVER
ZYhHqTg2saqH3zifbtFaIyfKUPp5d1NGIPMjLcdzi_ziP3nh15Ezy_jhcXGrzZJPd11fQVYNh8LQjg,euw1,SILVER
eMWdjWPHU9VRxWjMtwHSyoc45k5JZGnGLAyI4i8kHzDutldhMyZeRsEQ02XBTQWRmh6NGG5Dmly59w,euw1,SILVER
hs9H1O-CcMMGWrFnWcFnUV7g3wuh11R0AQAJc25UcZ2BLfZEQSFfEJD41mxjZHcgVRxbIMEQ1xNF1Q,euw1,SILVER
nPoLKIXpwuG9Sw7_sPm5xYcjAb-Sr310zPowoPByfqqRy6MKIbbC2Z4diEsVHyo15XWxXucBTHlJjg,euw1,SILVER
j2bsF_uqD7ksduU2rp6drEGJE1uD6ki88x0qy0vyCh6kX4qdBGv-2ITLV4gQ9ZSWrTvbtg-P5uzxhQ,euw1,SILVER
5hmU75GWCzgPx1tvrSBMZmd7BHFscwC5ZHtPdk-RaYo9THlOwDAtyjgnnEdbOVT8XCTcnLoesq6LAg,euw1,SILVER
OYBUIFF-3YCqY1IX9IalPfJTwJT1C_xrdtTd5HKGK_YmKVzdt14GRQyTm1Snxy_1yrJACkRK2FjYdg,euw1,SILVER
6L84u-Q6KcBVhQANiZlwq4w40oY_il_YN7Sa8OXIKLGx9L6J_ATQSiWWepEexfePOLUlnHRinaQh3A,euw1,SILVER
rNKhx_bZ_kMr-x3le01zoxZMHen9GMXOS47FSrYXlIeaQ78-veTFr3eMHwyHn_woM3fHTTxGPZCdOQ,euw1,SILVER
_R1kmiY6CgwRdIzNMyL_loMOj8X7LnVxuerZwcKbAethq75ZbNV61hZ6UJovbLmJ81dmeQm7kn5Lrg,euw1,SILVER
1cPl2JyHd3TBybnPGNrPe4-qCuHuOWTFJV6E5g0ofc5RDotwTEw0FK01vT4xvVtWRQT52FGZtto_sA,euw1,SILVER
WQMlXnA7Ux7QprUAqfbxtgobRKRPCQt9GP10vhM_Rq2K18YUoa_Nf8VMGtsAysK8lawaGsrnh9ahYw,euw1,SILVER
JDr7MpbNhW8sKBt2HsWQZC7Sm6J3Azk2SRiMUsOSLve2C4MDKn-oMKjZAYXAvlG8TQwrXAX3YrZMlQ,euw1,SILVER
fe3NFDbUsm5993UC4cH1m5TVC-Dk-RoL3yw4AvHFL68tCqBEdKCblhCvQaNrJwUtffQjM0tQTPI1AA,euw1,SILVER
JuM5pPNt4peq8jl8IH1SNxzvgQt06y6E7CdTBvkQ5PDidwo7VOnUmvbZ7jWoG67JbbyTnTkOrO9VBw,euw1,SILVER
LoGZ-7uFGZZ0dhCBLI2yFMbnzqMKxUg3BMJPzkfGrmJpSYhja3C5rhecfIGCe2lCY246oZbYK7zrHA,euw1,SILVER
Vun9meBcroPEEpD5b1VKjIihbHWpdRfgbt50DyxcjxpsD_k8l1PbNYsO9K_JzxzUnIfr2cjlWGTq3w,euw1,SILVER
54X2kExAtRhFAJI4ve1afjU34OQpOXlUAp84Gx3Ndxainoc0XAZHtTFA_vA_YpcY4GLZLxAMt8dgow,euw1,SILVER
0PbbAi575ux0Zaf3mAdlvBf1wC84ts1hdROaILlOHhi33J-VI7z-0bC5RW4yoqLw65wtRjxbfaSw1Q,euw1,SILVER
4lyateCGRjYqLOI1XQypbVQ7elaBkJ-1yP3vWnrIMH78Jvkfoxx5s_IdOE2uf5xc1JHuYOGqcpLmZA,euw1,SILVER
SH7IU4NdcPGPhLiZPRK6-jnW_SJr_mg49vNuoDRq3UQkRvSbHEpRQW59T54jYKTIji2-UrACUV4S0g,euw1,SILVER
1_dSGX7_qgbm5jOMtU6cln0Kvk0q_pJWK9ElpbTsx95TAzFpXAmjBvuolrh8XqLK3l1FCj4aSqrVmw,euw1,SILVER
XrJiG1XGgH0mgLQRh83VkP07cyyISoqCtZQ-M_TWI19kKZbwZNO-yD-8gpkqsQTVq4u1PqgkQCO-hQ,euw1,SILVER
sZlAOca6y-DwpgbUqdG9bXEF2EAI_vMcEU5lD2O71gOtKO6VggiaXa1CU0laD6RiTd-frOEdNcFDqQ,euw1,SILVER
lfxsyrU00jzH41ZRf59HvC3TCgmYTihFSYomXqKDUxwg5_sdGkuR0dJnoaZtEFzkf61OkAr00b_13g,euw1,SILVER
aCrhs0Q04_7wKh1a-qPcvdihslozYGtUibT9vEuPPspJWohtZSszqZXG4bRcocMw0LzZQtzGKv5SwA,euw1,SILVER
u12nDyzcXImEZaXdIu1BZcSR0Om47Gtz2dWUGLt2QfIZLzD9YDnnWdWj-Oih0RK99-r3HJQbGgQ0xA,euw1,SILVER
RQtmMGyjtOgnEfIuYN1u6ksnfjwojwzKNwXjcD4SzTrDZHkynqq0lHdsfXSKraKpOkv3FrKzX6mexA,euw1,SILVER
asonfnJmnjXm2vrHngVXjaGGTG7lX7ErWPviycFJ-6qYpnoVh77-kyg-zKV0JyU1a8HkOeLWp2mqYQ,euw1,SILVER
gz45SCd4Q_fafcq5Hwjp08_f86pYcd0mX2DWmqWgRw_t1IssgkLJl_-7CzJU-TIPDV4-vXrj9FUZDA,euw1,SILVER
FIGQYRx5p8chm1siVq_PeKCTzAzYREr9s2L2P-nnJ90yYK5WhvEUD2K2mP0N-lrrykVMsgfV-2S11Q,euw1,SILVER
FLWdloa04Lnv-GRkiC4WXq5P7gUzLUsZCZiqDhCb3_mHgfXUv9aRV4gjb0gQ3TJ_IgE84xvZkaVzuw,euw1,SILVER
jrRFJC6dtyWjHnuXr0acB5j42oQJtQzFZw9V048M5lxRieXIqSHCIv0yBOakq4DPlDtMDEU0v2jCTg,euw1,SILVER
qYxKYSeLsKA8_UtA13cFOrLOxNUcCLycSUtyIAH1Xd8vogGRkVEAmzTr9NDQqlHB3dH-IPCV-8-log,euw1,SILVER
EojrKeCamJ5sIw77TACKGVFLr2feXP7gJciX0H3OQM22GLJXhGMomXKd26aaCutOPsk1tQuL0seNcQ,euw1,SILVER
bpyJ-7sn6ObfZMUpvj0bwT_2n0h0w1xJyfmlnjVRVsTylmIaOlhUDU9lVvtJt3EHkepCAgS1G-94oQ,euw1,SILVER
CN4N2750ffTddRHeaAza_7wfUnOFwy83vAqVmVBS9aP0XR8UwziBeKAbMx5hL5IHE51I3PWAx8YlAw,euw1,SILVER
66pZzqJOgCUiKiIxAGsza7AxfNWpB7LrSmRsGOq1siyv06XdtaFiU6lYbDJ6aQ_G-9p8MrYEDAXbcw,euw1,SILVER
9OwUMV38qA0gzo9BUbyE7PaReTvDZaA2QcQSPH7QQttBUZl18cXFI0htXiiz5-XSDD4IopGQudOfOg,euw1,SILVER
Vka2pRroaJ5LLCXLK6qRGXY12eF9DRCSIQ7yTrXNNY1s-9SK_4ZBG9hprw7a1lh-nJ-JrFEWda7mfQ,euw1,SILVER
iS_yNcHIJEj3BWJPgzU8wmtrjSYMHrfzp30ELA75UGco9Bis7jq9n-M-bleQE_72CSn6HKTHghRP9A,euw1,SILVER
rLOZmafWvmCZbO07kRrEeOG8XCiqLF1KoHxb9tZe-F8bTsCZmZQ0ofG9P9v-GZM3VrG20-lIj6mIEg,euw1,SILVER
-q_8Bg7P58kymZOl9UgJNWBSwa6kFPSs4wPl79pLuakDV49C5v_XzIVLAuLjoQ4nLINM0YQ-e_9Htg,euw1,SILVER
Hu-L6OCbGpMhXGorY02OSFBh3275gJ5F3nwlgP3324YBfO_xMN5VoExUbJrdRhEuzX5UnBw-XiQMRQ,euw1,SILVER
q2YmNKBoD5HqaTlYtyrTXFqh8YNHrh3eezx2pGOO4uSScHb94t7i6h1q4eHwUahG3dHM8_oRk23p-Q,euw1,SILVER
V12WPaouVf6yz6HMHhB0BHZfioPq71EdU_fgnjciX8vS-oEToLJyRkdLz_VbToYIai-1LmDEGd2l1w,euw1,SILVER
Qxn7f7gx3plh8zrjjCBfYqWzYWZXJOgBUWqgu-Zk-6K2qxy0_EYKic3r5oR-DURGVuheTtxt_yPBhw,euw1,SILVER
6fHu7l189J8RQB13f6gJM4Q0tGj_HrbZJbVvmWMZ8M2a8dnY-76B8Jc_iXX076nirST2C6gHnslj5A,euw1,SILVER
VSVYTgMsLdBtf9_xhvayPOsAG8-VFll0HQUMnXnFNeuaoZZvtrYxA-PEpgTiMfJRW9zug6dQCwkr1Q,euw1,SILVER
jHw5I7gedZdrK6y6o7zpdPnWsl2MwXnq2_IjQNimt010JhiRUg9puIjVzmIj0ZevwJFM5P50rkPRlg,euw1,SILVER
3d77DLIA08cs20rW6AyG31hy2sAZyt0GmbL9hT2_NVBTm6S3tFT4jLv51KzSldTmgIGpP_CA-Xx5Ew,euw1,SILVER
8Rf0si640DpltdWQ5OSiPzk1d12PyeNfitvYgvVBqahdT7Gmt3DXAccQagAbmUCmqTDGKKydBHUCYQ,euw1,SILVER
vXdil7lWxgLpTz95J5hKuQMbkEv3NeaAzhQFc_cNgvK8KJmrTQLh2fEvz4wZGK_ETB_RTEtrBEFRhQ,euw1,SILVER
hMauG1BiomZPfsWnE1giUVCKWcoYgm5r0QTCkJNaYdq010eP6ZgvvULBluII1VZYhPbn_iLJx2Lmag,euw1,SILVER
-Srao1yazHNW3ePnOHyh70PrwQjDqUfis3hw_5lBSp42-MZ2Zx5C8a8iXh7YV2jjPm3OCcVbbtm52w,euw1,SILVER
olY4eWyVGiws_Hl7tFPxGnqYMA4C9GnhFM97nIleUvGaR3BFeiYI_B4RVR6YX68y2iucNKevxdG1yA,euw1,SILVER
talvNFqX2pzQ2lzwbMBOE2lCg6Cup_dWslp-AHwbMBnKQcZx4pQpJJVQFcyAwcDMcbR3Kb9mKrYYfw,euw1,SILVER
BNCIxiPdz4WqlnEG_TG0mx1TlLaGdjfGM0yQdUMCYduvJXAlfIoBgHXIO1LkPZBEJSHVPz6KBG-NWw,euw1,SILVER
M_oUMPrqTJA1eoe7KzDWMzy9I0F2w4XBeiG_cuT4Nm4_c-wMFSDvp45Jz-KxmpO_89K_MC7bgDjwIQ,euw1,SILVER
Gsak5-Yl3bzawu6JJ1GGsRBKxy0bfBXw9pbE9qIc8FnGhbtSFLiJp-CWviuoyS8Bum-zs7hTyBcHCg,euw1,SILVER
TrGaNPv79nwBmbWLcZmrmcsCNe3C9w8JvmQSx9Bt-3cwfd-H9oVoqrwo2_6BT8Lx_G7jL_XAGmiwyw,euw1,SILVER
39Pe1dI0FU-Tvu6vdru6kJpnsPNwaURkc88Qkc67EeOP2mHFsjKk4Bpimr2AfOghcFu5uTTQzeTIkQ,euw1,SILVER
uG05JsEmmAivwyEXTClmAL453JsULtCrWRkMkcG0TX8e3WSQ07vw6jCHQ-XJ1APys49Z9WxDPZKpLA,euw1,SILVER
V88n8kR81G7rQk-2ZRMqHLJMK4qhal9LRFFmYINGQh7ldKAGzVSO7lHCAvrcUgaBYP45AaDlvfJv0w,euw1,SILVER
USmCUwAMYySUzTQyFcqsPM_yPaqAoNH_hRkRVjplRUahB4sHpN3IyXvxId0iXekmAR7rOh5EwFtZXQ,euw1,SILVER
zHkgWvdix-B1XyFL731Js8QejgI07HKn44X1XGjDmyoGhRjCrL9s8OsQaYI4zbqI3N_veHA9NsinkA,euw1,SILVER
lJgGmSdzWGXge-pmEYKvcMFxjTkamSTAfEuT3mYJi_CKFNNpOS6dHwIdmnzPYsRg08vFfFco5LDYvw,euw1,SILVER
fdxfh1OW-UXo-HBcF6OaqHlCJxgC5HOU-39btQiyKKinWmDZS6botaxgdwFE0cbtbs7AfXYAsJlGug,euw1,SILVER
aaCCIgHxYNW6JSQhSgEn-dGypdVOB6I05v_T9JxonIOQ810yBC8Ufi64WhlDd3IYFExMsCIUkxtBiw,euw1,SILVER
jnDlEI__BpasTwjItInvMVQRGv099shgGuWUKbiHtiK2PZ77vH3GgSI8zv8V_bv_AkiMqGze_zYktQ,euw1,SILVER
XUrPKhrGBp-2bLGIZuBBpVJfnLh60OCOqDxZ2oD8n_JetFdR4VjB7lge_H1lKgR_RfrCpBMlFc6g5g,euw1,SILVER
WLsHeWGXrYioJPU_wlF9SSobv8uhRIsvUuzBcDObJTsOcArzVWQ_1u5-7HcHshpmz03dAIXWATbUmQ,euw1,SILVER
hKdMwmen8F-XrUMb8Tre1BskDeh6Px-QhMQyZ5xUk7kKmI_GmGuCk16Cw9cwWJKoWRjYpXU-_Vm62g,euw1,SILVER
2l5rnwHkBl3fTaidG6Q6kL8LMf8SelexdDqO-kArpn5j4k5hw4lJgPZ66BM6GTRlI3fDTQMlCyuOSw,euw1,SILVER
VSTV8EDDSOBHfGh4AVmOg9Od9a2E15wPL9M_SmHxmJ5BMCAXuUxwIkcFjgWCbV8Ng4QmTxqiO-QKhQ,euw1,SILVER
idsdU18DnNh6AyoIWnHtIA5l-wmepmnCKiuNYKhqcnJ4Xub76iDh-4o1rPNAGNGmnU8QyjikJRY0iQ,euw1,SILVER
Z-oZrJxkd49rMoSfIlsINSJ2zGrg6JIm6lZx40roEHMWLGI2tp9cERpy1iJPo9zvLqmjaUwHi_oDUQ,euw1,SILVER
uL7_nICUG3OVFTDrWCUUztynGNzhS4U8AHOBP7bWQ6iLVdEG_qxzuXylDbfmgP9B8RbOP4WBWk6uwg,euw1,SILVER
SOZISOM6ti4zaUgyEMDOVLfJW5ireTWkrY-GSkGLr5KSZQXqZZN9KzwlNqJR-CJHCuVtwHOevYDPgw,euw1,SILVER
29umOY2k1x8j7RD7trIgrU-8fwwsQrNOfcuPwu_XpQa4eZPvBfmgt7bnZLv3hqV6tO7B2FZM_bUBjw,euw1,SILVER
ZDYiwnblDRRtrraLkcwPklFhHb_pHCstTNeGBCvhT-NzcPZGfAGM-wpwiSBOjdM1MZUP5OmzQ74cIw,euw1,SILVER
B1PVR13bdKHtoLKclnSwAsOcy-yDwgh8hkAJYgywJXJB4hPotUELFnDWJR6Sxy1zBmd1wjJRpo7HMg,euw1,SILVER
gmjmf_ih_-3FzE5qAjcOKZeCiyiNNe3ALE_drEINTuV7k2hIONhAXVxTFQnch-BjB7cTh5xebw6QoQ,euw1,SILVER
OYQVHnb0f9H12XRtQE6h0E8BqM-k6c2IvGMpzCdPIiuA_gbR-25diOXK9S6ie_1O0ZQuqr66SNi2TA,euw1,SILVER
oZciv6LRQI8mlFFO_ViefduyAQtSCxYYHvwqh88g8-Iff-y9XCuxWgxU9Mo9DUuS6YgnS5YGqSk2Pw,euw1,SILVER
3_ggdBTWxQ4_te1meR-DRXe2ArfNXPY-1qe9Elb_6Wa65KHZMSvZb_1a6BY1Cq0ZC7dk6saGjISfyA,euw1,SILVER
QSR7B0fK3nr611iCGJ02MtoF1Q9HSJpi92A_jLEv4loO9E7zc9bBDV2QHvUccfi0Hzc_ZeG5F81nEw,euw1,SILVER
loAtEfM6Upqrr1nOdkSaZDesfL0XRp7lGCY-_dlMyKP7qegOAwbgiYOjOLXra-YZTudf9aX49JHDwg,euw1,SILVER
4uniLhld0_L3EbQ5Mu6ja5Z1vgif6vImViwYlrHDo9_BNP-qynGeHFd36o_oCPzM4UrFQtwO5Kxphg,euw1,SILVER
kUrJu5aEsyZemfQehMMmr5sFOlapYGSuO57oPUqqwA9D8NgoVwbZ6gZM7r-ElV-CLV_OwVDqHO1p2Q,euw1,SILVER
c4eqZbxLCw4VxfeYom44-jV7btOPb2TJX6avWHBubQ0fEWfLIOrXpjeTwLzPV-Hcssv3p6jJxtRnAg,euw1,SILVER
Ghq0rzYRR5Sq0ruuYxVaTHWZhlfs6xxkiwWADvMJbCtumCMYgapN7N_MeGlmVuML1rSgIE9OaeJ8zA,euw1,SILVER
1ECowLNjm6lEjx1RmCqyhdZ01ljcfnwllm_0CDTknvyeFw2HZz7CprMvUNWNlf9TAkxf9xfav611vA,euw1,SILVER
K_4AuJuJBjZaon3eAWOQkOD5pSQ9AZ1j_w8cFc79_KK3Mzdb3XmlYKlk6f6TpZ-JEIZsMjWWtyXgrw,euw1,SILVER
xq8NbLEFiWVVe9aMaa2UZKQY16CaK1IR7CJkKYLwcSvOnKczyQPPjYsiPIfCds5YQ43V0Irlcs2t9Q,euw1,SILVER
xaBSrPqar2eOb7Ic2_MKyWrCAQ9Ml9CVakkWR1zbv5nfWjqViap93GEmLvrP21Icor9fOrKFkA0E6g,euw1,SILVER
rCbqKYA35gzqMuL1l_m7q4hM4ynFjISTQBS-2tdw5HZkpHT2gI9JDWG_1ly9utxMV7WxMIs9WAroRQ,euw1,SILVER
UbcwrKnboopbXDkj5TBtTDUnt_xiWNHewCQCUGezfyOYKA3tLdq_5XcXb9C_dZVVwrKtw-8FyXX0fg,euw1,SILVER
HQhyeH-K63IuMy0d49mTZRb3NeWxyq4BskubNjFz_5DkSxG4u20234cs3NEMMP7xEfo0tCBahWD45Q,euw1,SILVER
fscCzHok0j8m9k8B8e7N4_rItE-7UDwx1LwFarMHWN6ZpuT9WjZSMH5QM5KyGDieNspqpBWoJPABZw,euw1,SILVER
tq7KttYimz9VqWP5E6OSMrYx-aE2s2jNWDvUYibOymJtcLPFqI_C605Dp1p3vUFMgnl0_G6hfXqzTg,euw1,SILVER
kymX25WfeQYKXOsE2ibBlGIfRJSnf-w2W3j2iEZNNUgzLjaoSBryuWIyr_B3xTdGNgTeBnTeoUielw,euw1,SILVER
JFNCq71JQx4-eGqjNiH4Ej443fxrB8C0UJ70gjuOxa15ecV_t8RkfrSj6qq8sxg9oTXceAqOD2QDPg,euw1,SILVER
JJyHG9wU0qjAU5eisAsRvoTCf4CiF8FLZXwtL5tJ5zaQAZxHfX0J5zU73teIcz0PfxUo2tcGoyIIkQ,euw1,SILVER
JwuCC2NaJ_UbpAMoESxsAGaX2agBDpqS-MChu3WfxZOCHar_c1HkWEPzymNjrRmOiSUoLxMRqKV1SQ,euw1,SILVER
lYhnS0GPt4ipATHWG0J6HxTMtW0UIttQRePtv-WiOf6jeCK3J4Ml-Lf0d2F-crX0qY8LSC6-IMOHtw,euw1,SILVER
Iz-hMbHbj4RGoy15Wt08bakn-DGRrhLOAzYfYFsMbKVllnrnFZc3yjyixklHromeaiAMYEJCP-Mj2g,euw1,SILVER
82YtXXsSGcNfSjGLU9q4JB0JdRw7SQmphPDjymNFqLtS68oBMguzuAgAeavuf-rdZrPXux2wZFhB_g,euw1,SILVER
POCIpzXKBQOOyjoNLVX8huk2IrXeW89CrMjxM8iNQ_AR_yF2Gu00R7t4_I8FKwr1harazfqMfk3yHw,euw1,SILVER
OD3_ogBm8yPtGb2ItE7H931qzz8VCU4KkTzA1X5ZueFFYRgEH96VpUADohmtdPRLIsv8kTgQhdCneA,euw1,SILVER
s5t2WXbRdz_wgh8TngDv_bkUjennlcEdwfAF0FFAWgiLKLyevjAN88XSq3MT_r8WgesUdsFtSY8IbQ,euw1,SILVER
8abtzgJ55_fTqmm1IP1I4gWg9pcHy_3swUSxcjl2UbIh4X0KMADIRkqF-iPjD1byQh9o7T4HA6xAIw,euw1,SILVER
AKAIlmjcZlj1wuju3c76SaLF5782uvFe3VN7qzYZ3vlX7dFuE1wOu2raKorvF9YypVvSbylyKwh0Pw,euw1,SILVER
esskUqSENxhPoNnEDjg4Myip4YBW8-WqLInMPMDGmCvl8AGK_oZbFkggXIZ7m3PsRv5gjLQc1IiutA,euw1,SILVER
QIsT4gs3HtULr7Gl0bjF68FV5zaDfl1-nOrZ1WUnzbSSkUGOblqNtQkAbwbT3KsLAqaUEAyiwfU-mA,euw1,SILVER
CXMSaNPpok7Xz_Jn7E9HODcYQasPlv2KN2R1LhVuow4n6LhGdzYf5oHEEAdCMRLYF0Z9vmfePCcElA,euw1,SILVER
6h-jm8_0OrFTE3c8-upN3jGopwh4fd8iP8d_c52s3oc6ZePQGsFKbktRKVsFhYtcf5qoWovPYMLMPw,euw1,SILVER
a_oPRgBumeD6YU-FyA6eA0-2Zln1Ko29WC2yNerNITzBI9xLQLYVovpwJIUQ2EUevuamRtDiPiEKZA,euw1,SILVER
EXy00aeU_QkFl-8L2u8DYZvKdScb_4cQts2BIIRJQSAxZPNfwBVWBvFOL0SoVBfCAvJTQasad3Z7-g,euw1,SILVER
aZYvze__dC-gaHOXW17rkjeSJ6zCJZh8eYao2VeXI17hP5uj64_0r28j1t-RamC8Q4L5XqGVYxI7QA,euw1,SILVER
tDDvOxr48RNheTnjcqU5oPcDjUDOvhCRdnpsb5vBdfaKJFo_SacL6vbxUpDvYXKrZcboGxSuGD_5mg,euw1,SILVER
tBeWRguH4MJ5RQBmAxXFH044e1WnpSqrL-MNrFAnDnurRa0mJ8qKwrIcKtDfVE-HiQlX6buzYmpdHA,euw1,SILVER
TSR3gfX-o_boSafnhLo8HOHhdkOq72jlHOeOMyTOflGmXVhnsu7y21PRhFxeFepUdNsP1fgVG0ivMA,euw1,SILVER
9RC2nNPzYekVujVe1wLxd7a9tJNYeCLkGEYyR4oFikO_pXCJrlwo8UgJckzp39GfLpVgzVmLGoYwUg,euw1,SILVER
YQAoiQPfR08ddapMuBXwhrZMRtIO7LtRv4cxv0FHkFb3NxnlRClBju3DveVLpV1xQFuVObD4RH6WAA,euw1,SILVER
iGGK0sRMnpZZD3cV9qe2gs2o4IarEqfg9iSymBHU5x9hVnZ5vgTykB0PAwR37SM94nt2FEx3e3vmzw,euw1,SILVER
DFLLK3vtgewztgPJS8gyAj4ZTt4xoYPnHBVf2t-p9BYWvxHA9RT755hSLgm7FAk8B2Ag8f-Gl0roAw,euw1,SILVER
hXDYrL7mEZ5AfVMqzHGldjmh8R_AMf3w5rvHkeOMetPUPylr2OBAl67vYU3dn4p1IJz749detV1gUg,euw1,SILVER
EqDL7XxpjQL3OSUQuMu7wSL8uJtKGSE6gePB4IEHnWbagGV0RsY5I1vMOY9hIBCyVLTIoyh0P5i4iQ,euw1,SILVER
UxjUyAGRuVZBTneKa2QaiArhkGEvyKOst3a-foZe49pPCmzxAJJdFKkwgHSHzWT_FW27znJCUq09_Q,euw1,SILVER
oK8zqjm9Xwnb-i6HLdca7EaIwhdC3S7hLNATf4E1Oze2xYJOS7fx_RiabIrudyy9v7GNx2UjzAuQVQ,euw1,SILVER
6A3PHZB4s8IyWVgRqp20DCXMQTaI-L8OeIkvGrmqoFB6aQ8awEq8661df4GXBUTdp9BNGECVx68MLw,euw1,SILVER
mmgCmLtXDHtoOHPlF6BagK317XPTiM43gu_bKDZnIEzbkc8pszA6YYryxYXewiltcLoew8njB8AvOQ,euw1,SILVER
Q0C2LJIg5GrfMIjSx-gYywHp3nbQEJFdDlqFgqeHjwpfvNIFKeGR_4w4mEzBkCOV1YogIy9tdCgy4A,euw1,SILVER
WuM_rQMBdM_2kIP_IQt48kUV3YgIRmysEJBphCXfsbo_U4ct2GXv8YCm5soMYe_IrQmmKQFY2YG02w,euw1,SILVER
w6rKO7wpaSNVxOQ0bo3RTQdDTQXaYq6IBHq8YCMyNBN_YboAm8rHvY3zgP9K5vKKkw2lst_99L06Ig,euw1,SILVER
ij69yXrpEl2Ocos3KQGNnI_Xc2HNWz8q0E1ueQB_N9AnHofjF3EZP_uJUFdRqcsjgIK2x-FOQVeYFQ,euw1,SILVER
1vf9_kCfFldRJQ8taPWdS76P8Htu6P43N1tXsThaIEjiCYQY4cmkYcQdAio3hen5SILXh_VK9LNO7w,euw1,SILVER
VgtOCm2TX4wSl31NcUMKumFfjC5tx7ckCOPacle5y-2Fwh5LV6Qp_E2W5X4Ii8Y3cq2S0rFKON6XNw,euw1,SILVER
DPWiNzPe4JN5mP04zseTug1OAihhjzZ5HBoYGYxmaJPmO3dV98creEj2hMziYGcT4HUGdguDuuzbqg,euw1,SILVER
kxXEVdF3Fwrxk_-_8rM-lwoqVDhh_zW10HJoH-GbPKXISyw4zA8V9rGkEw_El4_MGhy4Jt9YwrpF3w,euw1,SILVER
l3YPSXBvQ1Whe11y4yjIFi8MixmDXgkXihwyag6zneO8fOccs9mH7hNEBrDt45yS_gHJ0zsLSbXthw,euw1,SILVER
h20dW4vMAuZVveKFY71s_8HvZXbUGup9z7PXJO3uzi1uBMq7EG7nkVvP0PvSFTJuLxmWo5DaWXmBnA,euw1,SILVER
7s37fsRb_XWjE95CEJ95mxDz5xy8zINitjqpm26_-Qc8TNDJjQRao5zr7Dtdz7TuC8JH-SxzjsNiYQ,euw1,SILVER
7222Rsf0VcdWa4YfNwPSP63t4DVFDV2GRTL0nLCxsDRVDv_AL1nDgL89QgqXwoeRrx1FgcuHq52F6Q,euw1,SILVER
HP4V3PkBJOFuhzDqAIi7fqiGga03DezH9YIpQUAJCX4nUfzRjFoBOC3AHpZiqPBgrRmKKBSKY653pA,euw1,SILVER
SwzgusY2O5s2rmxiBcltUK_jtXTTJefcLeUl0omW8ArSg0EW7-oS6C5yvAH566ewJPAMVFTACcMIsw,euw1,SILVER
Xhbhn2xeuVgyRwOG1loA-hMXX6RUR5GuDp8jAe8Hnc5S4Rz7aVenntpKaHt-NHME7AQCBD8TLfxU1w,euw1,SILVER
_Xhl6WkbVf4zNmut_OKdbcy6fG1CqNmnxT5e5RZGn5RVrER77gcFqw2QobIKs6O3VUGCM0ofQLBm7g,euw1,SILVER
c4F-AoNn5OXDWBnClfPDslUxwWfS2YQZZP00uOH_O3sEt0kZnDqNRRwlMr5SG6pLCab8rZ7M-4Pf_Q,euw1,SILVER
BPUxZl5G-6ZUYCvFcNPTsoV7J45jwDJ6RoWV4NOx05riy5HrsP6FnceVDKHENTt6_SupcSoURIEerg,euw1,SILVER
X1Ti5_Pb6FY6vdt3x8hY7vXj6pvf6A0-sKOcaAdrjZMZ704t7O6VN3oqzvF-cFs87TF8J-eYlSauMQ,euw1,SILVER
31PvT7MEb82oUwnKSKSRfCcobFGSSmAt6ZmEYxGX6JtiiK6HuWxLSPa-LOFMXsd6-MurW27CKjy2YA,euw1,SILVER
hu1kBWlicaZyznagaMtxcc3hyNstzw75RoonyMvjdFemXBYdl0hrG-XkzaHD0-N5q_bKWk4QyZMxnQ,euw1,SILVER
DNIZgLm2mtj758yDrJ_zIoDEl6rbRPzrhb8RjBvwn_RDJ-0o7iUQ5Pod50_90GPSvsP39pRmI9iLxw,euw1,SILVER
Nkh0eAIMdfznO95_HFTvcNMwe7T8BkQnYrVDAfH4wLxllyp1bIS1SW62re-tSRxqF-LhNs2nZ2Iohw,euw1,SILVER
ZIXO97SzeM3MLNkYJVg2X3gntNM0OeSynjt23fm5fCCmsX-uhwLYb3P_aP07C9Tta1ak530Zx4oE8w,euw1,SILVER
lMtSP3bLlyoCUTx0fyfzfW3p1TYpVgY7rDCbUWoRrXM1c5H5dw7W2a9XEkxsaSYkqAT7iIUE8CTEMw,euw1,SILVER
lgBOulGq3MXHq6YuGlcuXARkMYLj_YljqqX8dOA6J7MVGLbRQm0K72Xi_RveZF-VV1MXzR-hoOegqw,euw1,SILVER
6Pf7PJfLE2MtrHY80RqQPK6UpKe4sZwVx44fMI-WxPkrz3oqQo50Z0lRhMk2-mFSR9tDwwpZwmh4Ug,euw1,SILVER
mGBWLNgwybo9v_rWCxiZZxmBKXdLOb7vlg2kLLItKZoYxDf6mn3aQEa70Moj0c1QBHQLtCfZlqnMVg,euw1,SILVER
9rV8emROF-oPypeOjgInblbwql22RBQ3iUnljF6szt_pcjm2UwSfoRNc6BNRpa3hfSSJXhzhO40IRw,euw1,SILVER
kkjrCWcQ3kxBE_03CGSpwAyWgElpmSOPn_u23ae3WcudLD19eacIucEva6ObbN-QPwRdK2X8p-EVRA,euw1,SILVER
9kCcuEbVJETY3BSmDkQAQU0fYMngO1HwmjfhZpqZmjf7J52y5k5mrpMPDLRmhw2-Qr4LSJnRcgQ_Qw,euw1,SILVER
ekQodaOU3yrtit8gGvqXIqkxOQzJr5vPQgvR6iAStS_8HOFBsUUCf1BY34-zZwHlZ2hTlJcVpPM4ow,euw1,SILVER
emznxROLTeAUsaQZf2ostyqsNE7QlsXlae2RUliyXpjE89V3SIZYJzkxBNVZeg7xekWVxaTCi0unog,euw1,SILVER
BFVPXNKjzSd7F0kSziwyOwAxVkw2rchSC5tN6poSVZPIJIgjVdAygZbrn1aTo5Ccxp1_20Sp7uBKuQ,euw1,SILVER
4UbTi5JwTm-VFQ88bcVNqyY_Rklpuaee1fkx3bXhZwwgCp_GNyQ7hmoUqvHl8U899IHgTxgT2QAg9Q,euw1,SILVER
DC9FVHbhzheST14L25H4r9rMIjA5JpUAv7Kc_n1Tn8hlLYTbJHwXdYhgzzjGIe60j4jXZuuNlrOy6Q,euw1,SILVER
xi9x6QQ_aQdr9sA4aoMUOBTaARL5UYBgyMgSQidPG1VVKWfVl4AqoZ1c2xEB69rf7-Gnel83btuG6g,euw1,SILVER
pkGzkzH_dKcowOpuMV-3PeU3HE7xFtezDbYRBWKUZ3lHT_AY7Ie-mC9NW1fedWsKyhVDMdkQEHwU3Q,euw1,SILVER
MYpxAs49oZintpPlRSlE66A8GtjzpW9Qe79O_zw-Xv_OOBjqLEHrmNEcjgOAU9A6YvXG64hJ2P8n0w,euw1,SILVER
BizHOmMX5bp-RSS5O_x5BWToSXt8U5bnPVIxu0IuAlc_-VVwFT8byng98-QWTKIRn-KyXamBL00FFw,euw1,SILVER
iGxPG7l5HxjRnrKvVnHW6iIxHiGFwuYkXmabpbdLp60fnKb7qwhyIFBnD3lAQaUzg7nvJzo-MivlpA,euw1,SILVER
nooKQkb_qQkjZfZNLJy9zFbcmprEXZ7jiqmdVZd4VKC5o4kw_o6_QGRb1WEg-jFeJtXkNPfidj4ASg,euw1,SILVER
JzaJlYQhmwN29FuemQQ8H_FoBVMayzAfc60Dsm_bmStrGIKRuV6IAIHoGNkNGvYmb-sqS5coIr7jFQ,euw1,SILVER
9lM8U1Bg89C4N7DOW5ksttIqfRU-sj31Qqu1uvIB5Sg9sD36oBZtWDKOx5k_zL91m-i1XWJg19TINQ,euw1,SILVER
PcWsbmKjfccX4TFf_1_sytNfaFYMxre33fGbWE1ROFH8KaRVaXIQopRnxeC0mtt9dBxdbP7gHCFiNA,euw1,SILVER
Y9yAU38AnAWsKzG2knujgLbi2LqcXcgC8JCV517dPu-0BqZlEaR0ADnNb-LLKSkYvClRJwJiJak2gw,euw1,SILVER
G6cygoZ6HXbD3owxTs1OTnj9u4UDZrC1tNSS76FjsaGNPM9TmU53UrhHXgxXfRp4LbVvUC3T-o2hCQ,euw1,SILVER
28nWVaI9dizoIQER543jCGDB20NSmzDgAEI264Tp0qLNFbiRoFJ22SN_-eIJ3NmirX5l78jd6Fe1nw,euw1,SILVER
SzC5RELLJcSuYrmo2PL5hCZ5DU4L4htorg9OjLeM38UEhUpQkQ1iDAw9HTIEhNrtotqnotBtcL4DXw,euw1,SILVER
kV7yrOeqLZDaqkjwfhrweA-rbNBJRV3k_tA5-8GypLvSpyjEMRQMheJmBCD-3X1XvOx6u4CZr9FwtQ,euw1,SILVER
Pe41j3FR-w0pCcY9YYynTrLey8IcVsFj2UDJ1sQgjMwttObjQBqTJbXgOrPGhX1wLqGwNo4rNQbKSw,euw1,SILVER
lpDc-i07zZdbLLasBHYqOauqgyUjMfiDECUHyY9BBFWb7J4WUymJM_TjSOvr3t6xdXktCCvDVkv4rg,euw1,SILVER
Sv8J39cAeCiq3108afRvZnFk02XHh51s2-IHZB4YTwAfXJmEer2rM-_cA9isRDgeKwcrJYcEL7qb3w,euw1,SILVER
g81s5D_wwc0V13uAzF5zneKUSwZOfPXNJCURM3Ap7ftVROgq25ZvBiumAN9qFIhf-zrHCyHEpbKuVA,euw1,SILVER
mqRMIIPvS7A8x4N6hxMFTO8oHflFp5ooDJ97R-o9JpCIvJfABil6pxbSRjtSDsIOxLsLCIlxHKDU4g,euw1,SILVER
QZDbDhkmDXyGIIKoD_xkXhkHga8qJdgZ7QqKzEuOsZGcMS0sw2rsObycTp_vZEZf5BQ6YW68JLgUog,euw1,SILVER
YWXE1NYMi192_ffVH-ICiPB5-_puvbkaLWp7MQq9h6fT0YAmpIXdit6AeETyRvrtj5As4TmgwLVkQw,euw1,SILVER
TJ3g5GRdqzky5bAeW8eZdcShHKA-G2ofqAISX-P8OUE7bkECK06N9RvSW2TfWkDLS_gVmo4MjxqF6Q,euw1,SILVER
f4OE0lEmaXcNvohIwyvVBzYulf1gWtTXcQ1YtNghn21W7jUZVW8iw28wK0sYUGkX0BMuDCODaMWhkQ,euw1,SILVER
QtdU4Sq1WIvJbihXXSkEHMwjNCoYgcgPaRldNOqc-h2KqMPK6xERlpqJCk-Sp8uJvrZO6Bk47IlrGg,euw1,SILVER
bvQ6xnK-V_V9H8aWu9hfk1QGtlXp9TIhi2LIH-4ANr_UPfECwfno_ArSUzxqijbUJLtQybLdScquTw,euw1,SILVER
BGl_ZbN-7eGDMVFCbhyRV_wGu9LPAG0VPIvo1EQ56yL72noWcL7Q_pe9AkijDGcdyzyDVgFFtGn5gw,euw1,SILVER
i5jtSpkFHJvhZ0QyDeCEhJyruykYJLPWfLNtzBEI4MN7FePEvWvyPjWMhVAelNUQpzEzGQ55Rj0YTg,euw1,SILVER
Hvb_ZR7OQ32JDN1df4ezgnyr9Sx-DelAJ_tISJMZsTegFunCBO_DHKy2XqkfJmGwcYJxufT_aP57uw,euw1,SILVER
X7xQa_mfW3TKewiKJTr-uxByWLAuTBkYVDROQAMblcqy04k2bXarWfkr0ly6hzqEdctBKf_wh8CjNQ,euw1,SILVER
qXz5TFgSmGUP10XV4Fk8xHAQ2umZ-QWD3gqvR7CQhYhyTn3sW1QArW6FdX6Y33Lhsnr1NbJ6LuOYfw,euw1,SILVER
FMsKQEfWbw5C4g9HNqG_aV4M8NyElpHhrIDrO0o3pPN6McVm3pBdBsEslErt8cGLVSL7q84Ktg8O8Q,euw1,SILVER
5Z3GvJm6TNGiIw0rfAiLqYAHnYnbBmMhLo8BBTlgKnl68lgZ0f3ugRg_R5gl5A_nJEA3DQQrQhX5zQ,euw1,SILVER
oJ4EMyAXhC6wD3mlLnxseSKeSDnkaSXJtmtHl3QPAEAIJuqkoigK1whwdPB3tcYV0pkVVWR_DjPoPw,euw1,SILVER
AuHIdX0UUe0CCQXabffFgpwKdC9wdVZMEVgmStjgHaamDrmABvT_EO2OWGXnsiorsNppLfK0OM2E6w,euw1,SILVER
hIpm3DEgWhXn-h2T5e-tmJavLRvvKsqdMZk28qthUHiLT5D6evoGsUtFZ1XqrV_b6mbrq3XiWJsSxg,euw1,SILVER
17IUFO6HyC3JGUmNq3zk8W306ZxdKTseQ_9EKTpVClgZU4_E5jVlT8jtovgQYBTcmwxCzTD9OSburA,euw1,SILVER
gVkABzhEJ9CUlfaU101F5LgPj-efeew-j9SA6G3J95z2gisAwHXAgWplbrP4dK3xlkm1wgvXMKkplw,euw1,SILVER
PpRPC6A7jkhB5Uf37BJvHbLrWg4HP5aD0xCAbVcj_ul3oWpLGvm0J3sRAFt3l9ksgtiki8osqrkPpA,euw1,SILVER
MyGR0j1m04h2Lbli7GePOcy5Fz1SRV4O_xT541qvZjc-aEHHQbQu-tkFB48vF2ZGTNGWQ4EWFy6xqw,euw1,SILVER
-_gcLtgJ4P5AggIavmTV9t9oL1M030zVORgBgiUxqK2uOoyjgirlzXHXxKr4X8U_1xE3tS6u7CBU7A,euw1,SILVER
50KxaSgcvE6nqpQRi6zPUU6ke4L42E9WaOSSDNIYbpc3PXcQLGDdITviRSTDAfEoHa0VEEomWlICLw,euw1,SILVER
WhX2-KtgG_OvH_C5g70_cpOx-_FCxsuDsTiPQnlsjXnMMJBu89Z0KyXBHcgkxo3TVh_w5seAvN9cEQ,euw1,SILVER
X928pRjqamw-s3jfM94VBdq-_nShWCSGTuYMWJvp_jBtjw690MX7oRIRNhfgojuO8yJw3VK0imU15g,euw1,SILVER
0nWj3vylBtNPjSeke0vrVbZxc7w9hS-08NE5eD7Hr23g_Z3oEUFigI9wchkfg4OEpKOB9stfvKhizA,euw1,SILVER
BTBWNV92njV6vAT8Zo7M93g6XC3u38s2ZrxUl83fRggYl3VIdDfhygh5zs2irCMtiJm7nnK218Ymaw,euw1,SILVER
CDQ3RCtUiV0OnsLW2mHH0CCV9NbxwyxSzVVxSdXMS12_gz0_eIXWTp61v606-yf1KZfw5BztYm-7LA,euw1,SILVER
nWQAMScp_qwzUs5LLk0Xq5PthuKy2ZckTEht4lWeKxffTlk0fYD4sCMNFFjikFBRssPg7C_vIHdsZw,euw1,SILVER
TaQ2fODugrK4JfvD4GubHV7Ec5np4T6qXavF_RFUJObr5ccyllq3pHfESIlQgBc1BBYskYPm40n5UQ,euw1,SILVER
b686PZNj4SvgKJP69q7a9U2aOsKEqIeOA2_0cxOEJKd858zO8fJF7IyCIR8rif3ekOTgi4jnk2HarQ,euw1,SILVER
THbU7732CHGx0DKpY-0YYPdqjobBdL9mj0kvirXfIKnmEqp7nR2XaW92XmDOLL7RgiQAxVPHcmEKKQ,euw1,SILVER
6PFtXtS7T0oZFNO_QpvM_6ZAaJNokt9ZwNu3QriqrhhTz4RTeRUVFdY9YIz5Bf6RE6oNGj8wsSGCRQ,euw1,SILVER
H18f4_kFCNyJQR26Ub3B11TG4KR9X7dfqPUmF8TUuis18ck_p_MdO9WtI0mfJl11_jWonZa_gSVcnQ,euw1,SILVER
YwsDEgAwd0KdUnjm4kh6qJJZViCKZ2A1IT-xE6SUeR7toW5s9sz5PXHkKg8mPz6zSmG2HD1VpeUXuQ,euw1,SILVER
0McAfy2iu__VBQOEhzqoxFHaPf9ZKqJeKhRoLhoenYI_WbLPA7n9QhbCV0meD9lvU6fWCtzqJWMiRQ,euw1,SILVER
mCtcCrYtqaZZdBx-ogLB3kfk94li-Ym9cNNYzrgXHnmlu5kJ1qc5f35fvqZKI3LapjRiKv_PohhNXg,euw1,SILVER
i-zX5XUzBWZ9jjsmMZU62g5hndf3f1QE8eVpUZHlmrjjG2Mm0xVkeurSQs0uvNZE7pl_1_H9lf_DGw,euw1,SILVER
RXfnbWJEMcTUYC6r8fs6OY_3AW9eU8fLA7zQjFb_psOaWORGPtx30K716QhyYycXMKUsr6vbKgEKwQ,euw1,SILVER
IEUtk2sUU6jvgI1hD__NFyh-uz2Dv9bUV2ZHNVOBXobElh102RdynbTjob44nD09B2TOYgSmMJeZ-Q,euw1,SILVER
8M0NNvbxbtmL__lLZX93DYAloell7MM-vGjI8jNE15iL3lP6gcdtuQyp8MqYNfPbJImjii1XzrvAkg,euw1,SILVER
kAStFBqb4qc53s0ARJMwM0TYc8gVXq6PrkITZK8pGj3K4525BfMGcMvjdi5Z1Rj5nD45EFnk6vBONg,euw1,SILVER
2abnbXKWl42u8h4akH_ccIqbod80iXcHd1SM00ANjTgDHJcoTn_59iWE1YbqwDHsz-KEBy1egQ0bOQ,euw1,SILVER
vsUEDKBukba9v0htxaucWKqRmOXpJ16s9WiZQS23gOrKLZPMhC5N0-7FIMmejKeDLj7fYHCW5h695g,euw1,SILVER
-HaonZDQs1YR2UD5qRVMu0lkQMqJO0R8P28mWHzF3Z5NaC5JI1zg3cgB1yzz5RinSEKvfrPMgDv2Vw,euw1,SILVER
AvD4DqxszT_YFF3pVQ8iviA3k5GOx8NvAjPtghsLtTS5q2_J81hNS0ve5ISEAjiK7Zc6XSUCnvlM8g,euw1,SILVER
yPa5KITSPDDUK9ZzuRVCCYJ36HZ_MwWuRTbJoUxZVseJiPlZ4SUdt3AwvKxC0N8ibskCoRzV2Rs8zA,euw1,SILVER
TWzRv1dsFXVdGEmrjr84PRVTUeTgP6_XtcSzBqMHO7wQFR4Vgq75jku4-YAT2MwwsOG5og4UDI6IIw,euw1,SILVER
AltG9iw7KXcH5lLMGHR2oA8sJ3B8PtU5ccAwKnr8IZmkggnNlq9o4H5KCanUETlZU2nniydfjnjaDA,euw1,SILVER
9jHOy7M6T-lT_uGwBmSUili9lC3r1h1wkLZX3r6wJOTO6HyQzhGkvfh_OmdH4KaxCgOllpRgb0Uwgw,euw1,SILVER
nqIfYLBgXDu9sb8gTI4gLjthtVlzMpq6IS8WRtJl6DZMfSBtD81nSadzjULVYqeTsfKaM6GblFlBsg,euw1,SILVER
7woXhqWfvSeFnVIZT2OmJG6I2G_J-t5Mu4NFHz2WnD9KD1V_wWBIcxBomynx4NvR8Ltxfb7SVDAloA,euw1,SILVER
RxHNEoosA8OKaEtaLYOve92EESJ7oQOxWJknIJWIdNmbD8xSbS8_-2TOcrUCKjwTBQUkNPZ4sDWPBQ,euw1,SILVER
RuVDjcopQRuZuyg4cwaYK0ZeYRpVFYO0B2LzWl2JuQkoMDzG3Hqx8tmYNxY5PfLKnw8U1gcr1fBKzQ,euw1,SILVER
nD_I4UxyEwwmD2HfA73ZidO2w1Jm0ddjUtW3zUrjtaqcpQrMmOj23XVfcUBTZthNqWUscirwbXFs0Q,euw1,SILVER
CKreF5DNcnxzRWG-X0sMy-xON0QPPZ6pWWmrJyjf7i0_J0_W4XV0Shi7b-a2mc_yI8HDnJDeqlfikA,euw1,SILVER
9JWQ_qXnOSEltqjZnG7zYCp-HGkv6wFXvekWGxFXpFaD-vY8SXLr20ZB5I0xlUD7smoIRajIpHoVlw,euw1,SILVER
f1CdOIc4zriI9sp3Na7p3SLDOPglZMkeH8mWbTfNYRmtPFu6deuJqJp6PW9RPAdR_EdYQJGQINRleQ,euw1,SILVER
aEpLIe9lqPbRxhzw-1sHaWoMpLQ6uQSlErA9prMtSKblAaz1gLmZx31HW-XDrJthwIf1ZhnwGnkdZQ,euw1,SILVER
JomFRtV2Bgu9kS7AX2cvwmc1bNacFkMyGBxaucXkXbVpjZEsZPNfFt8nXL3m44oAILGS4tqT5NkRlg,euw1,SILVER
zLMjV2ktX_3q63-oFTGugcLZ2vPevZXrmV-HAbte9OhDyl1K2gxICFKb0awX5C3pygxIzN3NTKXNfA,euw1,SILVER
pfJPencANLopgYvvLFRPAJE8axYt7UxHMEvquVmTYL-DvZv_YfaTYj_fgwB4RbPI0LpMof0iMerqQg,euw1,SILVER
Y-qS5t7CvLeSeza61e-O4DYkJ4q1HX8XhNtIb-D9uRwIQ6v0HPL1uEv0s1mw7XKv0VBMAagxuDNbkw,euw1,SILVER
w47ay_X-zRw4kAzBEZafF3nys28LhHebHRLcJ58cGqBUWT0a03FsoBg8ys0w96Zq7qCgDrRsEUl5_w,euw1,SILVER
8dOG48JrY-JyjtT53i6pwFlj5gGe9VRYFO_pYAgfp7EkJGmlUIkE0KjoIrpGJmE93-7L0M52awVtAw,euw1,SILVER
a0DZAzRfXN352Tpw97fb-X_9b1pDgDoJdyj8XwkuQkrZ2a5BvoasIPci1PkXDbqXczKO8GA5Wm6G6g,euw1,SILVER
9_IAqJacPCSvhXaWOBbMKxsr4kvv_lFAXOyq7XSdc-VErJ_9igw_2349wDRZkRP4MjMqQFreHPOcoQ,euw1,SILVER
ovgmth6doj6093w9345m6ADQXwZflerRAta-4D-AN5HNK1PN-kC7FDJXEu-TpNFVxoUBiFWy9oZTNQ,euw1,SILVER
u224uBu5031pHpmbzeCjElhb2T9BIkYvtoZpIFRyxGG_yNXKWuSvHiihpcCFMC-WBq209fqAJ-1Sqg,euw1,SILVER
lVROvlq2f11PfwUaLfKOQM6xjIiZgW-6XgYTZE_Pm-khEdBOKYhdoldwB3ixc4UpYD7WWYPruGd4pg,euw1,SILVER
S8f9YbxaItUHY0TcvSks6C2UGfEmcScNEcboZXy5a2PbFSA_QjVdNGeA7070-WlmISAIy5jqAHf-6w,eun1,SILVER
N8d-7LVmcYp7rgM6PjaYM0IdbUSVVrojTsL0Y7kvakW2e7cDrUoNTs4lDdsuUbRqe--pVbpPKMpM6w,eun1,SILVER
jATkzb71jeO_UOChAC2yOdKVsEXkdd-geM1ZhlOkJXREKt1DtTCA48XmRavn1m0Juk-98GYO4cLEqg,eun1,SILVER
0J8GdM4N5gluvhPlo5R32QVP7eksNS26TYFTw_a5hALfGeCm70yl_fPG0KythtpRgyFtMiXX_79Gqg,eun1,SILVER
JEcdNOtNA1A49rQak-d05aLJsoHrn2DEO-C7SEaUqCMRIoATbMpgkyywI1yVxnUaFCFe3pqt-446nA,eun1,SILVER
x-vb9DKtc8wIc3Bv1XzmJLDc9oJaQL4jRbLI9FJrP3_Zwgck1qjx0NBVm3dnCEhoZLg5WVbKL_Ge_g,eun1,SILVER
dcdjP5VET72Z887Soy1xz5Cw99rhTaCePLat40bMYQgt4ic8Bi-byL2Qm_O-mH6Vy9cXTPAaSM18_Q,eun1,SILVER
CmcKjqWTD13pvGqbarhFyDIFrpIeL6dA5Lg8qGdRC6VO5BTs9X_ZUPq0zA6AZZjZHT4O9F9LmvQPig,eun1,SILVER
DOFV8MEUEQ-dMQKspAGxatj6LiFPJr9eHZ2WoJ-75a4g90GoF3p-KnrspYF55MwlWZD78J8eAL0Y8Q,eun1,SILVER
ZI2OtJWr-zGtgKl4L-7FnmrMQQh1tmwH5NkALO5zXN2dYMBC-6dLnN191vfWQjsWu3TNW-OPlDQL7Q,eun1,SILVER
LElGHD1cIOS88XPaAcUQuTajHCyhRGlwGwWAA4YhqE1KQkRHAYDcfYRo0H0kcRjulSe0u1sWG9lk2w,eun1,SILVER
uMvDq1VZP7fa5oBN_NB34BZG3cO57LdaFt9gAFltpV3EWZJBqtfpe-sgQP9ZwQ_jwZY4uU3dn8gN4w,eun1,SILVER
I7YwjBYz3Tap2b628XVJbnFnxp96E0lXezv2jfsO9l3VdSgbhvFNbvteNFLBY_ZA24M4KuHRMobO1A,eun1,SILVER
4_1gYiDVCmnq1aovF8VOnUyTFUNFuG4FeHFTgshQ1ov8SGv9a9c4eRL5EO_YwCHhHNILr0x9uG7s2g,eun1,SILVER
E6BsdJ5h8claow5mFAW0uoLvf9C__AmR9StNcynvYgx1fQDr5IIHItqE1I45eX9-QZXkop00nqyGqA,eun1,SILVER
FxGJHJrJA0IKoAAQCwW2heIjC1mwBKMKR37EAUg8Hi6eUwG1xZVxW160ymSZYJFBMRn6lxkzfM4_Tw,eun1,SILVER
OVe39yR59niI9LHGYmORht8PUPp4hkbFVd8ut_iIb3Ak6yS3vOpt1AJ6tt0mNUb_IyJP31vo7bxz_A,eun1,SILVER
Iv5zGt2is-8mn9d7VtQGNeqVbafk2cqFHW_sN2oACnGD8sshMDV_Rh8wrOIhQi3fcOoHqIQliF9Xng,eun1,SILVER
jxraJuwVrXi6Kx1QHfbIudqEnv3HLwXY4s4YBxPi7zwgrEheHsPahZ7sznKO0j5UNhQop_8Xx20XEg,eun1,SILVER
8hURkR45gsSGb6olDEgr2niVaugBRCLRo0hH87QcF1Zh36XGbF3u0r8BZezDV0nhFP75ogP4EVJqrw,eun1,SILVER
RyufKaIcPdmhh8kbiJCTYC4j86ks8N2BQc4TeDlI5oU4OVVq9G6ZBtSeuUuSYcHCg82N1qeVQ8sgXA,eun1,SILVER
9fIH65-RmA99ymbom9vApmsPKc1ELRx0ak0A4JOh6s2fBRX7D9yK2wUgoECGFOwd7L2NgJRxIzJkjw,eun1,SILVER
CAX9jrL9vajiC4AyzI_ojPhBI1z2veLaAGReFOL3dx-jeOG6QaLQiO07DrYsMC1fjK551Lab-LWLpQ,eun1,SILVER
-4pY1hcMeTMD24nwyakkFOROiGbduhkZHm129ED61aB5t35tlMYB2wNJuHU_C3VeemKqyt9hRifLog,eun1,SILVER
NvL7cUQAsweX79swLqe5LvLmmk_hbI51W57U9H7gD9I5lRuJCXzSu2xL6HGBWAW9-Z5q_wa5vTgbQA,eun1,SILVER
0laPnh_q4bmU7K_wP6aQzu4m5EmDyRN7lv0nJ5S_sh5Z-_izBXEuLlbQwIe2lb6mw7S1JKJF9IG-WA,eun1,SILVER
pyxGBVCFb5BjfQdhU8bRWb1H0nlDvIxtZzHm1JLGVIpR0DkYcJZXEra2No68rAbl74oU9HT3pnkWOQ,eun1,SILVER
tYpegh9uyo8FKkjXnpGAkr6rzHexSHqX5wlEVjb0UluD9kAMvlTVohVig5eogTGERU0RQFKFeu7ucA,eun1,SILVER
O0StorcRm3K5Timv6potoPi8tP5I3nYj0sk293TjwwG58hdxwAz4Qjm-clcVrHI-p-qmcK_D7-WQ8A,eun1,SILVER
bNMn563r1nMzim2RcRVcTuz90mkRgTmIixEZkIeVOWioT2AZ9kWtzMMh5q2lwur3oPbMEKRKDgpHBA,eun1,SILVER
7QBv7uSdb6bCwmSyNf4uXf9hGtD7cbmUfOxHQ1qcrrIurPkfoGbenFr8z8tDeVjhDfeiA3fl29k3JQ,eun1,SILVER
MxveW2jA-VnFafAjles9uyFb4_RM8JIjrKQi8Iyv9TZUgsRcMWVpYY9idFEzsHO9HE7WIzi-sLPgIw,eun1,SILVER
xtOGZ8MZDvtjan7LrDAZzYl7qojQhivUTHxUEezL4N7YXUw2TKcwXfJgPoah3bGKxgYiGdr5KpuZtQ,eun1,SILVER
QCTqhUiV8BqgRQ_Utyl5-RcPX8FtJ6blyNQsgnUTc7aRdcYLAAQXEmllJ9XgUFOwwEUNo92vjMc2ag,eun1,SILVER
kJHyZyyEo7RVjsh2auyfdz18gc56Xy3pJUWYP2RY85yF0NucqJ-s3KwcroOE7_Ojad1ESamuq4i_1g,eun1,SILVER
oPKQRB2TIeGEXHhfyPC4VJTKVl3IxNA5H20wUw5NQdiJejygXYPeNUeuKOvX5MIlQ5BP1zunj3S4mw,eun1,SILVER
p1retnPdIHZMHoMrYlbENasMzR20hLFVFxrlmKXr5L0qHa8Wuedqinc7x5Wis0Or4uanmwnpx5xEIQ,eun1,SILVER
rX6JKcnPfBZfmTGmD_PphQf_2bnMfs8QxZ_r5nFxGCzXhIFdqqI8JAu0YbOfwfjqyNtGFWAXpfII3w,eun1,SILVER
CwColpDePTvFTlzkTN9yLTWpBidHpV0PVfsXTBUnEOVpYkNCJNB1-KsgAbEjruW1UfhOID0UgnkxrA,eun1,SILVER
zvK_ZzLtsXCvdMQVgjlYLtdpCsl-YY1nXHLA01UQPrjvX9zbMWrshSEumQXtoPd-pAyd4W9awbOEyg,eun1,SILVER
STLttjhb1JwdFthgSgTgYKek9iq7OeGyMCxNK3MQVMjEnff5FaXK8C_2GxE3FaEVyazArV9ZALNIuQ,eun1,SILVER
s74rpaVwdGF6yPlj28GwpHZqrroVri08rSGlejftWKw2NzO0D0NsyPpVAdu08arQ37VDAao1E-nuYw,eun1,SILVER
NP5EnB3oRdRiOCiRE4TfKHN-qdWJK3oTe_Un0yuE5Ik9gBC8O2PzEC41SHsmMXLPZRzTHhxdLGG3zg,eun1,SILVER
xqves8uot2Zy56kWf3UmFH2Kq9lMbMxuIgq97X2WSff2cf76K3fZZMIHjfXip7f6JDHGUHMY_RoV0w,eun1,SILVER
YovD8NHQAQ_eiTAtMWJqZW2ZT43SRLn1Xt7Um7W8wCkaNVPP4i41HGPJjOmkaYmEZVfMyJR9hk5EMw,eun1,SILVER
nZytqT5wiRDKsRtoWtTR40C8Q3G8wT-t19ivj4a_vDqzEZCNM2DOCpBoOoXfADN_6sGf4p_E5_BBPw,eun1,SILVER
Ofvqw2ltJvxE2x8M-x80mJN3GDEyd0oNponFeu3S9twjq1TXfLeY5QomtPL09c6Un4VYnDPw1BDOZQ,eun1,SILVER
B4fbM4lgjd-V-HZ8bidbzx9aofBKn0dGXFP1kKNK6x6XP144ZjykZxgjs53W0i51hantsAZl3QvHpA,eun1,SILVER
pLzyFrO2rODvsrmhDh3j_81IVnFH6Uqjjyg1fPqP0f4GeWTmnCFHR-EwyPwRo26EKyeA7fr0mxEsjA,eun1,SILVER
knKTb2Fwh5_UU4CtZBu6sRAmwRDGcPgEv4rcSpeqWVtD5c1BWuRCyqyBg7FWQQ539rZCn1kA81CLMA,eun1,SILVER
PfDkJ4uHjfaGZzstlABKiq8zbPwuZ4N2ki6xf8c44ltObNpqgFccMRUboit-h5hwAa7fU1mdW42G6w,eun1,SILVER
A3_v8oqUrK8zf59BMbJC0miRTltmnSV5dNSI0nhmB1edJnynbNEYd882ZofIPtoNvk16H5DwTnSc_Q,eun1,SILVER
y9iu0G7Mw9AUSB6dBeeTM5z_2spyiSRA8Jtm2PVN_qJWOPbI0NDkGSPkj5tZWvZPDjPpVWl5f5bU4w,eun1,SILVER
3PCIh9hOaq0VUyevr0yKKp4r8oQ99CjTb0igwuaMLIdWfx7niuAwn5-d-lYmO93CQ0oyXSm6_5oCkw,eun1,SILVER
-TJwCsN6OwPx3yyiRbxbjQrX05txhC14j3Xl6nWsLbM4FAWb4t3sFbpPQXoXiSNg9YYO9MCU4XEanQ,eun1,SILVER
SyX2a22b34m31XIukxrkSGvur-Yn1RrfdfXq99nmpiPn58dEQ2v-fHNo-hcbyvvsEmFYQU9qxDgg0Q,eun1,SILVER
FT1cgU0L84c-9NB2WtKXLSi84Xr4dUhrAhv-QJ2SKmn1VqX5CLoflYcSdEkQLCyQj_AwDiCm41jfFg,eun1,SILVER
EjK4vAe8qvuYF_3WWm8AP-Z4ICne8jIoYPp81kxc3hRj_owqfA_fQ57oxBz4DXKBKKMNOe7kliyyEA,eun1,SILVER
JAZiPOKRqcDq1tEr0DhV-NNetU-XKQAifqXI9tHcdz5-uQr8HWvHRs_XlkWcGIFT2SwkrxpYJXvOVA,eun1,SILVER
LDNKf-XTg5FuT9qgUh1z1JjCES134UDpEN8iEwChLV8C64_l4MtpptbjaBqvcpUxATzGsGDZ1Da_cA,eun1,SILVER
5mx5AmXP-WnCXSERZuQa1AJRZtHGCyHII0NIA9GUKn91oijOgCNIZ4hxSkGCitSVY5TfA1qJbljIlw,eun1,SILVER
l3xBXVTJnH8URAr6ydxT2vQ-GulttrbiRrKPV3FkDviQgzg0xAKa1_V9qy657haKKWep42LwAmJlqQ,eun1,SILVER
K4iZypOm7TM5GxY0oCMhcMZxx-8vw-VT8yIdKCCVpLRovfBT_vxRN1PJo9IUbzW5OZsr2zXqUUnI_g,eun1,SILVER
XCFAx_re2adhZSYYe2QsU1ymMI8y3yFucsbtWRiyXB-x1lMuNBa3Wu5BN_0UcqCNJK-Kr37AeYMaSQ,eun1,SILVER
iq_wZ6w4ocPiyNu75h1XG7vrRzmiGJ8Fc4lTI3ShgJnmV3R2ltU43kvXjGyNp1Q3W4GPc7dKJ5XUNw,eun1,SILVER
DBrrkM7KAV0W5RdZXv7gxY657rjh0UNRLrWfjU_IUQWzBsKWrNFGZG-UaLrDetapUy2ZpGnTYja0Iw,eun1,SILVER
PuSkL6jrWirEd8pHKUC6B797gn7pZY6WYbzvVtPU4z-tCYkQJzVHFgFqJNvDyStQwjFGvPnW3Vh7dg,eun1,SILVER
5-N-djGjYbukeO3jYOswATGpyXJHdT9AsbFXIaQ8KdcIn9PkM1r9AtNu5ETgORjiHuWtUGDyvv5D_w,eun1,SILVER
2aPGS6I2Kj75TSp_uoUsgZpZZl-LTbt6MfrXhZoa-FRE_gy0qx_xe1-wTZgn4ScvVUZVIH-CLgnU_w,eun1,SILVER
Ozrrf4S-BjJwJPzx5VVHpYn0sYccpnXzD_4H0UhHu98NJOU84h41oYTP4qb2GhOm-7U_k_XRu-4Upw,eun1,SILVER
Sn9dJ_qXBD8hZ39G8vaTIwj_aZiLnsFPXc925TpPlfTqHSm1vd65aMYy0a_Lb-cZqBc3cojgJIXwsQ,eun1,SILVER
xCUdvkqma6Wt37olPQtdyz1Texwmp4SqzbWYnBymk6BB8agruiEZKyRH4Qyegrs30MzCyJ93qVLHBw,eun1,SILVER
X4jj4mVsuSAZ6BVydc9DMZjAxwiLm0J1APBkCfmBb_KIjdEPBxONNdHvxrldZZgp4yanvoRARDMmog,eun1,SILVER
Nv9M_nKVUHISzS30TV8-IMzGICxGxVkFOvNkKvw7nRHc_lgxaIAlRX1jeMAmBRurknOzxuXiH10-Kg,eun1,SILVER
VQ3khi3kaAMHiaoR6zw0gs-ArmeqazEiK66T5eIdEoRHJdNZqt7pYZ6ts0xrwntNMhTiWqqNc_dEJA,eun1,SILVER
00VW8iW4UtgPMxDJmXQvzYzLFSkY893soCopLtql8cw_WehD8eZqGMk1jcdQE7hYQiYzBpBmawnLiQ,eun1,SILVER
I3XuUVN0rIaRig_fi0a6dgUIUhia5IlNLHxvQVjlfQVHWAY8myEWN9_6R2GmyfTJ-7nx60oalXDVXA,eun1,SILVER
2ZA4GogYuRgrK8FsVd6rwOEJ_bly3SVIKqeeOsdf9WBD0rvZyLfB74173s0vKqoY3-nqNpOCb0CcNA,eun1,SILVER
NPsE8Rh2PrbTweqTQQedPk2HGO6jnYlHH0qZgaK_QbsjfmiPLgdhl1RlwQgbUq1J2tKbI0RP_RY1FQ,eun1,SILVER
gKkLhxS1a1pOEgZe8ysSxgttdXV3uXbsBbjWY8ZSd-Gu3k0WHg1igb0lsf5QR0oHpaCH7QLK6ugRSA,eun1,SILVER
a7yTf2LtZYO5k01URpiJUq105ObTRsiwwIYOed7tC5KAm8OiXuPKOlbUBCSEy8caX3S9IkLV5BZmwA,eun1,SILVER
AD-MCYdtUgja3YYv-X0s3rwNAzrGdtjld8kaYNWzV5-Hfs84DWPa5N4aU4Uf_FIXzq0__IvMwB7frA,eun1,SILVER
l1mc0TMdu7S1ORgvd0j7vvcx_KP2YEC_hNtCWFSapyzx2jXvFYytfNlNNzzaOd04c0DC0iyAAC2VsA,eun1,SILVER
GtjbwZzYi8_RCfTZNbBOeP-po6c-kEVpngOT7qh6f2RXqCYi7cpTeddDSnSvHQXnHGg_gVJ-Wp3atA,eun1,SILVER
B8zal5jkIy75lbYx5wdS81AvbvJ8jwEtS-a_l4i0OWJkGvvoV-AC0d6F2FHo2D5F8OZzbH5BUz0oCA,eun1,SILVER
6dtnllqjgyWp_SS1xhSxT0uoUGDP_DVDDgtkoWvbaBioJbkqDy5a5aP2H8IFUrktWn7wdDcbeoXqzw,eun1,SILVER
1nJaMrdV-8-E0gAfmT3dto4xz59UUmMsI6hRMNVr21cE6i8xpgLURIqa1BcBBD1ceqRQ9Hiagq6AlA,eun1,SILVER
x6iEUrVI_LuV7Lh_VumyljbK7A5AabeYnbGGh2IpRkCuNF3oej6uP9D7AyS7BnOVmPmdIQBU7yVk7g,eun1,SILVER
lCh4R5VoGmw0-cucZEIPygIwqk_8Wjj86sATG3eXxtsx4380546YnhJHL9gRNUgnUX0qME4WDBLzqQ,eun1,SILVER
mk_Yqe_uw-XqKq2W9uRnbv9-Mrg_TzO5R7SPi1VQ9IxgnMW9ssyOAJjdE6j1NUOJIAo8mzsK9Kin_A,eun1,SILVER
xScmL67vYOLrpby-OHLJe3dMUlEXIFVUosTxDsn3kTpuTK97Ce-7-l4riM2BCY0NwCYTxO37TOc65Q,eun1,SILVER
cNo6YLVTLLLlKS4KzY2JQy0wF4wOgAKWaTedTZvR-vh_uABa3BrwAs9NahQF7JaUVHmNqD0K6ENkZQ,eun1,SILVER
a3zmp_GBSGtjYZ5X4MnlWGOAlfthFdxJdTuTrBw2j-gK1MvKnyWX9yPG-xQ5_RZm19E4wkMMsdzrag,eun1,SILVER
Kf5q-jOajQPnTqr2mgnnxxfqIgmOlDqwUPBZ274ksfil1cjVMFrJDYppWLYkn3RtGK52Io6QDOypnw,eun1,SILVER
928hdzASbl0mVgUoK3UIg1Kdv7Hyfv-w9_B-VyIVZwptEyk-MX4bpQCK4jy582E1g7OwwDpPi4vpHw,eun1,SILVER
A1FF7QK7F21dZzW3Tfi-1-neFyvfJfc_ggjDYTnaB1eWtIkpDM8Q2IL6hos56DaE9p9i8LuiLv7mXg,eun1,SILVER
-LH7kibEWpUpT8ofFdDOrMSsJnh6TQNy9Mw1Hs7ELYXaAWURXjgVq8rQo1TjVdFwYCJ-qNLzS1QJyg,eun1,SILVER
pUiBtC9toW0MS_ptGA2FxA7Ta1uECWU9hUEG09mlpXaKLD7cE-l-UsCuFBRuHccwMRFd7yvFCG3Zvg,eun1,SILVER
mUJbEkrgAjD6j4u_JP6UDKP7zQcMUtxC4I0Y5oNGW-Y2lG1PpezsN0brIsQhsl0RlUMFJJ7hzJt5jQ,eun1,SILVER
X_SmN9TVsjz0dalF5Ie_J1lyqBsS2anI90qDJ7uApawkzPH59v12sdbDYtp3JCdR0nTu574Sxs3tDw,eun1,SILVER
A3zHebLDe89yeedYStLty2TK-n8KWtcBdgoTF9xE4Q_oU_Z7e1hA9EASdL8aIDlPkWech8pyti7ezQ,eun1,SILVER
qUcehOULSyFVr2nDVKypognjGvi3LE_kLIXxNlamg-e80q4jJMIwhunMgSN-ca8hEitEXxaZxWaCJQ,eun1,SILVER
8EP1Ghg00ZgI4IciSz7NdpDVM0oiLFugF9fHbAKpc8-9sWx61vJzWIl04pYjzX0rWH9LgNpRt4219A,eun1,SILVER
Ls6RqdNAiiL0j9GUKZeppgFiAsDYc7aKF_C4m_yUchVTBfI7qFl24Yn_Rh_lvLoUAb-G8CKam3bl6g,eun1,SILVER
7x72ak-4MioPT-NS7QJfvlE5Ja452cQb3DlBk4oCoaQsssWj_AtGRuAdAelALqFLUOjhpL2CW1StHg,eun1,SILVER
YbXPyqhwIVR_jlln5YeKGX_bpfdkR8YEkU-LghgYp0hPfnvVCehiLP3oNNM-QjG4NQypnJTiiZ8nvw,eun1,SILVER
TgKFAXv-yD-4pX2roCteAWFpBY8QSl1yf3b4vR6REYqZ1odsNVU8xJiae7s-0-Nv-PcJLdozrA4-SA,eun1,SILVER
qf4t0OEPc8rPuFG-3-k0-dugM5DN2MwMlxSzvHGtmeeqOIxJbKqKYHtkcq9DQjZmEIrNHXwLZF2cJQ,eun1,SILVER
xH7VVMWG2XfMapxpt5-Pjc8vJFPeb9LPQdtHWNh9jUHN_Zw02ExtRfurKzCW4gdv-kgE-q8ZHrhntA,eun1,SILVER
dGTaEVOgPCFfkYBaNszhl4bR-_WhzYwJWCGE8S0Jak3MS6XVsCV00uG9sNf1pI3zMV2k8PeP9H0LsQ,eun1,SILVER
-XyNHTpxtvvuZ3cmGETGduPJnNPy7yuoFuK5Ebcf15KPhq32cgcOLehbgNQOoHWyPTTBcdn-S4N9Gw,eun1,SILVER
nRY3vzykrSnui_IZKQ9lpDK1Nvipy0NQiLj6mwbKlZ1hIjmb6CKyXkOl_0E2b99Mw2Hqo09q8MEZkQ,eun1,SILVER
5OJZG4WC8WklD_JbAQDhv5CXH9MyLVVBcPN2T7gel2uPkf8lg7hEAHCSxRObtF8x7FJJ0--imY6dDQ,eun1,SILVER
gFqAaajKdr-qEVIKvR3dzD_uRjTSQfbMNIkRazlrvtN-k5MlcnTUeQ7e9wTrJFDwZcGj714JWN_mvQ,eun1,SILVER
EOwPCtP7uuvvO_c-UpIj9Ht1UGoX3wfNoskre19PmEGtgX6CKRBd2WQtoVHknQrdK2aKlqo1O0kpkw,eun1,SILVER
VdNZi5rpxIDCx6D5WBVGPhw0t6vfnVZGTMfx68cDa_5irATl3-XfrC1SbQ3njPBoI2Cp6O0hSwmlKw,eun1,SILVER
fkr9ArRSRQYhfnnYjcwSf4iaIYIm9MjhrOehO0U1hYznWVECBDN9vG_LVn_5TPjQwHJoYEemhSbjxw,eun1,SILVER
CX59MWgBFZfLO1d-8hVsxu_dfpclVP4n2rb_QIr7eBUpjwdKHHyGfVR4iR9dRrf2DE7VHXyArqkXjQ,eun1,SILVER
0gqW07eKjvdSeFfsM_0TXr6wT1xGOfxr6Qw1iMoHVl2Gfcy4MIgaySCzRVpgIF7CZeRmddVxI4LyuA,eun1,SILVER
dCW2mrDJJcR_FUaPVzORkLt4TEmVs-J79zxDFpd-RN9n4hyz7ZaZ7ZMmQUA7J8E3BJGOowS_nacFmg,eun1,SILVER
3vIzWqs6imrO6dXnZ5Ey7fJIeqplX7GHgpXi12JZfxwi82Bc1N7cGcFGIGm0pC1ZI-zWOy1cNXe-pw,eun1,SILVER
iTqK9a4l1Rh-pok9RVfdgn187mxU5RPzQfAeIzvmqGZuPEx-b7EDizaCypt-p-8bCIzzTOciI0RhGQ,eun1,SILVER
bNictwdfcU4e6aXP6D6OF0krAQI71L_40ETSYA3_hNF2PsTP1jD_SSvIc7DZK74xsrDHF2f0IwnNyQ,eun1,SILVER
u961xPzHVDpTfY6GKLy0LJz1j4Dc2S28cFbxE9uxBYPcFwW01XbmxKGxArhKuVLwQUu3QOunb8lMlw,eun1,SILVER
k172b0FvDXuSK7h8d4-njiAEGWLHyhW7Ou_641TCtNmMvoO2ikYdZgx07he66LHScGJqRYfAqW3-Vw,eun1,SILVER
dMNZ52nXds_1-rBsg_xSsYW56D5MnJTLFJq32SNHyb02QlEhvvBk8Fm1O-KFZhPKDti3XvAeoBKbpw,eun1,SILVER
4w-TbFcPjWgjWpgXquKXnRcdAnqu3JTbWbla9qXpJAHtmGIBdFxV8DVNewrz_t-i11ZxMi4F1oMYWg,eun1,SILVER
Et68APQOKU1BKucJ5qlMIWNkaXXGfEqHL8PrP_KCUH6umqJ0-MIRyMztukgvD6OL4IGhB35edLHp7w,eun1,SILVER
-wE7mwspc7F-GPgIJ95n3jOoQ9eFbyTUL_8w6vNU5E0ZYd6mzixgTUaN4ajFV0OqbC6sGDlyPqYKmA,eun1,SILVER
Ns4f1nlMDsSFrOHMRptfRz5Oj_IC6Dp8Nuc-pgQFmDy56ch34N-SNMPdkdFD0YcTk_aProcyNoG4sw,eun1,SILVER
PMcCT6nvXznn6PTJrDGRdp6j2rmsvumYAjbEJp8jTXBSQFG62dRnMQGdpo1dj8prAWoDor6Dw0stJA,eun1,SILVER
iChMp15-P5ksNva_RLtO5xFXa9R8O2uuC6zZwf90H_Lc3M8i-YeBHuknRaO_ODt51cLVU29PMuNrqA,eun1,SILVER
C1o6BAYHTG7MYH17WMxElm2bXBlBt2f4p2dyqFLNuzewf6QPqErS88_lCA3jLuYSu-2nLUz3gIFlSg,eun1,SILVER
2pzy55km9ZJ8gENBxQkXr6iE6LE6FEi-tys7raJR5sTJ0bieA7DjCexANRM0TxecpCTyAEQ4p93D4A,eun1,SILVER
7NDbHks8PpFBPtbbJPUTFTem30l9XfVyofLXz8-9noS0Di_eZyqx7_GfS-Xn8gX_zyH2Lr4EkUVsYw,eun1,SILVER
BOATrtFs3PN_beTUXLRdnIxDMoWCygmOsi71IRdMlz9rOL6R6aoSCMYDWPr7GkBY7O-B1we15q32bg,eun1,SILVER
G09urzS6CiwuNAcj_0n4lHezxJq-86I5pKytt0FtTQo4jcAGLmUC4y9cJuLrFdkDvIiUxLzORXKWNg,eun1,SILVER
H-krLlUDXSNMWHLp3Y5bCzgg04L1XMjSmiloHQtuLxu7QRoDDbiQ0MmWAORRLmfAJaVnPHhBPsJ_AQ,eun1,SILVER
H54kzkLSC9jPQQjz1M5gjR9PYnObFk9_MeUCPGs56x6Dslunzk9IYfI-78YLJRAWKQwlEtBmcGkthQ,eun1,SILVER
16-OXJt3R3zIBFK-3CNVAxECEoLZZuoAUc_FnL7pMMjlOgFrOaIWTx_Z0SwwBh6m0CR0OL_VfoBBqQ,eun1,SILVER
8PFb9OUBfPAA0Y8YS3loBsdeS4b9qHFmtrufq80OYF49vSFWE7P_5nlRG2mSIDousSWMA1z5PKPt5w,eun1,SILVER
uF0pwgUbpuVBNMH6XPTRvh7wXtocN2NQdOmD2jHVs6VVA8so83-9TSt8rn6TXyCSquSVbDActyDnXA,eun1,SILVER
FCM77fByIetnbTVDLKAkeUB4DuC_uLYBqWPhLS9aD_AijOE6EKlRRjTqdxfdaAnd4Vo7pWX9wzEnaw,eun1,SILVER
IzB6DgV9LSY0Ju58fvIL_lPSzJnqWiMraie-9WYu65Zx_KiTeP2morbxcLWdfuvNox1wiU2d0i_i-g,eun1,SILVER
wVCDShr-5ZYrix1cshbwpeZpXoRrJI2ieONCKGkjvUUs9OLS42_eP-DaHwNYugRpdmifQPoiWu0NQQ,eun1,SILVER
puuF8qqu_nYbuVEmUpd0WEkH-Dcwoh5A0vFJ-eR_-5-CjAChsXWNzgwJ7TLL2gACA4IBS8riYQ81SQ,eun1,SILVER
nKMXwhj6I_j0feTVAtHv--w5q8aTffpyTVjf6fqZS2mfUfoE7LG1f4xUQaDQ5jT0IRHrppP4BexyKQ,eun1,SILVER
OWyagIAqphcXAJcNPMZ4lyxwOj4HVGxCihOe9rpnSCYMurCIixKSrKY71ijY1fWQ7Z-7onCkUMfQOw,eun1,SILVER
aTgFk5rAOHJB_3RqC-DLm_S4ZkD2vImKyWAazUTG1UOOatU0ofyGXmY-EaSJWphRDL_uSm2V3M1pCA,eun1,SILVER
LORJ5zzSNU2pDwp_Inf4ujp6rZfJNWBtch2bzsq0Np82eyS4UH1N3-p9NUyDsas1beJAUSE5hD7g7w,eun1,SILVER
Adi6Y8gkjWMb73rc19QXp1ttsNofqhD98_HEQBcSWa5vmpGHn2PfI6AwkJehq4DdvY48ukmT6nmCOg,eun1,SILVER
aB3cJsFonL0c97i7InxwyB1uU7-9t6G-v83SgDLxIB38vrksAT5XfuXYTdG1So1Cc5TFEfmxOpnKCA,eun1,SILVER
jI1F1nEqwMXM1QbDhyfo42oXuKRmrd3V8w2l7bpV0_XZ9sR4CW7g5T3jptpAUI4WddOosNYcImZe6A,eun1,SILVER
V9b5Obm2KnAimaUZpM4YonsNEzbSNrMu0PUMzgoP5PW4830BuoKzCctkzhzrwaTDarmYejJi3WXMuw,eun1,SILVER
RIvxoAlhEC-iMcahAW3KKNrBT-rTEgzN2BrY-BIXkscBLVbuub_sXovFbrQRwhWbRYNSh1DvtS4Evg,eun1,SILVER
2n6eY8_TNwNGfVgB5x7NZeS4oHizauQqVBEizR9dvHsvtYfDcmrGwJt4SY435sVMgaMDukEJqtZAag,eun1,SILVER
0Ukrr621I6LIP3I1O8-gfaJGwUpMHPbBdqDdSzqN_OuwqhsQxZzIzefV2gYdyhvcXSuVh_3E1I1aOw,eun1,SILVER
Rhpe7JDrOFAKN48aTw2md8GjbMpOwSga6AiR5aotum50h-yjUeIVJzCrPr_g9TnWGYm-mj8_l0MrJQ,eun1,SILVER
D40L4X33EIYMpUhzSzBGjEbrdqUfGIX3ECZY2kX_NyeEvq-jvY6GKiUaVvLs7XRz0rOAQypNhhgO2Q,eun1,SILVER
bfNvXQJ4l9t2lKBjxhBOVyUsz23NbJCVdqfGHgkqOWpfmhk6VN97gA_k3zZrZrUTdlJOqvON0D9kLA,eun1,SILVER
j8vDh0BJ0NLUrII2xr5W_MgpGCtgXVAONEmmwM8oKdywVx9wZ04WfYIGHshb76P7aklpCO2IiVyt6g,eun1,SILVER
DV-IfO8SFphXySdMM1DHN-Ay_XUkmH2pKRmNnkYgEPo3ypZ0q62lyutkdIp0BO-l72HVmBuoc-ky-A,eun1,SILVER
9VRoFtFQJqB_SOZ6h_vTRF1CSeIjNgrReGQ7qzxIxCmsb0efYIQoMlHJmgDb2vbzVWXxeOsvXF9URQ,eun1,SILVER
Jh9PYyseEqfFuHwEm9-cIqAe0VoAdMWbVBrLF_GJ3hvGJ5LOcKcW11-vO0xfvsxjHTpbIsi7HvZuaQ,eun1,SILVER
E-7wiV6UoXoU-5dIMXV_Bjh7pQJ-exoevdSPB8gkoX2YloLrt4RG9ICtTyVLm0qzQm3h_5Y98HgHYA,eun1,SILVER
NsJYAud_qhAl0d6hBjlTS6zYBeVUF0-cgoSCorllElskfJc6TRO8dZfkytltXeNiZzVK7S-x_bBDMQ,eun1,SILVER
4-kJEupCw1e6oGNxGQKfnqQH66is04WTnnnKBwxAZh6-l0_6rD8WRlRUajzV2XKMizcaR0Nb4iM6nQ,eun1,SILVER
NTRlxDnh9I71l0RMU4bzXbLuxZgblRXztyJL_P9l93aQo9fTU6u614jn-qS15jVD1M3olEwb-stIVQ,eun1,SILVER
GCa3c9htc45KgiI_LLe5m22xMByItDSthOIusbIDA7OvQ2NhDHB9q_41o_G6OivR5Vx9s5xrL2APFA,eun1,SILVER
LG0M4-Hq8ciNfazM2UHQCEUQx-V0Qw1C0mAqYcNXaGaqUhPkXDC3v-4_uSC-W2TTlTW_ewAjKuUOWQ,eun1,SILVER
Lw_zYXTSkAe-u1on9NkuKnctPG5dPAcPN_ms07_p0tYF1lb4mUkPAuJhOpvr6iN6e_XR4GZdiMTeOg,eun1,SILVER
Xq89-_MPCFkgNHTixCgGXJfraftiwYxLOmMSa-NcOsV7dXw28JrMBehOZso8tSSAkIlLKZ1KK9XkhQ,eun1,SILVER
ZIFzmO70nqj8ek7fFnerPYiFI5TRov4wi5bweHh-AfMC3F9RV1EIVQRWJqr0Oit0n2U51OIWEHxP9g,eun1,SILVER
dnLI-SDlLKUuMDK9VB5Ltr9R8rY1xaqff3jUjyfYRcvr-EhyjrqlHNIy4QxiexPB2I1UT8PbJyqrPw,eun1,SILVER
NbT2iNZ_UtQ93qmX6__X2yyJAZRCidR35uvHzJ7QljurP5SWySi1-ELziVJSUlTTgHvOPgxB4qBzDw,eun1,SILVER
jslxaECceYNpxfytMeEOyBnVAJbaaA-U9jj2KXxU6-RlkZWOLmjP_APidZkWAR77UFBUovrib61Eiw,eun1,SILVER
Lnb8qG6mjOvu9SH6KNxpSWVU7U8G8PS66UpiOx0JvVWDoWn7Mw9Z6C6m87Hulnl2v6ZIiqAp-VSkxQ,eun1,SILVER
T_bGIvCjIIoZDoWDLBlNRcgvEBiLI_FnM0LvMpon-cgdpKxqGTBkNRWzMQbCtdBTnTwdK3jyUt9iWw,eun1,SILVER
AfCFmLqz-klcvokuuIt4BpG_JgU9Vq8cCtexPomZSX1B1KXwYGebWo72xQ2PGDZuhGiF_LatUo44KA,eun1,SILVER
Z16G3R07TP_AkoLrDAFsdtu5BhHTeQ09sNASa0G21B4B4GiJ0I155PDfFoO_r0H4csRd3c305nQrjQ,eun1,SILVER
5jkYvuMH29Od_PweFIvA0EPAGnHbBDhdZtG4Ucx2xsv_BXgc3PX9X_-1r67Xo8mBWpicqq8qiLvByQ,eun1,SILVER
GOljBegLcf9mBvSJQuGfEu4ZRtTH4u9Ya3Ta-xlw_9lZ_u3yvORb9rGd62waRqyDs0sdBClX_xM2Dw,eun1,SILVER
QdSi7lJJ-QSF-4NDityvJ6GrzO_aO2dbbZJdQ2tS0-r1on0ihrhOs-YfoiFJ1ZxbMoP3G89W1uFuLw,eun1,SILVER
ZUJZCubTZK_Z4Be9uKyLBJ_ulPupLrYehSqwPVpTUc8K16s8d3YdlXL_OAPqa4BotCFRyQNYkOv6YA,eun1,SILVER
JITbVG1UQziZYETb0tAg-07G9xXNBeJuSsJ9BP1W01vumhZi9U-RxLwdTOrxcchJ99mjK8hqM31A7g,eun1,SILVER
9ojd2r6oFACsA0q2KPOyNdHjbQXbeHHTcgHhAK_TTVOhf02CfDpFFKVsno96WfX9JN4Tu8HGPyosAA,eun1,SILVER
ow5y20f8FTNdVuWp5eqEWeryPSMhBnMrjDV--J95oEqNh6WFPXBEIQZkxdZMJ5hDwn-5ZqdR2NvUxA,eun1,SILVER
HvoaLa-A15RJu9p2Oh1HNEzzDLVnk6f7xhdXKwZO7qpaNKl_qzMhslvv-HyfJIEa3hQBLrojrtieIw,eun1,SILVER
Qxc5SKJEwUI37lzOYV3nxTdTCO043dxWFZMePjVHPqDn3UKjk-RGo_FMGyaESFy-nbsrMA-SjiWuJA,eun1,SILVER
MJTGWmDcOxZErbVIcHrwdjUgShSR09Bf0pf2iLeH_J7fZ8HwpX0V6POtCdIHn0UMXAuiehIemNYoAg,eun1,SILVER
1_O3-1L69yvjTuafRN_0ATEFZ6keQb9Kdl4mOVsmmdrlU_gHxpldK0vCuUOyV4bAPuHN2InPBwBeDA,eun1,SILVER
4UWY139cll0UQB4TCxxLlnl1HRuRZ4qXWkI_rIPf1I96HU14St0oFgm7AJjtO0wboMlAIFllnqXtcg,eun1,SILVER
ZVM9CbZyKsomcoeyUO1uyjN6-B6oH_ieblNoQRhTMF1t8XCxTVoU5j0P9d9LzQWdi5j23UR4B7TxRA,eun1,SILVER
JNvV8hg1-DrPJ0FYhp1OZWvrXwBjI7WIkzlhmbFv3yan4Dt5L2KjVjQzuICeQCYT75YknKEcsD4Cqg,eun1,SILVER
JDtKvSksF-pK4LV_oz8YXszaREtKUqzOySFQjTTMRym4Mxqe_ceO6LnYbCARUPgpr5jZI1zItW1mIQ,eun1,SILVER
o5v7NiaQoI5st_NZTMOrYPho2FqLq0oI_hbNVJkOnOvCSnNIRrJkHqRosYSCMwWU9YwvO1XmXKpshw,eun1,SILVER
F74XFj4ByHU17jrXVJHxHm2rgajByixpCh0WGMFGCHGavVPNGB4WG3UrGzCWcm641ZgtsO7HjNm_tA,eun1,SILVER
MICIKY9g2zXro0ejm7z985QHAFoqcV9c79QFNT6YHoE2sWPe2MhV7gL7e0T1IWHFduf-rO4qFxVPhw,eun1,SILVER
abEO5hyJ0ZTvw3ru8M5t24hYmwrmD3cssWt0oHNHgYHTY51hP6y1N7MmXpzgCO73Xe9exIosYcd9GA,eun1,SILVER
VpH6HqkxAYVzYiQYh6VesS_y3KjGmm7JEjgQDp052jEcovmMhxOYpn8ndtsdUIShyGpsvrlafZIwKw,eun1,SILVER
Lt_1H3JXWnQcZkOkMZsZZQDv8EIM2m6CFXavLQ7jOjxPh2RniG0jfteK0ZU7AWQeOblvX_6gfEihWQ,eun1,SILVER
MQoJEGSrc-d1XuXN8F3GX0pIspOwtJ8JTi_965tQuWWF-F1maRWmOBPyftklNCAua3h54MjJvbrkRA,eun1,SILVER
o-YAIe1AsbPGXY1Ia4PHSzb1V1KlPcgB4UomOGMJYr9Z1N9yTMrSo9efSlRpJ3WXMIQtFWDD7Odqeg,eun1,SILVER
PhhdxMIP4JsfKqY-vd1o23VpmtVbxLweJbSQwEU6akP1FCjGeeKs5mOPKoWiy8fNeGF8h2m0tmkdww,eun1,SILVER
IksAO_pwpqr8PcjDoKuIVEXOV2WGxlWkSpMka49JcCwkCdXemt99cWn3630c8MJCp9Yn1BpXBuRAaA,eun1,SILVER
-U-y_7ehYcuJbEoY0DQxJIwCeMu-OF0Oqm0IV9ghJYd9EXeEyZyVdgCC8iOIw2qF1Oe4OditxDQVAA,eun1,SILVER
QVXZWRyGr5xlL0JhSy8zGhHuOBRmyeVLQ1lg0sVFatkHHQDW66-30NvJ-_ZaZUeoGFq9hUc_EM0_6Q,eun1,SILVER
gtJTK_U6ixFTIhECWEUJiwq1zgCcKCEfwLmT3-3jwJKwhakgyqGZZaA5xli7r3uOjJByFiYussbvhQ,eun1,SILVER
KaOkgdzAkAw-fr5vJ5z5L7r_o9vWVCxWhjvZriuim1o-pjce4Byw9YGhUiC1e-L5xXTzUtwzaoTHHw,eun1,SILVER
7BDp6QEA3Yr353YlE5SVCDzHQpRE5p_LBGs-18KLCSikjwqvRm_IMKjsnp57-rRWerEK-5UFcdpd9g,eun1,SILVER
fkRbyrZ-tsXpqPUBuM-XtUld_Wgh9jzLKfGBKALvTKcXUheXzAIAZ437VqPh-8kVjy5xuTXHEzxNUw,eun1,SILVER
ys4GO0fsN5MpljzG5AEQaS5qkwpI5Zf-9_UHfaSL9a4UH7gwVKHOns7_0cYQlG7w5dtCxJjncXCNtA,eun1,SILVER
Yn1dupEVCwNauEbFB_mTsDtmkFr1pbzK-Ww58NXtxXhh5U_OCRpxLsVsQdjJmer7uec60GidTZVKIg,eun1,SILVER
5KrA89_0KYko3hA5IgnuupgqzmZc-iXEj-raFkU1EPzTSUgjSh0ufNZrIXmdpGsWDoREAqBkKzPqvA,eun1,SILVER
G7ndnqSMj5fsdpIpvTthR-ss_wJXhLuoLUN9pRS8PiwhQ6xt-QA4HTDl5PzIkDFR3kTDPD9XX6Y-ug,eun1,SILVER
aKqZ9VBfAVWKEVUGnQ7WGBnJdaHm-R6QRfk5AJHdvd-9iDT-B-UCoPO0-1ck4DpbeJdDwwwyXyAF0w,eun1,SILVER
2_GOn3wuc3xU3StDUEvmOYRHEiFjpBK9Gl6Pg_Z1bNOMOhhnfQ_hGduIhQnOVms0G6oKpdGITe0mZQ,eun1,SILVER
o9fWpq7zUBFF3f1H89EYyQGTQ2jxfvHvwQnYoel7pJ3DCXNSl77SkKPfGtgRF-qhbaEUdHeUpHLf7Q,eun1,SILVER
7ce5OdLEd79zng1aMTO888X3TRLfr1VDOGq6AQ1J1rWeUO24qSj0oQrVQGGEq8ZzDM0sP0HSIAYdaQ,eun1,SILVER
lwuYYuuhoEzxDpDXaU5PuZibu6l0d-Ez2z9nfSTqlitQ-kP7eH00U5pxfM5rmY_JdFVGeLKmeHatGA,eun1,SILVER
_VXnrMVl7XGivsB9NAn5JW2RKhZ8ZWeAxWbyBVcvz6fV61j7aGaOpm4hxVA1oKb1p5Yj2gklm1jMUg,eun1,SILVER
FInQ-DrRJo1yKQ81cPuMsBy5f1HK3NyjkmvToFwqwxl5H37tCBUx4U_o41Y95aqcqXB45ZxaAL_rlw,eun1,SILVER
RICYHo2qpeJMvdp_S5UV3Pnev5M316AYDNhKJcnHE3H94WXvV-ExVulm_pM-ET726HhFVc5qA897Tw,eun1,SILVER
SWtn2fsgT1eXiF82-4dGn0mBeTM2XGSM4PArDn1podQYe4oosD2zZ-56h1AEal_hwZNWCflAIkNhcg,eun1,SILVER
kTxbenow23CSffrTOdl_8Q-fGWwLF5JeZW9cku17NizWvflo2KlNaTLv9t25JvmHjBeKiyqqJmgbuA,eun1,SILVER
sWHCSLEkeAiYi4lz59r5YdYWw8e9mhc4LKYeD7VwIn_ap8JVRh2A1JpTI0BS4nijDAFOK1vVy_AIhg,eun1,SILVER
EToW2qADEmdQtSLFcaI_M9KV_IFp-DoaSbD8_4aurtVI-oZnq6SOEyuLleVHHPynZlLzIJJmotgURg,eun1,SILVER
EHlkwj_9S1MYXhItImQ1yINV821L8LluoKp54nmPeoKoMuRfiBWeXHOn94IVHbLV2_Lf24B5_uWEDw,eun1,SILVER
BjWtKehM8DCsBePu7PudlFYsg4JjWdYdnYFS0DicDTCntP3RIqKsICNcGLSQwIEK0u999y2tFYQ5Dw,eun1,SILVER
K9CMFtw9aXIuqdCqfaBvNp6xjbbfwbakYwf83VnWE-IYvVsVKpuP8SfLnjbOcVQ8vgAaNcgnBNjVSA,eun1,SILVER
XiBB5WF1YCGq-k4v3qEvF4OUt8vXmcN3Qm7V6XzRt_pjTsv_Y54FNU1DqIMBl17lmD9fdzdqKS48jg,eun1,SILVER
NgR034AcmP0pXLwZC18n6w8g62X-lWQWdTWhpW_LxJXb6Xn1qlanotbidk75NKwGor1MLcw1YBzb8w,eun1,SILVER
sQUO9myVw56jQEMPfBK8iSywN2oc-Lmgoh_1LLcb5L09pbuSvHAYZBKDOqrA4ODKBlg6irEvtd5J0Q,eun1,SILVER
Wp9_nv15cNuYDyoYuKzT2VuRlbs28TBhhwRnuZo9ZpGQ0jhP1kKA05VQsrGG7BRJYJhZSKcllQnXIg,eun1,SILVER
CJ-aN1FtZZPzZKwV5H5Dh-XMQ5z2DQZNDuQ383IttTm3twZlo1sGcPWV1t_YBkeI-aLTabzFz-AIeA,eun1,SILVER
jxxcun1CLUirLi735Pq16YfvBkbjMMf3yLhlZ3tg8Qza4f4wP0mYcoaABDjQaY58223F8vPBqVZf5w,eun1,SILVER
UK7663XaquB_tKlHYcyNRjJluxp_eILQxsXygd_JKThXYHZnyoArSbx9dKg6bR04PP3HGcuXjuKUJg,eun1,SILVER
TmNZWVRfPnQkc1giebIMoO-Gcoqpg4TCLBf5Psv2qFad9Rg_fGEdrnHFYXGtCKu79TdJpUbmdn_Atw,eun1,SILVER
ACiYVz6UVYW9Kq_hxm64YjykzPP_Uk0ODL-CEXrR5HpAEqr-RSnR_jB0j1uYJoJAH8sigK7FIDgbjQ,eun1,SILVER
RSMt7kIE5QBdlzibMup8gla3pZiJHCO1QGZ_4nk0Nby0O8BYGk8Jjx3xQF2Vjmo6YCuetd5f73UzoQ,eun1,SILVER
s2bGjt8YWs7UVd3VfbfJlQ08MWOtlHr280iZMb0ifdQm_4eWZF17acRPinsKRsu-jao26oG1c-djQQ,eun1,SILVER
DPo3CAXjHeNtb6EXFih0kyZBKy8XFRiYbSUf4NxC-h-P2VsgWHqnX2QoNpxAK1qeLMcm4Tm9jH4Q6g,eun1,SILVER
CoI-tZebOjVXnPI1ircV6-uBtLTbMULplfSKbLxMVbgc-eL9KzULBkX9wAos4KSCvhTE5tvnkVb6BA,eun1,SILVER
ZLZ_PkBCZulafvMwmHq9zSNNR3cdrA7ywEFsy8GJiL7YlWYMwpgtNNr7UKzJUA8YQx_KiiFCFkWp_A,eun1,SILVER
fOYtAtPWnVqmUgCuhbHXzQ97H_VM6XO6TYRdr0lDbd8KqDmeKHElqgbHUr1ByhQcsjZgCi1HJH7sZA,eun1,SILVER
Zo2U4Ne2qK7_nR9KvawlklA-3njPBssu_oHdvXZNXXAFDwm3U2UUm9Z-hx1lykQ9r-eSu29_Dpwr8g,eun1,SILVER
PWrTfLDk5BGc3O__da7hrPKdypLiTGCarhoiaGe4NSMFkoCGzueFszWNTXjv7aD1DYhy2KtXZG-LHQ,eun1,SILVER
YlpUY3j2Vi2USStUk0h-G_oSHnj8upmoqA4TIQsRUbhQYEVql4nIROoysB1_NJzXM8HcSrVhOMcZPA,eun1,SILVER
EwDjLV3gDj-YqbZbjOOuegjSxyXKYiWDNf1NOA-1tXSv5EJDWi9Z2QbCQ2BDMC6f_P6zSu9fCW8KNA,eun1,SILVER
11IfBusd1wkmwBVI-xzSKNQuAOhyaa6nbaFS4LOk2FtPrANAiwb2zVPOsWzj5Ial5OSX2_rYaRSoYg,eun1,SILVER
GYjoosD2uNT9Cgb6eGqPyWCQCYQnMwxjl8bPzQcoi__LA7q8RATAklj95LwpwE3G16uNEk0iWT8XkQ,eun1,SILVER
T6zyNDe6x9FYNjkoxJhq-zBfcaRk_nKoMMCRhbehnpfz6hTwdS7u5b-vo15T-D3ZKfXK_Z1Kbt5NxQ,eun1,SILVER
u9L4Gs9zMTdwuZrwgDaXbBeS4Q0yjH5-skElGLoteV2q7AVUo4kL2hmdngLr9BmH9t1iRjKs_-4ESw,eun1,SILVER
Ph1eG2VYX205jGaH51sKW-1vHgn4Y1V-JL7eRXdcnHk2nsGkA6lAJPLFYow-OSjWRStLHrgeHsypXw,eun1,SILVER
4x9exyyodtAKEP9bHru-DPeHOgzmo_nVoRtUzBCy-0fEt-4N7s2WblTReGIKcTkzhIjpaZIGsu9Suw,eun1,SILVER
M1jAZ77xOFCmZ9S17O688LFqLoohmCKtrj_uvCtMOgSHTx0inQbxbqPGmEYqeKe3X1mzYCvlhsHmeQ,eun1,SILVER
mF8-QmN1G0RJgD4Sc_SWonE7QYza8HB8wBWFCaLIapL8nLy09Y29RRHU8_maAi6LxqSWuAX9FCb42Q,eun1,SILVER
3rOFad7GStKu71MKrL3Sb9aMFdEJvl2uHzC3yyI3RocIsi-QYy0FICpd1TejZT2ie2cPIpjPvMoGgA,eun1,SILVER
Kul6zwmrOZW4Kd6NDZf6wL1bSs2Nr33XTAPhPQa4C8CdAWSxOv41zHB6SqNCvPBcC5w9i115eWKoZA,eun1,SILVER
L3zY5TX9kJfnPXt3FyUN8lMJhMFOkMwfKhldeygv5fQN6ALWAbu3zgug4W8AuN_Cy323ZxntIRTnzQ,eun1,SILVER
0dGhy4_9dO1K81fO-XGg8LDsra6ojFKRTYclQpTdhD-bfaAOqJxKnY9phY7e-k1W1I3kiwfgVQeIUg,eun1,SILVER
sEvCHVIcR3hmuJ2LHC2cDIvnF-AWpomqlELG0X28ZVgCRne7mcXHn39LquHtVy8i3_8YqXZs3mUUtQ,eun1,SILVER
Uop305-D9uZh1DbM-N9UoU7r2b5X2CLKkp_wCqfRRGnEBq9BwmxmegJKwcrsCzvbogPB0vEXUoHxgQ,eun1,SILVER
Qj_STdUv5cTGajo0MawsQuF4n7uW8UagDZ336f3hI82ViPweKA8bQW51y7wF8rewVeBRhhQQyufFyg,eun1,SILVER
vw5q-ynwM0tR_PWWIHGdVXMdX7ZfPnMee5AbVumTKYu1BXsD2tiDufaiUhcyzdaCYaieIR-5-6siqQ,eun1,SILVER
9rzYaWf4iqzofD4VpfcLNlNxf--D0suDBGUaIXwdELbbxaYoQY8TUKDXaO6yTI9hTVAoh_0I2dQ7pg,eun1,SILVER
Kj_VPxrx44b0zaYDUBF5ViaX-4IVSHCbOG-izTZWAhKm6OFAXaqN0N8Dx_QMO_ZNObdspJYcA-Isug,eun1,SILVER
w3aBWqA5_WEeAk8MVkmpBnEdloVIjQrnDm0N-vApm-ATmDhjVVEgiGP9k-k28JmjlbMoTMWaUN2o1g,eun1,SILVER
3q714DqB3DvXbU4OZUOSE75ckDSKbOuAviH1jbfb5-wLSSoVHgoiZVziRyJR_w5nEPXAdrXxkOPpJg,eun1,SILVER
kg3OX91gHxwhVxrsSrOV43cm47zVshKR6ur_SIR4P21WMoLm6nMHQvusSWmJBUboEkwKvN_jJlBDTA,eun1,SILVER
ns8J-mgd2kxN4h-iXZ2V1ZkyGmLUhEK83DvdD-2TfBHC_zPd3KSOh0Oa7A7vjf3UEtA99hTqlIlYjw,eun1,SILVER
xZeIoZseSEicbTWb0gc7mrjO90lfj7Lk8__DTVRNSBxXkyd4Nkp69BiKCiK4BW3Wb7xFfM69TBnHeg,eun1,SILVER
VSQUtTlSMmxDvHB-DB9Azr6bmWXlL_bNcISUhqAbWq3L-RAh1ttW54ejUs-3EkyScS6lV3l6fDKRSA,eun1,SILVER
fxdTXMxiRV-NcHzVxRsJypA87p0ZqEo_SV7mpwvXGaEqf9oQdgQSfdWRZ7MDWYSTVewLqCaTitZ-Ag,eun1,SILVER
y3mf-5HpbJ63dBeySeEGqHobc3scZ44Lo8asjVLBeIA06zxiZcjlirD7ppN08pGZlNXy4acPylq89A,eun1,SILVER
7UE5dV2Et2q1VsyLPnPjmcpT1JwXWWKb0ibOqohqcyJMG1yFtZmyAtLSDGg483qbZtyhA9sfVcWyzQ,eun1,SILVER
oucFJChoUzX79iuqG5H-sL-k-ipiIG5aIsV_ZH65ba78nxZ-DjFVBkTP-btg_Xck2uJYRq6jI7_8xw,eun1,SILVER
hoZ3Lt6X8SQxlsy-oZotXxkRWza4LT-rCZm9fBTDoKpYJHnQvWGd7J9_gngyipGlUt1l2XD5g3G76w,eun1,SILVER
kTfnOcGV2it474yYSKlF_wO509Pv6Y970gw67OFpR3qPpITqaxwOt5Ix-U05s73pEtNNr7FnXAbprg,eun1,SILVER
aZpIA0af269w-d06WUwJKnsUhiFMya7tLObcZ7xQ0Ewmu9raSU7HCM4douy0enmW8575bM5mQe1FiA,eun1,SILVER
au3WANfT9kB51AFoxi3Yws2Q4IJ5Z_3fC5GwDVcFQQJCap9Ublay-Nd8NowL1qipc5QZHk-CRzJUvA,eun1,SILVER
cML2Skt7c95VlS_S27ZqiRJ7ZZDCWtlCL5FBxV82jmh2r1IxJ34ENtF-CMPzeCWqwuXl_VFLrMFENQ,eun1,SILVER
78r2FBVCWJdUTsG2jBeTj3Qv4J86wjV8mAaKEMgZG5JhDMTjIlJF-_QEkzx3cI7wD96vSNizJq_fQQ,eun1,SILVER
yZROdBIB1Jfi7O2UemizSPKSaXD6aKmPZ_eglZHNSVZLFsE0kO8pOKppTamUT5t5o1Aks6uQByNWxw,eun1,SILVER
NrKC67jGvpINl9zlIlR6sUWyiwsV8uMdpDXlMGL6n297EnF5r2-d4NWVL-f9UDYkdUK6-2Sc5z_QpA,eun1,SILVER
Gg5I4-GZWcRX2dh4SNud0QGCIsAFA5ebyN5BWjNPGDlBUGVxyCDDFmUQTfAihrAIVBS0DZGctfqUBg,eun1,SILVER
rTdaOF_Jr9dJsswBjKl996hrjSIns88wJolq4_EhWrvgNlbcwCOK5pG43oYhg41_3uMepHh9hn6AJA,eun1,SILVER
nXGLqP3bWNV_q-w1s6mEl3BoqR7Rmp_gIVURRjYu6baYSqW8dbydSgzqJNwIn51uiU7os4geZO7wGw,eun1,SILVER
Br2B8E2qi1I8yVwEzjD3l7_4JJefcmTiXKZ_qnTa-_Jp5DoLyHNDH0hXJYQyHW1te2oOwxtG15tS0A,eun1,SILVER
wHwxh_30OSSNaua5vWn-Z_T7qyHqvYzlg8VQ3yuwKiscSTSh-0d5x0Ko6cfAwBDaPzGHW5kyxP17QA,eun1,SILVER
MdRyme49_uZ-JL57z6RX8gikC6RHec_YNFeu-3zyaf9ZMs3MTLdo3QXu_LeaFM3fj_E0t_ltjCDBhw,eun1,SILVER
tBxWlN0w1GaXPblkptryl9Q3MYWniuitJ4Xmro119RPNewe6DuOrz6HYobjoOPm4m3AZdT8Npg0iRw,eun1,SILVER
nF34VUZtKPQR2rAlpuITiZ5ZfItpTqaXg5L7WdHIGn8tZf8k1Hgz60PJla9asfIGOlq9JZ5iHsy5VQ,eun1,SILVER
a6m1ezQdSH1UoJFvuiHf7MjP8DTyha4uKhr3C3GkTSfNMl-10Ye5giwtkPMz0nF9TrkmtiSE3N6BoQ,eun1,SILVER
Rm8p3-C1Mik6_yuIlV0CbuRopeJKt19TVQLXloY1ZHTTmBITOOcYDQCvBZKPf40CbSgSULaRNcyGPA,eun1,SILVER
syiYIDmoW-dSthJBpeo1CZxV3ceZQUqwmDlT4M52gUSzUryH-YUlm8RkJSkePS3ewPBG7vkhpZ6FEg,eun1,SILVER
TMqF9dTIt0D_Rfwp7N1_7Xwd6_aUbO3T_8D-KCJjzawGjMaHv6xT43upluYfeEdQu43z0OvHNQayXQ,eun1,SILVER
jQo3lwZ0E-bCeot4_yw6brUfbVOegQvDI09PH55kJ2Xfnij-BNuCIOkLmQg7dVdOMsrdmqWqBF7DHg,eun1,SILVER
JpG3_34LvKOvQHWJjcYozB83Zok76oFKWOQXqfmOaYcMIB6hfhis9viDzCmscRECM3j7MDXPmOVAfg,eun1,SILVER
9SsAPLWL5_WDGR47xfqWDj24u-tcbA85-UQGafuKBQuoe0h0Sv_rzsEk_wucD6TUD7fLnIBYR6wUzg,eun1,SILVER
iKAAScDc-BA1aaKL2pRoimkoeXeSIpBYgkqPbSLLLQU7V51HdLAFDvx0xO78z-bVOPQaxJLmr9Aqtg,eun1,SILVER
awQK2c7B8V6xsP4LSdxJwT6lJIWH2i9pSnktobqKdSxWLCcslFwjb3iXop1Q-t5XGFGork-caNtJqg,eun1,SILVER
uzrhG0DfxQymP-6IiN3P3OgJ8ITpjb1LkWE0PPyWb_nIsY3vC5EQLhVS5p10BeNnDNyZ4o0waB4qSg,eun1,SILVER
dTGx9DiZFlZG7RF1u3r5prF2qP9dVWYp7JjPTi1AdG9T4Q8EHFrFYOJZ5zNaVbFo47KWllCBCH5tLA,eun1,SILVER
rquQORX2AULinPDmKp_7k8JKgArMj_7uaKPoKSg13VyvUHz2rxP-jwSaNOYEj6P90dkXQ10Pgorozw,eun1,SILVER
7lvO7_B-XB21FYRm1DYvUYH_nrqtMPkbXYt-HoB4tLdtd6F3fCHIu2uD3dThTPBvX14g-0v4230ARQ,eun1,SILVER
EamD0ih2fdkfOoT3K0MK8HKgTCfEz8gSsAi7Vz8t-lWuzSfoB_eLUbsOIwBa8qfO8Uuc6VA8wAflUA,eun1,SILVER
qat3xqF5dz9Y6_db0rLt32F1TyeyRNlGsWYWT3oprcY75C3OhbNo66Jfn2oyr2k5VcHLS57gFGn6tA,eun1,SILVER
egzTJdqefvPMtHhcvONTI43xJwSsBDAT2dYJsIPmmWFG0SlbdDjxdsmgUR-J-G3WMPpsngFR_qBRBQ,eun1,SILVER
Ks4bMts6ns1ujE_EE6mV4w9JGWC9X2S7NKfLws_tiOzWzUCEkcJaxXVINBn2UUQUYfa4XJts5IlzVA,eun1,SILVER
EJH6PX21B7Qn2l9xmVeH1Njdwmj_rywXIwTwuVZlaocaZDrHq5PE-D7SqixX5l5_T4tX5ruvqM-1tQ,eun1,SILVER
m_NXN9nevrMBBkuUOSTHRf7DbNLOLzbSNAFbgG6zxrvCYUn1e5V1qf8upojEP9kbtIvcdd0dJBvYzg,eun1,SILVER
dVLSR7XX6s8gygOK20kTSS3suQ-eMXnlWgTChCA9DDfyTH4hlQaYr30zX6ajCixpkvU1FSIflKPDZw,eun1,SILVER
NJe5lMnDiVkuFFKSe9wRnC92ELiYUhq0n1kwxKCuAcwok8wuz_a1GrnLB_iUC7g0XmK-RtwyDuoLuA,eun1,SILVER
3Z1_APs34QF-T4caqb7klZ7C_v7fo3GT32Q6vt8iV0wasgdvLocR_MxrbrOaRpGhE7s6pXyzn37owA,eun1,SILVER
IwSMWSCjX2F98h9oLD-GJ7wPn3jJS_lQyc9c3OSevxVW92x_EQyflJzZuGaF9NumE-NszKcmc4WsOg,eun1,SILVER
fW-KBGqkYukM-bjGoarOGH0By7bNiDDUNpPSDinHZ6Rj_cE-0aD-SZCUUsqF5fslvo8XB_wJosAeYQ,eun1,SILVER
tKmqP6R3HCDaPbxPSPBM1IUf1TR3vfOlnpNh5SrrdOi9sQTpFxqvB6LGjZ_OvVqY8d8J2_C9wZdRlA,eun1,SILVER
z8NmdYhRPMH46QlgkGfkw3rOIl6mpL0RdUcyjNiLdL2WgaZ0Gv6kBWUdhRUKip1jSg85Mmz4QXiY8w,eun1,SILVER
Jmvm_QVI1KHSfeXGESAC20LXASMhp56OiZhTumDtLebHG8RDbi3uokeyHYSaLYIRJbJu6ykwXviX6A,eun1,SILVER
vu3AU4S3LERKu_k1fzknH3K3tV5lFAuPUi1O9X0Q0IHn0EM71CMfqrMvm3BOAfMK5iS1rWkw5sgNLg,eun1,SILVER
ne-7XRql0fKoVNwTahwP3R_EnCzVRvWXZkv9oE0Cv63SwpOhZHAA_boevY62mOSdnXVTQHptdcG2Gw,eun1,SILVER
GPAuVokXTG1hE8UKU2qyZGfeS1Waz6wqGbemTs7Cy9FMZJV7Mu_LMTU19aK-kPu74Elud-wlFoD43Q,eun1,SILVER
q_7bld30KoaUxrKBiHmrf7fgRpoJBTqMuEW4IKPN3g3z7QVFGRHDVZ8xHZfTGAk7a4VOgVVf4GBg8w,eun1,SILVER
EhPZ51pAQcZZM3aaL9Guf0XH9crmiZ5YRUttrG6wXZkl912BNkwvcPF7VFlSGp84nR3IUlnwJE5_vw,eun1,SILVER
dp74wnIMeyBM-ebOAoBdVyMCSMIDop2gFRZ6ODie6IVj0QWBha6mAQZxYAD8qrB4n75MYBbFsx9MXw,eun1,SILVER
IefMt1F4rY3M9CsJDB-SJkOObHbHTkpXmBWGIH0WBD9PbVjBRtHjF6gfVVEZ_fOKbMU7ROEiqkBgNw,eun1,SILVER
pzFymy83ygF-dwE6v8NJoJ8fIThRxlm7ubZYI0_tcBVhcg1X_FciFDieeBib-8TXvlynhQcolZcr7Q,eun1,SILVER
n1bvvn4Z0OncOWBraW84XhPGq-z6qBqrT509GlK15fV7XtqDiXyOanwN1_Dv532MgHnSrf1JwZgP5w,eun1,SILVER
e2WKNYnjY7EPV2pSVI1rU6NW9ahaDDbM2ystvfLuFRxEp8_xGb1N0b0tpIFFgkHzJnELxA1uOS9pYg,eun1,SILVER
7jRvbftH3zfplktOaK_uR0its17K_qw8Z9TaU1CWI0T6FD0WQ3r7kc6aC_iKiMsbL2cgONUwzLRfWw,eun1,SILVER
HdlyoOdJsUVbGR8Ts7vX6t4ktO1p2er_R5PSRmAih31D7kIQDqxsldCePDpU2oEYC8kHGPM95PZq4A,eun1,SILVER
OOZJ14YyJ2DGYuRLHIyOeGTrhfuxqa3rLvB81rR3Jfl8nArmmziGtlQ_XMH_Hf9gB24Kq7fI_8S1Kw,eun1,SILVER
Bxzm8P8kzURm9v8jbA6YGYinBg_LHttioj7ItUjMDJ2ieodD_F1R90RBQK5W1EwfHxT711ahm7h4KA,eun1,SILVER
YmPJcmjTwPHDYuzjOVzlxajLQS9Q6BUs32iJkEqTnTPgW66Hna9bzd8F9a7mt216163ODZ0mNbsLhQ,eun1,SILVER
sVhbuoV0O7T2UU1gjGVtOPZvd_4DGtbtapYILZVNP3Sxk8a8fH5hCfjY-uo3a7832TmW6FlJ6sKtyQ,eun1,SILVER
tfmGe8BpfutTeBaT1yZ0mtR__8X4NV4TRmQCr02yzBNF4f5HIHRVP0eYyqUo6jP6CTDr4mTTDMQiig,eun1,SILVER
9fRdYgHrAFbO7aWpz_eDN3EBE4yChYguo8MMNrqcBitClVLaRte-KLH53IZzs0OOP17DGTykXVahcQ,eun1,SILVER
SNER5ezMQio_fRn29LAc5Y-ssznmfMVLNdnHqsZC9VR0kOvUhqXpM1cDEoIUN-Mw7xdjbzowkVhcuw,eun1,SILVER
azzA_Exdef-7jMzFl1gupV6g_FTkVrfBxk3-Z3v7vgYnDDMcmTwDW6FWg1tuLXOEUoOyDYFpJc6kVA,eun1,SILVER
XdBKpr8HMa_rhUzm-k8gqL6Da9VslnvViAqpbQRHOL-MRuRVuAZOypP-XEIHiZ68zWVPNk3ZiyYhmA,eun1,SILVER
fSfZld6Ijp9tel-ExIUBsReoIfDLyPor1ToWMhiJAwNwYoMPqBmQNqHCmLf3DPEq0uqhCaMO1ZTimg,eun1,SILVER
f1Jx9eFp91a2EcmGBQoighGeSTHHRTNnu7QVOPKiG8C_XG-IbnMWv9ae7pdBbR-ou2F0V2eWnDU0eg,eun1,SILVER
Ujaa9PGPYMolRsa0oNVqtlEJSPqQ0HPG_cP15JmvZOePDK-F8RoS90ZloUn6R-HuwwcsTQ3TGRI5rw,eun1,SILVER
zLJrmkiw97n5aPH3S9rjvk-PRxVQPRkbk2fXbJR4k5NmlIr39eYksWyOuo56zAQ5uSPJtZ_TRC9Bcw,eun1,SILVER
o0CDYRfOaFAZRWi8KK_pbPxGWewyAl-hqJEBpjbgDaZWcglR8uSDOWmQuaqNOKo_2BJrY_tqqgMc2Q,eun1,SILVER
MCfb1cBnFvU9vWxd7euR6QhENrkm4MyTRpc7ry8DqpH30JtgVnnUcUp457br2eWflwRYv3tUbEF_eQ,eun1,SILVER
qAjTN3K4Jih_pY76m10qpJb4YTLYcY6_liaI6BxkUhaII5YyzY0zlqWR4m0eZVVhUdndwBFQMe4Ewg,eun1,SILVER
snyjEA4vvE86K4Eq107Guo9wjzHT4LuWrNtc18nRGp0RWL0Uez2GXEJF5DdsX5u-Og-Rm-lgobW1FA,eun1,SILVER
eMj-Jbfid291RHnj48K5vW56oIrMAC1Zr8suDN9UzPrGeYq59b83N9qBQ_tygDNvxJMDRLBt92CbXg,eun1,SILVER
jtoJYosmUXjs2n6T5dHPMCT8b-taXjZEuw_1-FtMltE2NumyiLJYbyQLzGi1CDsnpY0z8aVw5-Ij_w,eun1,SILVER
UloazeBKtrwr1NW7eLnFc4qrwzqVf8OpvwHQpJxEklZQzbuQnVO1On02gQaGUQe8ZH2tt5yuCjk5SQ,eun1,SILVER
YouaGifXoZ0Aw3adAVX_uclbfYOHLz6uW24KTr6QSK2JqtcI0YSOMsyT1O91ckURWfXI5hCxOb1rpA,eun1,SILVER
NZ8dlkg5lOjAHpNlS313tPf9j4AmaHEQmEQGuBA9hVnou4d2PxKs9xBrHZLhHGKVVRUrVWdBhe-H_A,eun1,SILVER
cG8GXrohpwpS0_QUbWcqpQVM0xKzUDVkHwAHATntnwSlcAV2_NoiTFJX4QZmkoKFbJphCiNbV1xTAw,eun1,SILVER
ZVKpVZVAgEduz4q6ttZmtJjKaFm1K3CCXkLCWi_4FnT_UU1l-3VRfThgtuAuYthEHqRL24q1tGBSBQ,eun1,SILVER
7LbOBZyKEiUSASG0wATNZRWPxNZ0V4rcQkkHsX8AvMyZrzrO-PYm2N23g2s8xSMYbSeflCN8j_aXtw,eun1,SILVER
zdcX57HP8M_qLBsHSxs5vMJbP7GmuPyMZXJK--fhhOgQPXZ1hxnvTkzXxBTuW8IwAOSeY0hFweCrkA,eun1,SILVER
9vrJjUBLoXO-y53ARA4yEQsLlDTNDoOGIJr2KQwwT14UJ1HoB32TnKTEAEWdsCtON6c9c9iAXR2Efg,eun1,SILVER
01ASMahwRY5Fa-wmK0YWxfOFgsoTeOL69SMxZDrqlVvSliqKQvbwIdFK0Tlw4ysbMKDXhttl7n99Dg,eun1,SILVER
2IEOWZW2iBboIRekg4YK-sI4-bqkRIWVjQ_RD4TMREmcV7IrrOUaNaIEEpHGhsPOs2c7iNDFddKIRg,eun1,SILVER
z4O7AiXryIUwpuauBSASDaVe8-zw95Asx550PQUOXKOWZvKo2cghTZ3E5Ik-9w_Q7Wvgt12rOVJZYw,eun1,SILVER
nccrcbm--EoL16x0IR8yhaCyrRP7VSkXsCz4oSoal1mLEJBMwl94j5aLDI-pguWwHjMJlV7-zlZAlQ,eun1,SILVER
6POT5J_LsNF9XTFfHw7qaAY2_LIL70lX-H7RsSL0xlMZAupjuwHNHGZNG_LzJU0nN1wyjzhvRKHTkw,eun1,SILVER
_nK_g5f8mKye3lBgTDAiACuWiLWvdQ__2yOT6p_6JtTN4xRa-ZNSozmUIl4Dg8zg0BAHb2K0m444uA,eun1,SILVER
QFogcDOwC2dZOTiYQv48NnRK78Ez-EA0XVHB_OZBzsVDJHvhRvL6zNAqItpqAxb7QQ4guUOpVqTibw,eun1,SILVER
t8xIgAMtmLFcUAFPlV8EVvFjpwGS3nNeV82V_VfioTlpa3eqrY2BB48U4JXYcnLlXuBuvRUcJmYmEg,eun1,SILVER
hIGx24Q1PHSMZdoHa_7FaiP45kN9Hy-tsnIG_kH5Ig0LVhhn0UfQ1C9MPsNQ1YHmxSbHJ4RGnRa2nA,eun1,SILVER
OAjy-dVVzHk9_TTxn1ZOn39xeCqbMSI7JM1laAANAf9QZIphw_6mmezJNizKBaQ3QsmrBvIbxNKEog,eun1,SILVER
APQRpNRPPi6jh1Q4zP4jo-CeYTaoosjD0a5dZ_IORBQOiW-iRwweC670oZRTnlIdaGVoPXE8GEGXGA,eun1,SILVER
0Lu43L41ru3ZcVYMpIW12ITlhg4hpvdmkdPng84d0nzccEc2YiDMxRXZwVWP0ndKfBuf2HhE8a5ysA,eun1,SILVER
ZqOu40GUN-jvdi2WLlCva3ft2rl4ai1t9UJoSCJtQ2l8cU0Myvh55U5e6O1ozPGX_ODfC6YVrsG3Vg,eun1,SILVER
kGJ_LtwoMse_qPOb8JNHCA4l3lmqDnKuy6Iu2WPUMvAPdBmnoGA4KvE8js0NWrx78jQVJnqipjyQAw,eun1,SILVER
f4yStpnzpB65bik2MeSapzbBqA3sLnru8MLPfJcQosdr_L_9ROWFGcdJBkn8DAsn3nvfWOyOtfazLw,eun1,SILVER
0sc8ZRhrMLT0KVX06L5JS-_hqCKMmKXaDZtmuioWVZ9BHqLaW1XZh2r5xsfkQZ7y7F2wpyQMYHGA0g,eun1,SILVER
Q7ZpKxavZtmEKVBNEYrSgoif_XTqvdccM9WP2XOLYx5K0ufFQd9nC2YiQAwTdhcXeQV2DUYP6KAL9w,eun1,SILVER
xSwtRer627_GBCak1kmWyTozvqstqouDVBfRYv9LVgBdYJOThxHb0h78JKWlm5VkPKzlRzzURHAHeA,eun1,SILVER
-8TmdluZCA4jABSuT8BkUr4hM6UdP9AtZsSlAB_C-_ylAh1aPY9Vrft37NbEYW0FD09aakpbAxvDNg,eun1,SILVER
TzLtmuGKXKrmaiKnghTLFhaT5vSb7ahO_63jfdMWbcy93iA46B8--Faa6eyDKHNq7TELvZP6t4aaiw,eun1,SILVER
3rT4gJxQwc4o1-4Q6U-NiNMPXsVmrpVjKZn71AMRdXdVDxBitcIQqT_7JbtLdYtAiYDHavsfrbBr0Q,eun1,SILVER
deu0BOJyOndyuizC7fOmYdQ4RiZ09mhcFHV_VqjeJvvfFnX8owfNFZzrk7VSqf1OtWCBMQBxZijjTg,eun1,SILVER
hh9gJpexRDXX2SM971eB7sv0MILkH8XUcfeDwMIm3iYtE9wMf5AEiJ2WygsWWI0C6gpEHr_h9J_FZg,eun1,SILVER
6ZmBbQJH80xtQEqWi2eb67yrisf9Coo8XW5FCnuBwcgphKc4Q8bikcJKKxmw2LloSkVbNRIBBd0s2A,eun1,SILVER
kbl67DM5u6Z8IHJOUQ3bAeszHrb1w9aAy88_1oUqV6HJGbVMaQegO_9JULc0RsoNzqld5fPgYsA5qQ,eun1,SILVER
I9YMuKLDyu7GCMGjAjc7JbuSRw7T1EwC8d7nb8JMtxfsMrvKPbLg97USCszcRHH6muWyOi4LEGR20g,eun1,SILVER
s8LfrrdjdnIDaVzGzG6q7aQqODD78okPilVFCKzDiTO2RlyKOE7vY83RRrvbMjf6t7cqe2Qlsj1dxQ,eun1,SILVER
NEglHGnWcKu0bW31yjbRhlFH_o1BKSJQZzU7nHP9I_4jwMH0t3CJbZS8SUy56U5JbzAlb5ByKWOXiw,eun1,SILVER
zroLgRyCBN21Lx32DHm2Bf2BiXBVO8AHsCZj1wI4CDPzKfvJGa20uL7ypMK3WTdxoMtffM3gm1sVqQ,eun1,SILVER
X5bjrDT9rjY1B3I3zQymPcggCK05m5JzOeIlBu3HqutuJnlaoCgriPElFZCXbwuSIUj9bxAUFUIwxQ,eun1,SILVER
lV_K0J77vYUEu7TTOc0yb1FaQAFICJ_AqH-awgtPiKPsXSy5ybQDRNJdWHNq97q86dpTxZ__nXMBxw,eun1,SILVER
h8b_zFYl1AWiHZvL9m0MtGccjEhnWb_9G-MSRuVlZq2gNCxKOWYrlThUvu2nttdWGKEokIhE9JDpIA,eun1,SILVER
tGxdCBx3UkHeuvA7SS8IKGnIIAqAxo7txqS-JzVK4dFjgEINW9cnDTj0UwnrXM8_JtQl1DXht0i-Jg,eun1,SILVER
skLMOY6jwJ2X1i_aKO7hOHhmuqQ6TE2dDyWgXRpnUDYHAgn1iHpeZbJ86CTXrqXo5zO-F0slcb4SAQ,eun1,SILVER
1_ZbjUg5pz5MyaZD2gYxSsQwEj_u74u6P-JVVl6rqwn9nxej5k9cf6HgQiYjpEa-XBDeMmPJIPCmsg,eun1,SILVER
GIZv5gjzVLSQ1mIGc4lOZpgF7aLEsPhP7CXWlcPv-BZWoi8fS7EvDq8UCHZ7CrkXw6rragYbJkhBdw,eun1,SILVER
1mvI3K99HpgE4-JwCnd0-UjR6QxPkkn1qxdTiuP-aG034wbqRqr0g-p5bI_h9gSdojTEgQjI5EeC1Q,eun1,SILVER
aQpTWpFQRHif9ZLDrRh-Oq3lxxOpgoo0iLoBbViaWPHKYIAWGamRq_XkrteEkdhIz-Unhy87IcvkWg,eun1,SILVER
cXxxvFff4RO7V5EFy7FhjUD-D5ZW--rg4Ou4meh3MwHusRJ-wKJNKzxpvn3f8hs13pO81zJ3K3ITaw,eun1,SILVER
ydJugXjtDfz1Xd-Jmjh9vpukHmcFniJTHGpXyfHPK_TRvFz0FbeyNYdwOTCa7r8vShdabdJxEt1rZA,eun1,SILVER
gVdtuKxnJ7_V8P49n9aOuelMNzPsiz5o2VGDMMVAvIppzKQnHFXCwsxo9xN6RP1YLLN8X_G8ekNi5w,eun1,SILVER
_4AAuIXSb77bWj7XXiHbX_qRPb3fB_eySv-IPetXkUHRd-z-iwiMhGMDYXrsStsK2-llpOEO9eKR8w,eun1,SILVER
IJFCiR4C1eoqqLy59M78T5akgDR071mRrpOkdzvaSH-T1LNerqjdg0KcZ_6DQiu6ioCx9lyS3uXMjA,eun1,SILVER
dH6eMoR3KwLexjmIvIliSPye05W5Og6j0ELvaJeWUbwCD_rpUvOAb0gOQ23YtOHaMUOVACbYu_dmYg,eun1,SILVER
O2lp3z-ducGFv3QN2ezo2IaA1KqHAjYIjLsR9J1sqd1iSb5QXYqrHRd4F9Sircdzyp3Ftwi4J7cJYA,eun1,SILVER
ATydwFK3s7RnLt9auRFjNu_oQ3v4CfPBL8iNSvN5O8dKM-VdISryCy5gZXNUgeyd7mYHuLCEUXMOeg,eun1,SILVER
y9EH5zC9C0pRSpI40nNdcYXOtXeNjn5sYGUkRy1J4_N7TTLHxP20C-1uHoXQ1TXNP8xJQDlP53YrIw,eun1,SILVER
VM_wEpnN_kKL7zT-5LLsGHpncMNSRCdqrKPONso3U0WLTaBLLQWx5vmoGsU2MCWDM7zahqk9onL4Nw,eun1,SILVER
tHIeVW9Af8n8JptlfMvSuwK8uRuQkgtu69gxOhXkLO7fpfHSa5ZnxxOrKVSJRF3nKBAr7cqYGv5m0Q,eun1,SILVER
Ld6JgD_7a7ftTu45dKjEtiCWlYWmW1rnQ6_qqoiEdEm0QRhXYsXac_qPuk8wB0zG-LFLvaHEfoSCDg,eun1,SILVER
T2YyhRkVLJegCnJ6NyeBdrQ1R0YfsEEIvzI2KDL6Fzz-y-qgLMzrVgMqRHvC77dE3LPW4Wybz_3mDw,eun1,SILVER
MesupBE5y8aiLi0pkgz7TQ14SPI5sXy56KGqYl2PbeC-6Wi-7O6Bv33YXfSljMClHuojz93mhsmknw,eun1,SILVER
l8WfRoprTJYWALxQCJdKknJG1Ih_kB3jMEGWwcqgj6uKxPvFZzxTV8K_9sgv-zSwDw3vJ0VuCyW-fg,eun1,SILVER
YJXnCk_42J9vy--JkUr57088uilXJPQBmcOKk0fIAAv_o9S8AMvRj-x3ziPpNGisFfHgzvi_4UjeJg,eun1,SILVER
3oyA2gM47dvEebgGlcOawUfTcVGGWeFCAdxRPqJFE-mtxE8UK0crOrce9qmPnAVbdWmv4pIKkrmWGg,eun1,SILVER
ziBWXpoMRPz6tx-oe-ab3hv-C2a77iKdIeIR3E7em8-xYxZJGaKRRUZeIXCZv3sY6b1H1YZeD2pCHw,eun1,SILVER
QTVbQ3uQ5r_XLzfP_e1wIoqNfcQdxaLGURfhTsyn7Jb7_LB_ufNEIY72WFVh4MU18ZW4OhS01jX97g,eun1,SILVER
HFwTirpY_wOYbMtSHwQPSiU-vid6U4RbkFEay8drGKW1u2i-wos_8m2jX1uzPyHxACfy36zZl0Z3YA,eun1,SILVER
YKWbktCfQJBcHP_tM3Xc7UwEsUfhCgJyMBjfq-ic5BjkE0Ow4IB_-XXQ_kDc46WFV6qkTVzPk7qJlQ,eun1,SILVER
fCBqYKFkCOdkxju9rUpYWHtSgP65UNhc5skU4jzcqDZgyQHsoMAnsA22aZmRIZMZ2p65ixmj25xwng,eun1,SILVER
J7fXDNqT_8tqWGKGCccZnV1JnRGByw0t_uU7gxM9ITKozZH8PaWGYnLDQFIKNCnFZpB4hO8d2MTdBw,eun1,SILVER
Hk3yMRtidsWyIEUgjbvHeGSWWKrXsjUNHBgb5u2IcDCGtdRcnWANSPwfjamgfDbJKAQl8d6BH0n4mg,eun1,SILVER
W1rvjQsWt55Tp3CMyMUbmN70CH5Ui1wohcTG_fZEX7o470-uQFCrFr46HRsUFoq_WEYvx54IzoTn7g,eun1,SILVER
jyAzSqo0_crSkZI5YEDNzU1uFrH9wWahBIhvNqnIx-g1B72Hq0cK9C-cmzWkZeRffJhF67BWZL-8fg,eun1,SILVER
BixiZg_y1eZAsuNtO1rQNt-OfrylKt2JRsbZupaADFnsiAjYHyUIG094pslAqlRYTiw66buW_gTKwg,eun1,SILVER
tlfiUAk11KRBOZXr_Fa7rX4_2-iDODhs-LxXMO-jN2-S9fzHzHMe0WYcNQya7sPbvoApzl3VAiuIKw,eun1,SILVER
5mVlZP98-zm48oEv7rmzjcsC2cWAogzInTLo_ou85pVwrC-h0GmvDfgqMxwVnUnEQ1KtD4rHLc7Bxg,eun1,SILVER
VnTSgcvU0VZ8Rmbsnj99kRfzWTSp-RmK1GSQ72PIXUN3o0z9FkLGYRiLkWfeVROAJZtpD1QGxONvkw,eun1,SILVER
rWD3DLyH3MRd3ueAvEqClX8lpV6JSXHPcwRV68taF5vbyuIIu2i7haOMJQ2o-UjpyTq4UONskVFn-g,eun1,SILVER
I1Wgp2-mv-brUjcQPZVBtcKUFdCnkTF85jNuOVGq3of86nVLrbNEQHZgt1-KCGhxLFP7Do-fc2mwuA,eun1,SILVER
0eXYYnR3hC-gUyT1ICi6t6heinQByfSpqZz0XDtMwi6OaRB82zlVOMaN97i9-xolcBICCdbFEYb-2A,eun1,SILVER
h1cD5FWh2_m06m8CXS_K6-Rk1XLHQiIQA4N92uxPn8ElZ5EMJiOekCqSdUjYRiLNv9I50Z9eMHOdLQ,eun1,SILVER
TGOi4bKb5Emfv7Sg9Ek5kVwbYX7DMLHb8lVZPw5sa60V32buw9fP-PboEPevXPd974skcGvI1VrnYw,eun1,SILVER
A0UrcfzpYe2k4Cp61LyaRVJENjI6p4cGVXtHuJvXYYv8PxybBB4GQr5qRAmu3E-dF6Uc40bSKXN1ng,eun1,SILVER
m4WWn8UuyS9uAdtVlarvr2CshocJN0cBDnQpMsfZrHZRiqZPiv_K_uIurG-CMt-cg3Hn4uYLJjpTlA,eun1,SILVER
Yzop5eonjb2zbOKP3njkQaL2L61Lr1YopjzqHfF4HJ6m-Ezv5Uupattiq9on1iwfrReDHP7AUnnYBA,eun1,SILVER
PUoFPB9-1v35bAenA8ZPne6Zh1oQqz26h4VC8-GtsQkKhRQxK_7tL1PD33nRGYkqS5Bu-iLhfqrCbQ,eun1,SILVER
S-yF-RVo3N3Qg-QYiAJFhCSsaG4Dv5EENLXGlyfFoQKlQTWTaVmWgzqsuUCddZuTDHmyujsg5FLH7w,eun1,SILVER
M8gof6mdAsFHPqQ264I8C2ZE-tib0xyDQWx1JLeacBAB6H4RDCRU7ouZXkx0_Xyz6Yaetxm4-wG69g,eun1,SILVER
BYSDJQGFc-a1T3JnG6unObtTevhwtPWBIhVX23InnBJGd0MpETPMsPnREARqz3FfUDZYiS9q-PHhHg,eun1,SILVER
ODAtI7d0LnxkJ4fgb0AA4pCh33EfebGOgE8XfH4YeY1V_mqoBm6whneMBfJX3zf2u2yq_1FFyNu9Eg,eun1,SILVER
Da1m-_8MpO9NJszYBJe9cHIJQ4dipN_ICxuSx5jrv5cwbwu0f-2BhbNvHretf4HnrZ46u7_XZqVV8w,eun1,SILVER
-E_30qL3-TetRkfP9b5TtNm-U_zGamCjAyYkYGTbN7wNgnydxW7kcnQlpXa5vYd9ua4tk1GclefZMw,eun1,SILVER
KJM44fZvxPkwCMQLuPTzJL19HLRYSu8pkuwbn9mO5IMwBIKWoDoVoBY7jCK02CtG0TGusFjBG__M7Q,eun1,SILVER
2QB5H9Kkq8L4809pYMreieDzcJj5HXh9Xe_iBiyac_N1srTPxfC3yfvy_-PLtM2_shNdOV6l4xlgxQ,eun1,SILVER
76NZkRds61n8ZS0_oev928CBoKWW_UMi-8XuNFPBzwvmRiWDUaOkpo_njeJFbdQLk3qZYMsodeTjUQ,eun1,SILVER
UCX6YT-4ucchNGYLiXLVsZe60z_jQB1OLmnnbYMG2MMVh9W9A5G3yv3ZzYJFvksTPrUEpI3zv4J82A,eun1,SILVER
ahhBQ1q5k-eQbq25HS0USBdyJLyk-HzBU9M1_dNkBBCANlapHe2oDG0vS4ImEV2t_lYvM90eJHVwqw,eun1,SILVER
40gAM9r8qPdZkzK-D5oGbpEG_U4-TKrx6Y--3VkLUMe6WISq73_n1kmfVnerDtGzmrUdvfLDXWutyA,eun1,SILVER
10dbmey_JSmF096yM1VQMFhOPOz-1iFwouJU7xGvXgs0yIRe-JRWeq9W0hS6uUM56vQAb0UYMVxHwA,eun1,SILVER
cTZg9GXNO9CzVYwMhA1mTH-P22sR6p5KNNPVugknuvrgZZj8tZA7fIE209GRv2HQR5fsrjCZuyOefw,eun1,SILVER
Z9fvHay-44q8LE0qIG-rG6ETw-hCdzAK-pMeSgYYJq3bPrEAuIx7fhXmzexDJtb7Djf392RDcW80TQ,eun1,SILVER
VCsQl9wf_Qev0fRjr1a7hJieUxL9-AG9ed2nS0Wp5BfnfssUk6qcIymBtz_gHtJrSeO66k14ENwz5g,eun1,SILVER
JzOlkJfUcF19S4mnQnJKgxoYFJ_x_AE9TejDf6zXj45OtvuzM3JVOXTX_TclGf8D47XFogrP0vQ2LA,eun1,SILVER
FN3PaJC5V6v2S90R-2HBOWliSN1r4ja0nIynt-6-kp2JdAoVRbu3BNaTXCJCHwOnx7vAbPCX2i6m3g,eun1,SILVER
wd4wBIZew8bKkA4bi6byuKCZjO9DTAI4J2z6Thu3ODESbAErZPQsR6j20mBK02dt1vR_3iqvjAIkgA,eun1,SILVER
V7J1H6MDE0j3QahMJGt3hQym1JKXBt0_kcfXBElGK6xEDVV8z-0p5lkAa7AUUiV8RO0xe7QF38QCmQ,eun1,SILVER
bC0_ZDlXtyuQeQSS_UTnbXKSkxdgQ1p1NQ9G1Q_pnzaNFOJnQKt80kIMswBrFK20Ae1BsOlHbVn6vQ,eun1,SILVER
oqVRI9i2PiB9wWVgUYkvcWqrXA7t2znFCLoBjfXipiGnD65C0PXG-mniV6MqsfgD84y_IIHvhfymKg,eun1,SILVER
WZWJNNqU0h9EGbEFatMy1J5vxlku-LeqMPtw8-vnw0Mu25im9elFydRToYNzeJ2ix4DamPg2YNCFbA,eun1,SILVER
Gg4reWpNW_HLkvyzdMQfvuK_5T2F9GH2p8x9UXPtYJ71tKyjIClWoUWcU5-Q_2MVXZul6g20GMLuKA,eun1,SILVER
1a3jRApcMYJGXyvSaEwUc01_zpljmYHss3cjwZEX3cFte1dcHz5FUTbj3AymAJ7ResT0M_ML1gXm9Q,eun1,SILVER
LmGbq08hw6w3fw3zaRCP3yWBAdy2oMhjCTff8cG1lqSI3Q0NNgdFA_Bi1EhKDyMipt3e2huKj7w89A,eun1,SILVER
uj1QWG1MXjKB56NUMqrEl4JUoFStHQ3en0QiiuuxUsq0jTR78rYNevthE1jQNRQ2c59byWXLJvdtOw,eun1,SILVER
q-F2NGwv150O1ti3norQZBDdpVzaLBNBAYZ3tWCuO_2r5i0UqnZz9mMLMLW8qTucpp6ReQnb8n6cxQ,eun1,SILVER
6C4Qoi56U5nBc-d0GXwHqKNej1-P0xzOzMd5YP1oJNSxQ9jFbKkloihX0yglWfMU0Okp90LDRC3G7w,eun1,SILVER
1hp5TqoCdaxpcUP7FlMI2P0Ah5GHOt_PC9iwKvRElbMBLB8NIQtezaGozJTVAqBXoPyH1sqGMEiwBQ,eun1,SILVER
hyxfL72ADq-Dd6r7Mz9M1swocDy_Byqt9iuKwcgieFkaEHyOvV9Fj7Epf9iGPMaKPt949LMENrTjag,eun1,SILVER
AmN8bJnOzh2T_DaEZ3bRv_ktv2jgKUhXWW2Tsur4FCDXm2Gk3XCj1mpYcCMFICcvvkX4nOrr4FzUwA,eun1,SILVER
C74cBKAs7aP7P2hN8pwrgNTjzpjRgiT9qgeV-b9RnHHKsdPzMX6dNWryYkYbqoZ5JXcmYHN0ulUgqQ,eun1,SILVER
NdIkXFPJ5_VWkyC2CELNqXRRSio8gifTOJ5NWPQX1NtCiu5XQZfWLMNLM8xe7buUuXuC6bxdB-nEug,eun1,SILVER
iLXI8aTSwJc7ub3TdFG5tX2JY38X3430RM9l9nPTzHzk8mQivIJ-dBnMaucMwF7GSDYUWwKEdY-uIw,eun1,SILVER
aZ_oh4yZRx8l49KS1yvKAis1667tsVgKiuX3MRHJX8D-DDwcDnnH3wFjbmyj9AWJndS5hJrd3lBqyQ,eun1,SILVER
pshU-LIMKyY6i8XAlQny5yj7gD0yW0IRyvJpgdFm6u4uXkKjujoxmOOm-hOEmRI6oLbNazrhiW1oqQ,eun1,SILVER
DQ2I1fqlgK1DHQ7JVzbq25cCqvEKpQ0arlmjMixAz8yII2rpK6xxFtfZqwgXk8nQ4CL-YEznA6kaPA,eun1,SILVER
fdzhPuBqNjPP8lJO8lG2EtUH9hIZSNcYrU1hvHLb8DScAv5ZK6oUDCh0217IJ17JkNhJtEt2zmZjbQ,eun1,SILVER
wA1y2N4BaUC71rjXrHNJafjCE4BfirjPK9Gv-SUla7iSc4l4CMmeHJd2we051-dWoVFxaau94rkD7Q,eun1,SILVER
efeSb0sgMWEvEDEUv-wV1ql54BBXlQuABTofUSe__iioOG2NXSIttCQu0FC3IOmiHq9kYciwRbU6CA,eun1,SILVER
RSjafy4iTcUVJKvXYY_qP7uxwi_Qpf8cKDTNvMW2mLG1U8psu_c-wBHNSxQ8Yav08ih92rTu8OUSxQ,eun1,SILVER
tM_e80FsYGrmi3fLDJgMkHzM4hN0RonJaKyQd1W44VHgMouupS4NW6UnyRZyBVUMu-2VwOC3rwdQeA,eun1,SILVER
0iBtqC3_Hjl0Boyy1qaBbuonHxMFBlMmvHhsh-wbF4YQGYk9m9vhHwSAdmOlTW1xLBbiUD0M90Bw9Q,eun1,SILVER
kr2cyuS4A8T_PVosCTPr6bgk0YV52RAaguHEPMXFP4ipEkaUtsxqYPMxTTKHXA8DnbaD4pdJBvxxpg,eun1,SILVER
d-CuNRKesmJzUDoX89mJ6SO0RhI9QQEg4F1Fv_8kpAK-7QIkM-NOSuNKk_Z8iJ6I0Xv0u5eceF8pnw,eun1,SILVER
3GNkLufqLy-iIzMAkWis21Qb6lqMudpdnKVM70W9k4GRzyjVNPNAnuBvJBYTs79XSM8d0v8e-f3Wmw,eun1,SILVER
FPKOpUCWydqNRDuG9_sIla5MaHAJNZcqGUg4ZF_SV8nIb0beoXxpq_N47n804Aosy4Wm8w9BVVqDoQ,eun1,SILVER
1oNOx_jTh9QTfy04xwkGtILNKgAhxWtKfKTZNcwUL1ZFgBnnwMhWlRStxt86UzqbyvKKUTIdr-5bmw,eun1,SILVER
X9lP90vJnrGtEIMZmbk1GyDV8csudBU7rNVZo_22veiNyJzGTsQvf0vgArcqlRJIRuy9YHKZmR4PQA,eun1,SILVER
tLVIdBjHH3IiBvXxwGKwd148xcu1V5pEHB4AZhuq0KNEk4GBmCxZn-Q99nQNvNNlMbu3qy7-GqTL0Q,eun1,SILVER
GioZkk6QvYsT8M-om7ipfTT295E6mosnPIIlOsofAvQ1EwvazzugFysVzbUGNJk2YY352geFq6F3pA,eun1,SILVER
D-en1hVGSNIOoAYStOCWUEdyH2lzt2_ajbW7KMnPFu3B4_fLIfYwpXurreXSXHlJ8_-CaPTlBPRf6A,eun1,SILVER
yUE5_WX-GYehjoP_Omo-q9PC5MLocTRtAQx63B4nEcFH6xGIW07MtG7IHqTZ-VhClnAJ-HR8I_RP4g,eun1,SILVER
WZhfI26hR1bXOlVYkwOKkAjglzL_06HzIDwzRIFyvsW5fIxWluN3HjToI2UoKrKExHWvtspZtDwDtA,eun1,SILVER
Xkk4XE9ukgyiGAZsBQ18IFMkqk6KlauPoqf2WtW0nVyR7rSvP7dqnWLAIX6tDZB4fWnWBzhsT4ysXQ,eun1,SILVER
Mo9FagJI1bs5u83tf2ZYEbDQeYtLKhD00oVUvdrBKYS_udLtwnx-iZtsuTDmKqNJmRXSY4-OLIgMAA,eun1,SILVER
9zpthtYrdp46ylERgeCOFVVR6ej4msGZ2xLZJBvnKP5tpe6yRzhBCps5K9St48YCvEM-BY6m-OEX-A,eun1,SILVER
abXWTfjC1E55XpvGq594RhESdV5BY12xxryWoEZp8iwg9k-ScjUsy1ASJBhszKQvzUORbby0UhQ7Hw,eun1,SILVER
LRj86Jwmyw6izWkK3X3v_cY7bkOV4QATzWPdNQ7HRkEbJVq_sZ6UcJGxT9lz98tzEf0fCQxYM5zEKg,eun1,SILVER
X28dqOnxdFsTt5wwVBXuREALItJnCx3ztefx2rpZXfqPb_IFWN5xXY7nTIJJDIZLtrUoqSGlvbOdMA,eun1,SILVER
p2bp3Qt8NdrXvToWsomi2oUVIAxO83qC8-7O5NoCgrSMY0jASZvGsZ0KjwWCM-keao3-CUJ8idDpsA,eun1,SILVER
7Cs2BmYtTKIsjhIIL0UQMAgobvSrE4XL32Zy47SRXg-nI6jmgyh6Yt3OlOZ1LSDBOSXJiYdRc2m6Ng,eun1,SILVER
-sS3w-mlEMFcC-Lv48h1sNr2fti6G0uhzYZZY55PWcIHu9olEQFisGbN9K5Ew6ATUkR612_xC3uMNA,eun1,SILVER
7iQhzzgvDINS0hN0xJdQ8XGodQriZA-7SMBR6aRiqCXl0JLYDJXdK9oUb4jjY-30BeOHbqavGSVGLw,eun1,SILVER
7GFCiBmuJtZ99EV8VKxhfEz4ZiyM4ps0T3moPdeHQ3Z4rnqnW2yXuy0WdJ__xX8-H-FLmiBF5xUfrg,eun1,SILVER
ZLmBRmfilPXwzB5hzJrgojmbxiJiBKswOaExEvSxrc1jNJ1XCsSEJryRd6fYYJUiCY3WRal41Jrsfw,eun1,SILVER
DzrOXkOza7b-odoxmWCjHt_lISWk8zCrpALNH0Io0_hzfFSPMmg-n67ffVAQGRp-KViWf1NuNzBmyQ,eun1,SILVER
e_mbQRVHnZeccFaKqYUcPLJKnzyri9kEavwcMCfhVZPmd3qHbrpSINDP7wQ1CSrc9s5LfV4AYomL_g,eun1,SILVER
B9tkQyE74uGBWNS_EnA1vbJRSWpDP3DLyrTH0Sj_cR6TAYYgNGsErkvi8QvvrC3Z02gWHprCbW1ijQ,eun1,SILVER
xVP-rdMcOBmdB0OXm4WabXwgq-6vuHzdiyTqNSHu1NBS4_ytQAA_njw6Oa1kvbILwG28e02tOAo7rg,eun1,SILVER
AwF7e4mwh_EWzTiMjq_KR2z4g-0rmwUu2oYofSxfgDQ-fvV0NcNVQ4o00Ih7pNl8XroqInPyCXW7lg,eun1,SILVER
Zy9Ab_R2-DxyEsklkCUmKJBGJ1164F9HaS5UuDZZuXppKowehExSLcifWo8oWw67nnMKVIenNLjJDw,eun1,SILVER
Ruw_angFiq_b9hK0d9EW2s-zk0BATfE38-ufZjIgtM1pFa-xDLEej9z7aQnr9Uqg1ADWsLrNQgD0FQ,eun1,SILVER
iSrW7BId1QbjILjqtGVXDZbtCJibH0ah3R40Ns8uMAsR2n-FVAQ9tqEjCneELNh_ERXzwDV8z2Uz3w,eun1,SILVER
VWib6jKQbC-z_MX0R09-dyegTfnZPeTC-cGOVsdE4lrG5l9uwfthKkf52d0ShUzoO4C3Ctelsuux5g,eun1,SILVER
Ak6ADbNO-ET7XC1OaE3SBiJjI4l5HM2PEsK_o2VHr26fxuSGSIxtqkDK-7sfXKB0BOoxMgdZkl7_0A,eun1,SILVER
nEItikJCryKdSJ_D7s9cBm3VQ7oL95uIUDZ_eByFFLwwS49hbJAJrKpcdWicQNCZzb1ka0UmS6hsCw,eun1,SILVER
fjsJBD7NGTBJH6hLeIdldjRj-v7u_D7Pw183MKmvsmtl2InO7kPFVAhgfuPf9pibomAkDTY7h_o-bA,eun1,SILVER
U7F8D51rwHNx1OsYGgJQYdvNAqnguxYt15jlr3cOMbEaIyxjSMUSx00qSqfl-29yeYtl38FSHBaBcQ,eun1,SILVER
29OrCmQA47tjancs3Lx6DwYQtw18kdsw00AVTvcICdTL7LPg8v4lWRBpGHxs1ORB8OdPwFixZfH5jA,eun1,SILVER
fIhZq9vWrUwYd0IyrpTcvJtYrIl1EmGH_bStxccO6NxJYvgAru9vjItV8bByc-y4ux1SjXAfAj-wNA,eun1,SILVER
NjlQkcVidQSMeDArLgkwDBcpbb-o4v5a2Eq-wnpVO35Z4esbXxorkdCjqL1RrnYyTrZBodUoItkcgg,eun1,SILVER
zgKgmaj9Zu-tbYkJdJ-atCJqLkx8sPDJ758g7Zhn7S5wBYzlNEE_6FMdKWgAzYZMn1obgL-7zClwRg,eun1,SILVER
2GEyXCj3abXxwDChgxFpNdHP9rgpCq_p1CNbAhM-oya2wwPua9G_Z4aoBcIZcLMGELDsIcIPq64JSw,eun1,SILVER
P0A3C43JrXtO1SU96il0i_X_FLsV_2F2JIns2pmujaUY80E4ihtUTkOyo9JmzWFL-mo7OF9rG6iSpA,eun1,SILVER
lwPAKqnIt1h-DDFn5BCMSpkiTmpXgMijU_8xa42WA5nZuLoASXAfBB_Gp6V2Vj2VYHY--b2EIuaTsQ,eun1,SILVER
azTBAUq7QFSSY6TfR_g1LIk3YZNM8yAHBt_QK0lhrW0x6SnhSWemMZALV4KGCpgRhd2IXN_tg7vQXw,eun1,SILVER
SDscAOUaH9n73ojgFhdF71YNggVbkILx4ChlU0bsyvTEo4LPjZkpiUTrgt2hhJm6ux5VEEL6HhwHsw,eun1,SILVER
Q6mn-PP7TP1I548nkSin9jdqXwmz1b2jqfPw8Xfdg2xHPHindsJ-rv-O9q1YuqlygcVeaAzuVxlOWA,eun1,SILVER
IjKxioG-rA3bYdh5BRWHmVyd1Yvm_preA1r2XNlGcGhioZCHNO6kpIqJQHaKE-p7Zw6sgFD3FO_bHA,eun1,SILVER
-BQ_5LnV5DssbA04SrgkZOKJQCtufERZXqu511fYeXWs48JdYgnH9eUBi3lp8MjvZeAed7DsgnB6-Q,eun1,SILVER
J_4dFNGkY_aB_QeLPwtbXh5ZMVHpye47mSNoI4yDteNGEY80-Nheppbzd0JLHa2G_gqp-hPfvbv_og,eun1,SILVER
uRWunYrkQKXMyDiAavDEEKHoKfEOyWMcJ3Y826wwWzpG-f3By0Mher_jYLB_CwYeGmr6uCTGWcCitg,eun1,SILVER
LyfP9Ke_FtmnEzMHeGAQ0IcDKrWAgtiu94MmtBo8BkpCn8wkFcYiL_AVSu8ytCAx5md3YBeJdlTnIQ,eun1,SILVER
YnfZDFx2Ue8DjwL8IUDLXBDzNq0d4qj0GioqzMlDTYo81ZomqeCuixQEduScweTBZ8l-OloGkkBPzg,eun1,SILVER
N1uhUnBDUqjVbujEUp_vqG_a1cbi0ogsNo6Qs-1BsqRUt7Yr3zxWPplOjtkkJAMMmL3u5Ye4P-EoiQ,eun1,SILVER
LzFe_zSeTBBWqYxu8A6SlCzVKiury-b7pKM2Q6U0SYGrrU_gImgeVG54SSz1VlDcOgChfdjWS-c8tA,eun1,SILVER
fCDm6e5X_96hCLff5uqnccvTrDBSIcbJ19oR8wsijmTI1t0jEVyCvW_9OQLtFQa4u7etZN5sBpWyFg,eun1,SILVER
oApjyHemDu9ofk95UAWWYlCR36OfukdBb98oa6zbJ4T9XFgrQ_gEBXEM63GNmW-catFeEhjM9djS8Q,eun1,SILVER
nae-euH7-QSmfENad_xJaIoMHXVFBb4a-Y4C6Y4JOxB_MFc7g-JlY9q_AkB7IesbWojX3NTYDnprQw,eun1,SILVER
KcSRBiG7MhCu9iq-I2f7AiNIqlkjnoZldS7xVI6O_2MHPNaqUpJRwofskgBFumpfYPZ0PTs4kocrtA,eun1,SILVER
7Zb9Kfp0bT3pD2oojf9u4D2SiUeG26_ZpPvTTInOrPvfDc9EMpDhk2GX0wNlHMqkCfhQMQ4G6CyGYQ,eun1,SILVER
VE1fcM1E6Dj0RSiNrf2CURfwXcW9zwGn2WUr_-P0UCC1R3UhilivOQaZp8qTHgwpuxn-B4ebWOs5lQ,eun1,SILVER
sfyHQme-tYE5Fo68XYo1YctgzAoi6rhghZFjaiNFvOcHuuv_-vNUoXQ-IlVsimwyYlaJX-eTwGpSHg,eun1,SILVER
9tVbp7dUwVnyoyGbEPETL0HWFqcowBuaFF_bWiQv2RRG1NHa6JBPxrKQiKYqMlrDC_rywllY3TPAjA,eun1,SILVER
Ohe_GHA_41KSclDjZ63X1YQDtdTV6TifTdPlToZK9ZOb3NsFlXISq7s0snFx7LZAH8x9hObqVKibkA,eun1,SILVER
zFHiXLIjIR0Dp83Ud9--FpmeYUm-asP4TKlBIjoaePxSWpgcaTDMAlHuLqA835JQFYbcInCXA4hcmQ,eun1,SILVER
Qetad8oFcDzvV1uAfFG8EAoIMUNUi8g9-KyM3bhH7pFlxTGeuzt4ofOakmAg-Ma0BnqBLcikFLadbw,eun1,SILVER
qVVUOjz6y3fySMVmbi1-4VSAoDyaYcPbB7NxtWg0jzrtyL4qaknMJ8dGoTzlkHW2S0QGVuHU2CLWIw,eun1,SILVER
P-WapuCVc8TGyFvzEXdZb8m44JBovkBkTBKR8Wny2a1Cn6ZF9KMPrx7ep_YZll2oNgJTf1xuWHg7xA,eun1,SILVER
1vbN551r2zkgZ3WFdCaczlNPng7wlyToAstS0CCGDulQuoT5yDCKxkwbsyjE3aataYSL8EFhySVeww,eun1,SILVER
S3OQQSKbeF6FAWxPR_cGgYrU2HdSqExOkyACwW5iJmCKCcdINFyASv7PtXis1YgDJlYAk9h9wmYE1Q,eun1,SILVER
qID3KzrEwAX5MkB_57ZtoKY17_bj_NfrOlLknCcJRr-W3cX8IXlpJ0HwN5fOfepHBqlXZkeK_ifBDw,eun1,SILVER
7HUQwemEtLKXmCXgbsdbCeizQ5DV4_2Izy15vJZonSV3cpg0HmSzbv5sQgKa8U10lmAE6_T1aCtK3Q,eun1,SILVER
x8Uhi_MXwzaFK8Y70WoUv60rJC2zXGvU48JDjucwsd6DLQbaucbI7o0O-tLrEWkmtpD8sjzmZBLYJQ,eun1,SILVER
2BCIqiPWUD4m-GeeuSwXuXIjdgzqXETIb2gAGEgv7Vo6C02tV9c34PJelHuavdk21ZzJ4H5pIMpDYg,eun1,SILVER
5QsvxXK46okRvtg2JqSgVfkgX12fYnIyvx2WuIUSXAF8btGl-okZEQHVzwI0bcuQKu7T_hjmNEUQ-g,eun1,SILVER
iuyF8O10V5uJChBb2-L1rQUYW09PTQYTDwQvfnNbrCI5RvOnaSYpgbjbb66VYt4TFe6fl0bvoKXdjQ,eun1,SILVER
F1tv-z0KJCAVWbrp60nh7uxgaYm4fTmre93YiL1AnqHJeWTQVxF7EfJKrstSgPZUmhIRUT7Vt_uMww,eun1,SILVER
lL1hR51gzdzpOOTSzmVeNtwRi3fMp-0MhDAQ_X1DkYPM2IgwBUDTrKK5Sy5RAGwQbIKKCS7dvJ4wDQ,eun1,SILVER
nJ98W9Ab0oqh54f_Aqq7VaAtWtN8tokcbzo4yDGSRi6WPjcPPDOXr34yvXJeljAQtAVhhSvQ3L_2_g,eun1,SILVER
lGuTE0U8ZSSnFKDD4P-596O_n1I6ao_dlJoDE6ZLfJ1bN6KTkXo8vgsfmUWddaObRqr9Fz1HL7PFpg,eun1,SILVER
t281Sa85SpnZk9vrCpvPI_Q7DL3NxPc0fOZ3dLJM6CPohxaKCSloW-vA3jZlFIYGPGGKYfRiwFbGLA,eun1,SILVER
6k66psvRjy02QaiM2DMBlURyZzhMO-0zXN1aOrMYYpVpeWA-5xs-sNPoIcjfpDQzJ2JVDnQv8Px_Gw,eun1,SILVER
1WcYCrkzbpvXT23wlCtpA7qViiYdsD1o1MIY8wZeP6piP8silVDbBFUoC7hUgXs3gWX1VvgZFT0Yyg,eun1,SILVER
vdHrdaiL9ByO__YKYe1FbvxIUQFXZUEVNO-kk0Lz10aPox1UNy88zuczgL6gwVSDG6XLmIfPwFjQQw,eun1,SILVER
i1k6ueNzG4YTbYrYAxtS0x7qVi3kXoWVk12r4FTM9Fsy61EG-lx8W3q1rBTX0_-g0gzMBX-634uiNg,eun1,SILVER
E7XQ9F5luBpPVAXPk2gSxk1izzBgQ-u3k0-ViMe4lg7Q81R3qY9GApzaMLwEngAbHcVb0C4XrmxOIw,eun1,SILVER
nh5mli8L01dtNMsRkXl3K6Ww2ic4qKS7iexXG5TZP095z7ZTJCffw098kB1bD_0fV_M4hwSIafZHaQ,eun1,SILVER
l2rYGFFksGSsCmgdeqOlF7Ch2LmFhJ3NkoJHGK_Pjs892QwQtICT3FKWiNTxpu3HlhiE8GURK1QvHA,eun1,SILVER
mr__UR7X9n5-HsNx8NqQZOZEL0Bo5E32r8EFRkoFoWdBkU9l3deoXd0fZZSWw4zGzKa6w1a0gMUfIA,eun1,SILVER
2XcEQSbUXj0O75JpLcLlMErpZZ73Rwf4DXXOK6BOSDNwe7syoMRQ-2yRAAg7EFC_4mx1gHCu-HI5OA,eun1,SILVER
YbG0YfEESWsAxyPDZtjz3E8915RCPjR9WdU7xf5nmmDrs-3qtSd5_WYmvYTDzpoG7Kjcca9ZPe79mg,eun1,SILVER
Bsr7QxYSgXlwF1YL_1D5JBCtof3dVpWdSiDe7-ulnHuR6iWfgSwpDI_Cfgo26rWdC_by6Ja9WTzgdg,eun1,SILVER
e8EZ_aAF_WBiBm9f_riOaBq0anVC99Cn_elSJGI3H7IlACWXlzdYYzzqhAfoFqH6hR73WfhrDB_T_w,eun1,SILVER
8WC8WUKCaidqaeLHC7Gq-OcxgHSFAt3wHJdYBgtmR6PdHIZ2ChkK9eZMGyFC6BgR8iby_Be29PpHGw,eun1,SILVER
_MxcZIRCpAEzag14g_mtgrs_3o0bBW1-ycLv8rI8VvhRoF-jx5baFFRNJwAQKSWxqOAxYEmeRbiwlg,eun1,SILVER
KWsz7bduvhGWRkon1WSOrekzUh1q0BFStMjFK_VKBJnK9UsmB8DrwwmgkB5TFjEuwv0xi8Nf_Z1bww,eun1,SILVER
V2R4IW08LXTrRQKExPosT8f_sl5KFVHib6PgKaWq1Fy5bSyajXXaLt7XbMZ28Tl3eActsvFfQm8YkQ,eun1,SILVER
QYYvB70CuivdcIXfc0p5WTmh2b6ieifnKwQJvSzxYKJujK9DYlnFD5pABQQQta-vbpuLxcBqRVfE0w,eun1,SILVER
Ju64rdlHC-Q_yQXCmMc1P5n7xWGBVQhOarcjXc6lWubJ9tDi3yqdfflF9J4mmt82Or-JWni6u1GNQQ,eun1,SILVER
pc21ADSYlRW8L2_KZR1_3WGxkS_cvrLbminygytgdqJ_RCHUeErk0LjG3fX0G2UrWAJfxBDgkwRLyg,eun1,SILVER
HaYxCPdtmqgmrIZ8i-LLZfpy55xMif4b7w1N6SXASnesTExfP65QSdK_v7Ox3mJ3qF8pfFfdhxoHVg,eun1,SILVER
j8Qt1RxYfESf9_HqWBJHOT0aZFEne9fzybcUsu-H7gmoqr42tFjZSV2siQ5yw8lw7lUThJK3-iZTMQ,eun1,SILVER
DzxkMEjbzoB4Tj3xmkyPNAMRS7fONomdT4N3pn7UQbKVZjMpHDRKn0dwpshJHy3Thz8cwnqmKfFLzA,eun1,SILVER
eids-2daTpzEfxbKddduxdjHWllT86azikZutmUUkE3LTexuGrCkA466zATN4vwK5-quMlttogt77w,eun1,SILVER
APn1pzD4Iu95xrKCv_wofKLisxiO5jxRDxmgCos6kuKHnIg0olf38Br2tGzMc5Q1EAKjofPUGIYWag,eun1,SILVER
xzisxwX_hicceGxA1SKXKxBswaBr88IMMGi9orcBrXNT2yyVe7kq7JpTFTU0jpSLvZMXtszfv9uNNw,eun1,SILVER
JD0R4fJqyxEYEiL0SRHoUg30IJ2D1VFQ7piT0lqml9IQi0b1AfR-geyndy1NCURYZ1pu_mmuRKgYww,eun1,SILVER
gnIgXuY3_66d--dVf-fSvUDNL9HMtMb3i_Mp032fJ04D7TV39zVeYtIKz0ncfrtbvzAF7R6PK3KK6w,eun1,SILVER
s4UgpDkZ5iqS8RcmEYoZqDzGQsEPrzoUjokr574iEUVGJfOlcaZeOxvYpLjxFKerHxPy2Y8OeWL5pg,eun1,SILVER
3-TE6Kf43Mc217elZwCKHn1eH9-GRaAwHZNKFArInBcJPNwD_rJXz6xTDMFVxNueyRVrc5gj66zbPg,eun1,SILVER
y4ex54xnbgQ0EjZDN-9ztPH3hoSR49AX5t_Sd5hREWGG_imLQejXEaXTc3IcGJImYauwJviIaQ4WzQ,eun1,SILVER
te1NMBpR6VT5adcBcXFIn7ugFmDXMXobJPI4vvyNQKWVW3-DRjM9G22ikHGUmp2MQiqjd2NWFg45TA,eun1,SILVER
W0b7eglR2xASF_rCSz-NqK7OeR9_HEheutIakyaCDqBgxkv5oPbxVk8f5YnXvELYXMdV7s0-2-aWNg,eun1,SILVER
E3jgowefiRillIvRvVcEzRSgBn0QnPO1bw-UMviot0ieC7Ip9llOX7PQ-xOdSusKsWhwxomJBmzgaA,eun1,SILVER
yxm6lSdaMd6w3HOcXYg3U4r1kcOTlIFlsjyvIS0EwBfqL-Gf-6UjaGwzbgmDbtDQDCigDlpO7DSUrQ,eun1,SILVER
Zgj68oyUMVdoa2PkwMco-jUUQk1colm6ZHr7zropFBRCBiVtNK6BLKFGuIMMFbqJYj-kWSc8IkaMdg,eun1,SILVER
KQrOFpJfCnZ-HA8o0i5FM8GKtc9GWr_9IotfRHUlwX3L37U1mxkAhXzwK3h4R6hz60J1TH6rA1odTQ,eun1,SILVER
iH9U2AtmSpcr_D-0RIB2JCTa_NSCDBE5aYMzRAGt8YSVbBssB5TIqkG1aN_yi5BSpHJ4MIwDb9SQiQ,eun1,SILVER
GbjBZf9gn4IZkgG3M6rO2Ye6Joj1jHMG7yydvVYLeGalFNbFjDRhN7xL5OS3QNxYh0duAsWiZQAE4A,eun1,SILVER
oDkRHHgd-7FIzivbLr0aiy4ILzpPVttHE3kdNG-FEVhD3yakgJn4DB1ivlXr5QxGHCZ8lLZFrngjnQ,eun1,SILVER
E6_oEn-aLDtd8hj80BZV599t4KEaRDvDxrprJvrlK-fS2PWldCG0m6u0dTAWciXCUsNbzxhGAajTcA,eun1,SILVER
m1sMu5PcsJB5YNOMRiUFrbDYChFibeQDiZAtraKFSJ-3NcY245XwlBxZ8yyf-VOyHJqXIeOuxTZrEg,eun1,SILVER
tAq9DWCyEfA25SwRqYeI82YEtD-FGXesY_FkASgpEA_6zbc7dofl8PUyKDLkvN70ePrcZTrHnoj16g,eun1,SILVER
d0EGkVjhlUxVBawqNqRmBX86J0wohd6LEWAJkTV5ikmC_PYQJ0NH2VuDH-zfOfI_oe4Ac9vq3aAv6A,eun1,SILVER
R0Jp5rlUq1hbkzQCq0mpuYDs6aPt77SbdfW4D5pagMcWSJzdDGWvDN-P579ettGypUIczvHm9D-TZA,eun1,SILVER
FtFXgfD7ORbhWx8BThyfkskPQZhKoYJeu-S7COKh3IMablgKVu1sQ88KdEWdipNZkguJDiUjqIHrCw,eun1,SILVER
jhyeRsrueGi6AxaoaMKKA2i7wHjuTC4WCgMNIMZlOs-tB6gS4m8OzkW7uYJIYXRzmW4v3fmeh6T0OA,eun1,SILVER
YMX27ZamtLQYMJfKgyz80KPFhaRcZolqLlvaOD1I-FdX8OF-cFjG_sHOB0yho0UkABVESqBVzV44cw,eun1,SILVER
XKcEILxaIQBtkRX8ciaE_7SF6vctyD9rb-9dqvGp_gaaTRDPJhmir4hGn32HQqYB3_flxcb88I_cjQ,eun1,SILVER
LoMCxohRP9k_K891yTkK_9S15k8W9RYVn4SM3ABor-tFByt3x_USKGzXK4QILWyVRqAHia1AX0zfUw,eun1,SILVER
AqD_TFoCzmF0bL5XOj8Wf8_aYINlJfVV5wVP9uiGUvoL0J0JfS6bk-0Tpk5tA62mCvrhIqFYcEX_lg,eun1,SILVER
OHw20NFM8EEPEyILXYsKI0IzYzqawDaQlJxrM9FMZWdwC6X2jQTEe5ZTe-w2343YStPdFmuMK-wWDg,eun1,SILVER
l_Ez2MLUQ1MPm1mmnxb88XpHsrvisF9hUtVrxuI4QdK89pHbu2yJsJmdu9IJePHHgCyMn2N7kVQYQQ,eun1,SILVER
eXt-I4s0pXXb2KDLGXr-K9J1HpsDh1ojdNb3zXhetFJ-R2PBFhClC-HBB0E3tRIGTFTFB_GGac8J3A,eun1,SILVER
u0_uFsjIUE79zjVMeIg26ABPVpy76CN1-zvfn81Fk2s9M2yPllsx3L19QQJ9sJ1M8DKvbiABgfy7xg,eun1,SILVER
YviTAk7yk0qvXcmn8AiZKB0cRRQZLDoKfrBgTKYafavhpN9sIcHTmy_NVGnCfN_5ZqvGb2037YChrw,eun1,SILVER
5Pj39djgVt2xT0o9mQz4JGh2p50doadc20YmwH5W48swzJiE6q8kV5A9TSG8gmcybIPvJPkn30MVDQ,eun1,SILVER
ua3G_iOLLG2pb59d-a_UjoT3yGnw2S_duLVoS3TledzywHZvWz0HmQQNRnVuABbeMAlOi9Iw0Ept6Q,eun1,SILVER
Fj6Uvk1QvOC0Lb6Jef2kwVKyRcQ6idbNFv84DVPaYS4_W8UNeqy4wdHUZNKzmoZvrfDvp402-RZm6w,eun1,SILVER
ReBEi4la_RUZkim3STg2cr8EFMv6aTM--77IxXPBWx8oyiEZeElU4ROrqmAl86-0NQyTRf5w-OcxIQ,eun1,SILVER
D-8bcqStcl95V_ncFVt6V7RbkFpYDBQ8nFT3SI4PYrf-CS2Feaqt_EJKb9yhCDOQTDJMFyeqLv1LtQ,eun1,SILVER
qBAo0VrJoipjXC9wMPmU1dD_3OGIzbkqd_zpwY55OWunzJ2pXDgVMx6BkVKWCbHD8Jst0YHdbg_u6w,eun1,SILVER
g_blntVWWk1jLi77_WBcRf9VgL8ycrYOVQd-zNmjyoaZKw4wvm37NIXIRrk659wVjlObzNsEwWfdHQ,eun1,SILVER
JzL0eP1MyS6K5cRXryfPVIboYKSSKmazidK9fYw31DdgyvJsTKmxdt1CSzkIEHtAYU0DN1ZH3AbEzg,eun1,SILVER
6I3cG7lpT6b4p799TPVlO3uANRmnBLwNe3M3jcLB7qZN-tFM0NH_k_2KSRYexgAJ9hmQ6FDR-hfq_A,eun1,SILVER
QIX__XFPgoEZCa6jegD1DkaAr7srsz3jjsY946Y07yiYjx0Ss-M50gT4lQjpkg9Altqd0TbhjLDPWw,eun1,SILVER
4e3xTVUbAaTqojwwmviD-i8n3UB4KQBWW_GZsu-5hKJARQ_JoiOb3JgSDVjvQw0JjlQXZCHnbjX5kA,eun1,SILVER
Vv0p7_jH3xSFGRtGQHW4Dmc_znCBtwKonpSbyqv9RE9PsWwzOGrWvgGWtu8MHhSa8V3w5TKAQOE9Wg,eun1,SILVER
fFHoeIoQ8TfKLxjmpHAl-8p6RDhBmm6jrkZphiyouOuU5DaWFyjB0zkLZM3XNoihRam7QBNv6RjKwA,eun1,SILVER
AHr6Qu5acs0FZZkHL9QjPx8qUAiSwtmJbaIW6oFX5vgX6Bbn4XNpZajB1bO39qQkUl3ZCKmBZ4OpjQ,eun1,SILVER
m_SEm_SasIM5VCByJr-o1jdTVelG4mVj8PCSiqsVngic1pypTjrSZan6l-Gi8oBbDhBi5AJux_HYQA,eun1,SILVER
Y-2S33fqtkdIFDyTTs4Rck-AzhYcCCGNBRCAxkkM6tdDEzqAUbeJsWey9UFoY47qIwTBZAhBk7Y4kA,eun1,SILVER
vpsDCvnOklHqxEXeg96YdtX0c-jIolh23U0YRNRZ8IZjZL5nFFpwVLyjxub-OwhmechEuT09z_NHYQ,eun1,SILVER
wCYgqDBsGqrbOak21r3e5X4idHCyqSpzp5HK039zFG3-Esz9S9GMnlNhIRciRZM8pyINMSKtvrxLYA,eun1,SILVER
xA9-PA4QWCizrvC0jXazVIQFuYewHKrGGtvS_vTHKX6EKviLBs-dj4MouirdXLojIAtVCOm3n98LKg,eun1,SILVER
8NxiP78jzBzjdIXUR7y4CYUWwpyRgyUo3cCwrEW8jYEvcyhkihB87e1cJD6Y0Xom5mt51nWHHdva9A,eun1,SILVER
tGK4nO_zxYrp5LJUw8e9eFcVrtj0me5H-v8ok9VgMc8Clh48Q4Z6m3EwNk5uPhaWPwOg97RldgSlxQ,eun1,SILVER
7bkP6C5sWOvmETVPOBX4un1X8sQydBKzIWowb7OPX3JsyNtOGrBouU59pFbmD9ea3uEZonMn8VKi7A,eun1,SILVER
RKJ-c_Dhfpaa8uhqFDa9yP2yD6JK5rN75vC9FPIjhFXT3QH034exzM0wEBHsofzMGwvnjH7H91Egog,eun1,SILVER
J-txC8Y5MZ5_cvpn_HztKdDZ0altHUOur_T4F7d3hv9tzT5P8t4Tgbszovw3ikCV-m8H1lxYrtAdMw,eun1,SILVER
n6u1fArJlRka6n5NMUx9PtNsfalAbv5O2--AXOSDNFI2qRzKzOMS_df9pG9ubaTnvBwn9_pZVZoXEQ,eun1,SILVER
12AvIVMJHS1C9gwDBn8sqvwhdl8DDZNySS0Ki_KlB81Ikoowgbv1f6WOCQ0HbPmGZbEW-HzBBh5a3A,eun1,SILVER
69seJjwBYjK0s9XXuk92gqxWwAFlAV_1qGSNeSNvZZQ3ZTTE5F28zSwdZ5uo8-JHGSnIAxITaNI-sg,eun1,SILVER
UbD6ZFJXxoyc4oKeN_dZqBEnzPeFofNbjpacd86EvmsVc89hf8YaQa3cvLwgmj12NoS_088I2XLvHQ,eun1,SILVER
QsaxsbnsvtzzOlPK_kLhwv8kAJkX41ZJ66zl9rZ7cuXwFwfv12Y2hUsxI0qwilu2EVK-xQHzmNOCow,eun1,SILVER
-3045xB4LTYXIn3ottD0LSCQPBXKuoDitPUf8gHoOEZ4QJtMWqVeBlWa4BlGYg-x8DGR1qZ5BUAWzg,eun1,SILVER
oscb1YKzY0hHxMTzY1QTsoEVPpHfd-TU15Xo2foEfWMezKM08pRKOUir5RjPVpN0aeY6QuhVdue9TA,eun1,SILVER
kRaLk9r75RwDrhCBrwCVgARNmzZnpMN_KdPtW6Fo02krCoTXK0nOphmfBFx3ssFh1jknuPXFixHzMQ,eun1,SILVER
15X_fezN-0WLhzsKrTU8dZX_ZpUtKeO-ZlrItbbntWV8F2kYtbU8SXTmvS2EGv_kpDqAHMWB3Au4jA,eun1,SILVER
GlYZ4sCdC8nOci90Sl9Z3EZ3oihL_a2xp2r9yDJpo9qJ8NWjYQ04QE9cGoxU4JMCnjVI2l3ELyM0jw,eun1,SILVER
2UuRDpadeFdCatUbD_wuds7PGIIFrmukbMYzTgHacGALTAH9W71ic_ShoLn_41J3dWeucs6nMA5erw,eun1,SILVER
IOeUUv7GDwdUCxHEfa7VSx0vsCvxRcl_eUg7RYxCPmYAQiK_SMeWp6NZnIRyKcMtD-qQUQH0MbsGHQ,eun1,SILVER
6rkfXKNBaksyGiQiBmdYjLKBXLg-zVMm66sq2DRL0H-WNeiaphtco8AYzP9h3IDctxe4qXycizHriQ,eun1,SILVER
cKIR8iRcMlS83R1UN0UoYTH44pc__CfNuR2dR5A_eT9bTXBwbEGCQvdeyqAIHhFOXTb6UYyLEtoi9Q,eun1,SILVER
uDamdBiDfJWaOOYwjwWqHJsDocjAQs4D7znV2wgADELVGsPwk_CNW5z1GS7KMWGFDFDD0JD9FQaBzw,eun1,SILVER
9sqc63J1aGfey0uDoyG7JE60H59ZVwKvab5lyscg3WbrkcCY__TQX9zjuXdvoTGYYCkVc4KSWpOcUg,eun1,SILVER
J_qRiit8gqlVtvOZrqbaMy59rA73WUmc_So_6c61F7SgfuzVkaxvHf05G9ZEoOFNoTuNh5A-aICMiQ,eun1,SILVER
otlmyOgkDsyRZdE3QwlTNG8FwWBzrNBbRMIJ1JwZ0no3FxgVeTojUayncc_ip5QA0lAF1icivsXslw,eun1,SILVER
k9zg6xdtKXsvHSQp-sOAD45xhlXH4O3ACO6vsnPDpx-f9yIRbAI3bPs2nM5ovoEIUnWXGbni0AjxbA,eun1,SILVER
FWfrGI8dNAhxOdA6ZpOKj8xLSncR0RdtFleUBYU8zue0Qp_n59v243GdyiwgS_eg_pWJcvOakUJo4Q,eun1,SILVER
UkaVa7pRLSmNX-N5TE0z44hrKmJjQaoAMjJmOaFclTxzyJhsNnvdhhCHr8d0q_qHIJ0m6MAdmK8J3w,eun1,SILVER
ZsM4gbsrlR-Rl0XaF5plo4W8wTVQFVTmRYWo_rh2x3xqu-GW8K10q8oUyiADzNPDn9wUrxev5tH1Lg,eun1,SILVER
GJkb7iATSbfp6mcX4u8FkJ_UgxNOz4WAxMG2T0XsePemut8yaw2ROeXZhWC135doHUu0i2p39jZ_Yg,eun1,SILVER
8myGLirhWYQ6hSuqPo4AFOgiH4Bt458UrJ2fVohdy9j0Dk_HgQhTeuuBofKNxZVfsz850Ru9o-jhAQ,eun1,SILVER
ZunQNa6U_-3epRm8Q-W6ldv2Mdtitjv4JY2QtbHk67Po2WvmkGZj6x7gUox4J3s-Vbr4GUARYS-eyA,eun1,SILVER
grTovP2bnh3ACEk6P1elB9TcV4800Bv9zL65tDqV8RVD5GVvggAVNi9PycIdUOQDiIaXysZtVS62RQ,eun1,SILVER
s0DJDWuLw2tcsSG6VKcJbl5-ClidGYYl1oQC3D6fQxTWEY08C_psU6HIJi8RHxUrHOB1HdlNOf_ukg,eun1,SILVER
yGgPho6rvAQbWWWohSOJGvc5oHW3k1rp5ISnHu6pdQWc4SpRgdPkg6kElr4nahH8E4IPJAzEkANtOQ,eun1,SILVER
pbpgRzUkM8Xl8Nn0rtWYu8uxFriVYwyAVhWLlcZUgg0ZeYSaOAyYqrn84WEgVDVH_8wudPd8y64BVQ,eun1,SILVER
QmO1-ixlBaUfqn3pgF_t8aaI5HkvviK_ECs0apW9i37KBGSC2CVt1PYyqOL-m_5PgU3AkKSztTa-lg,eun1,SILVER
E4SNrjOdIhv-t_WXQVF0L2eIDUI0UCdGUbQuoruH6qrVe4qkU6sXtel_6pPl12C5KLgnP3UzlAzS-A,eun1,SILVER
OTUxLAHylVyYJuy4R4GQqZAMgfS4o4TvafjUs-3Ju6ftC-0RTIHXjX1-twxDo7s3nyTi_oC53X-GjQ,eun1,SILVER
29ifuzRdQGtuF1QJuAsI3sLmbaHPeCMD9_gxkrjBK10v4rEDYw_tyHxFTzsHFtXP8SLFT1nHxMhrRw,eun1,SILVER
yMrVgxF4_ZSITtNoK_P2-NcOVr-ERr2ml9duQPjzrK3r0bgILqNjsoKTVaYfAytdARH7WzpRGEKkLw,eun1,SILVER
giU1pYk9PQ_3HuxVbAh-a7DSWCLxV1bLCGsijJFxn269MwGDgt5neH2ZRCwUdqptlK7tkqvaLWDaLw,eun1,SILVER
4CunmQI2M1_cJAUX3zjb8EnLcENXxeSDDyS2Q32kwzUmii1-VXSDpxW0ci0OXGHoygkqFrHUIRE4Qg,eun1,SILVER
BI-34PSUTReguMfXx-sKNkomf8295hL9tFL9bG1VeaKTziWOtL9iftMcvNdd8Z9zYDj4io4X6glt5g,eun1,SILVER
ThWrboKk_TMHVWZKp06NrXc0sC63TQXkVhFpIEdgaMAcwmDCiN-_yL2bee8ex7Xc4pKr7R-FRyWDSw,eun1,SILVER
c4LXlL6McoRDXYF56axL8a68cq_v174pm1Imfjx1i9py5jniL8SUfjGdgBEhGhXQLeuq9I0mVPFNqg,eun1,SILVER
alTwDOTVJHGCJibI8Gs8HOJ8nW1flSvTyUkTtK5f3Ky7JCp_9ygdNFT8r766jx1_OhMSvLCnxqynRQ,eun1,SILVER
PiDys5bETvr91yUsegn4kJ380HI7wh-IulmtuizZY1UkIR7jZPVjbXpy1dCGpvQ3cz_f0pAMMh1H5Q,eun1,SILVER
5sv4z5wNeFpzOpFvTggjL9QKtDiV6YTPVXHR4ZK-tDb1C2SSXgAs2qFpsKZNQGk1z6iyWnEdKLr7Xg,eun1,SILVER
T60xt1mzs66xaAE58vBt7IWn5mWcoXQbL2GG7dM1A3dEBM5Hx74aKHg9Sl6ae11CG2K65LzYPj1RQA,eun1,SILVER
nPtxeoc4JmAo9zMeLbfZlQU3HNi5iqzpfhalCwW8j3x5wjg_Uw197d5J32lWOGg_O8b2ZybdlYOmzw,eun1,SILVER
-XXVSQ8hSIAS9bH4Rbu7l-6pZDoKvI48ltHolXLpyIQHTXCPG2qPpDNSjKhRTZNOexst7zsji5ehwA,eun1,SILVER
-ADx11jx7eF6iDk85Jdfei2c9gCCStll89nPuDVjYokAUdm5RDvvKLeRltG5tTUUAs7hEH7S7c_pxQ,eun1,SILVER
OoF8rFiqI-GG0On06GC8fBQX1oSpuxodJ3UEEHhaAFW77BYPgGWbGbQwgXaVTfbHH6HCJ_QPRd_j7g,eun1,SILVER
F1J2HK3ykmeoFd0fpdfSPfo5JYHzryvbEjCnj3FQR-2vlabI8X7QcyZoUWZZcdXfltbq88jVFMO-6A,eun1,SILVER
Wvzf1ByXOmr1TK3uB0XwDhaSI-Z3uwADQGIa_5MnlrYyV1CKZ1Amr5a9Buj1-QpYLWdkrvSx-9P_EQ,eun1,SILVER
E5Hp-EBuL3E6ONHQqC0TPBWdvm_1tJZZadbdrKsTKlT08oPTkPoEYFGapIXdSOzQv0SyVG1530bOXA,eun1,SILVER
txJ2uRMgfg6Dw3J2Wz1RzEA7PLSnyQQYFH2gKWe8guC-zfb_8NObtkPUkVxwCldkPoAN1DNTr9kpLA,eun1,SILVER
kck7MZkvbkBo_BggS6gPqWyK8yHYiI_XM0Z3HbYTWSbeprd_dLo-62aqmDTBiBMB4pQ6kcrxZqCqmw,eun1,SILVER
l42x_I7SLM49Iij3r75AxisGoqfXe5KAJCeDZw2NZDI8Fx7RUOpVvftU7JRhTKuUXIvpV0Qo1n7IJQ,eun1,SILVER
bW9oQ-b9mnnTY7EjJraDtSqbSGGDoqaszYxyUxEO7lQU0wEIFe0xW0xjK-SVzf6mB-_CkgIXzjbraQ,eun1,SILVER
NV4cfcvUVAl_r_nLt2zJZdpO5ApaKJVbsjtcVw0k5V5gdGSDFMsPSPPMXgKV95d8SYtnJwxbPiSU8A,eun1,SILVER
dPhL_JpRuoDDkmZiOHRU6kKbax0Zr1XB12NgKRSmHER-hW6eDrvwMXuJIDbHEQhDeCX2YQXzg6PE6w,eun1,SILVER
SgLkSt8pn9FuWrA7vaXePGFFNMD5tvKtMoUzaAzCq2I8JKxwoaDbSNvYGTEQSfHZCa1ANAbpuvn0jQ,eun1,SILVER
wLaYWk5ps4ZpoNA4dMVERZy_QNw867DO6qjFn74Hddd7BJQCRmH5OD9jvHrBc4PdJeiN3dcYkr9XAA,eun1,SILVER
hji33dJhJEADXMcLBXqGPYYuVH841qU3NAyTTLYlD9Fg8oOi_exADplx-Hxn9YPp3mOTSfFqdg6lxg,eun1,SILVER
IgxjEYOKJeXnhv8lUNILLY6kCwmVz1eyl_pkZt3cqEy-OywBeChnrQAwHrmHEmVpziTwdPod6C9Imw,eun1,SILVER
i1bRmJ5fohC2wbexzdNqJJ0RmaG5U0y29ptI5tftiEWVWBmmO21uQrDJrQ9C3uXehZTDWM0NS5AAxQ,eun1,SILVER
GimeMY6479S2IuQ8uRCPkJAX1WHJSzxFB3rYJ_wAQhwpMiS6rcLpYU4ymd6XWEqf1qbXMf9R5D_emA,eun1,SILVER
LTZmUUIK8_5DonrCe7DnFFqnlUH8F_hi5Z1EvLVy2XbsqkBRo6QWlewuS22BgLf_tbcTqT3JiN8gyQ,eun1,SILVER
NyPz-CALr4Etn7Kf48EcF-ZQ8c1XLv0AwYzzMv2gXo6IPeIzQacxc13K_G4gnRQstwOUt6RMrx4axQ,eun1,SILVER
a0VSR8xMn_UF3EUTwycePsAfcr0xl4F60L4RMNVFdtxvhlW3oimQ-pWnEwshjCjytaqrHmshXvDGWA,eun1,SILVER
K84fCJyw7Qtbmkzc-zHyeQBMvbjyukQuyAZNcjMEOLAyNHO0QlYe5s4M_T_5xPcO3AkCEqgX2KVRKQ,eun1,SILVER
bC2X0Wr7jBCYooY-lUpvfUbum92f4zSrBrShuOnQzvjCI-qLv7n7iUdSe1Q8dCBlXsod6-Fx8vdlkA,eun1,SILVER
kxhbhqthZxN2XgmM0rFeduyQwEy4qE5cdPN2Y9HDYiMVFvI2QQxMIYeO_k6RBnLUz1frCckdCy14Wg,eun1,SILVER
QvUW2UwWTe9BnzKrDDzlL_hQnmPlzFTb6Q5OhtIDhw8wcidpTenZ0tP5qFpdwV2jENP49gZhLxvaXw,eun1,SILVER
st4Pt0XsnwzT03uBdIslgi4wQhQql3UpA4bSO67LUCL4pt7G6WRzGROUVfaSMDdN730y4n1krBNeHA,eun1,SILVER
UVTwxwZKn7CdlILVLjT-0Zx6CWZ_pwj-vH8RYM2wOm9HTAe8q22cOxYOBE0Ip-l-cytHT9kNIcK96Q,eun1,SILVER
Vh3sHS_lQs4bqacYpzdbMp58VZKVrXp7C4-Y1f0eaSM0R7F2z6EMhxRWpoBwg_e1XkSjnULfRS9sng,eun1,SILVER
fnpNApxJK1sOhVcJxxf5XGlHtHthufqvyyNwxSYLoO0grouHL8Z-zIb9m8OWPLu-Bp9nJIIqN0pN8w,eun1,SILVER
svo7YQGDzJUHTfa93lnOJtP4FxiDdmjkxCY50C0z3jZxeRbp09IYF09f_WQ5MsUQtliAGuyMOKv-xg,eun1,SILVER
NlbR0n9Aj49MipM-jpd_uK9PjZD6u6la2xUNN_joEFdpbE7Her41iskUH1buzJ1H_1SeuxeLmwVxDQ,eun1,SILVER
F608CBNT3VCs1xH5PKeYVF_ve6YRg2I7LuYWfpfT0dVuVXqYEzeabzqd4OerNCzbTkH75Z9E9UZx6g,eun1,SILVER
JEQJqqa6lcURJvfkCLzsGUKAqe4z4CT-8C5i7zk_ckSRJzxkLE16nM87Ubu7-F7VbvxPamm-Ken4PQ,eun1,SILVER
C1OABIQMBmuO4bQv_jSe-sYh7mpgl1nJaP9s9Fylot8Eq_8XFrd9zQgF9vReqPb0gqCP6kUjrLmGMA,eun1,SILVER
J176KDP4xNGkRc6vTSLuoBrFKTl365msNK63NvVWd3aS6J7sexqI1ydLThKxa0tGdF9eC1uET4tHFA,eun1,SILVER
dw3pHL2GTkyDRGydUdksMGvymi0HqgcjYc-zfdZEk6sZ8QUzCda569_oWkbG-3rBiU6insuCbNm6YQ,eun1,SILVER
g7vAkL43N20kxNu3FzLZaveM8RzHdkQ2RxR1uNj28j6_z6ndbrAW6JIuw1KEplpk5SLeRW8tZAHl5Q,eun1,SILVER
ZKySvM4PaArOPSszPzRDtgqgBWhvgH22-jOdB5uKsZWljBwRRBdW4JuQzYdW1VH1wL5WklKhTA3PsA,eun1,SILVER
CuiYUDVRzWjSn_X-lnTpC1kqWzYqOWk1JgsKEJlzV1vmCkD_PIRbmSZadwam8BvhYwugFxdUHQR1CQ,eun1,SILVER
o1iIetjWiHESdBHSeJjkdMAoK2cJXH4NitKBZmmvo6sSvkhpAAan7RlUPxm7rz_Ubsk5B3r6VXBqUQ,eun1,SILVER
B_vKlIlQL09PkLzKx2dLNXd72DO4h9ezqtrRRXosgKkJWhqsuLwk0cit3zvNQ8KNvV1vBz0r_dH3JQ,eun1,SILVER
0RhgELShxJmoxwJZirYwAlICKS0CVSBT7OrB7FyPcXGM-C9CKcnIPi2oK3Tri9-fHLdtzA0G5v43WA,eun1,SILVER
12c9E3PizLOJXvb0PK89RWFQHY9cGDmmVBn5kMPc1kwtLWhuTktZFai_U226Gl4oOIwR3Jvo69VhZg,eun1,SILVER
wuoXPZvs4BmUAhGjFPZzXWsuA8330EUhUdM0Ob_1br-saXtwqPyDevYg5nb_OE7f0BcxYAaAt7LiNQ,eun1,SILVER
Af1S9OUTRufkzQzFuFNoEQf-vR_RvwNbol7g1jPu5AvT7rE732MT7rYx0xjQurr8VZB9gIJ3OyD5SQ,eun1,SILVER
kzJyycyK9Tav83LHQeiIr6TzeadlrEG2UfqxPSEKnRVpLRV0Y-uiFrz_kBy4twqzasoItKJdzDxsrA,eun1,SILVER
dZn-zBKDvxCsSQHrbanG0g1K2N1WvAcam-Lf_z3HdVXX4q8GnCESe6NUauzHbUKlxWYCktKkFW9hpQ,eun1,SILVER
Oq75nzl6hy0FCN02K7AyWLKpkq4Ta34w47TBDteCcGOtVFQGYLLjLHmqKqkKwmhrrdSbCD9wGqy8_Q,eun1,SILVER
zORvOxVI3v1DwquvdFQJeZIc7qOisrIcyR19G4AmLGwqVp_t_F2u_4af0xZZyYIzjnOwAUngeFEjTw,eun1,SILVER
4ajJJgESTY24ijf5VzBnzRAafO3layQV5tPNJt4yJu9etNcC_rC8Fk0miiH3amdLN15X4M123r1jBQ,eun1,SILVER
jwizBglI2X1qhTVKM7VGcRb6OC2C26PQuXUydxpw_0O7VGk2m-cqtXLv9zwbTY6QATgV74cKCO_I5g,eun1,SILVER
m_MX4EU6fUlpkkFOVvRoiN-eroxfpclHbIaAk1YQ0ileEeHYhUg6_8u1a2pmZcbXyAW8jaY2WwIVBA,eun1,SILVER
z1NUdXo34aUcnPsIZn0LvW6EKuxaZucR9SG40l-DSPdQkJc70_OwMmXdkl-PYhlHUvGKSM1bdJlIkQ,eun1,SILVER
EB5BzlA_CwxWATcHwMJr0DU9jGXLR3NUEJFkoT7fYIbFVbu_lnYJRvKtg7rxfC6Uxz2yJPdTLS9iyQ,eun1,SILVER
OFnStwynm6epgfM5KrhwH94SYQZfmAl8Cs5GqwhA5tpv_lti3ylJkn2TqsB1S4wPebNh3Z5JIqnSbA,eun1,SILVER
KekFQBXjCVjcPL7RCaN1L65j8le3WTNg1Tc_dLulSLPUmXlri5nwfNwYt52-KmqqWXqthZtacR0RXQ,eun1,SILVER
5zAn5Fadb0_T5qcdw7WGnAGh0WySOGHbzonHP1LLaoii_QufH5faDERc2qQss8BsqB7zXDymRYOONw,eun1,SILVER
AO3ERmqrQrcKM3gs5yuhNAlIZGXgP8gRYARh6NvC77wTEMP0J3pb8FzJMiGqw9wW77qXqqDkPClhZw,eun1,SILVER
6Z80EYPMe-RHFUyl8n-t5FvKPeXTTFtXwbWs2Dv2QK7fOo84i_lqDBPcereU3MOcy2Q_DXlPG0BD1g,eun1,SILVER
dlkwcM-vDfsHcvlPK4Y91xJso6aRypJacM1wCtm_Ap6239ikxlbV_27W61Jhb4tSzUyZP7KWxBALNw,eun1,SILVER
0LjCo3coTgmvT8Kb48e0sgQMnYv-uOKjKtJ_BLUcV7cHyul4kBqp6QqDW1MIN2yvT56Bj8q7S9XtdA,eun1,SILVER
F5I2n2iNBPjRn8CeGEtoHvAC2R3w1ADtzuYXP0ttuLJH1mIYiWhbHkKSODgBs6gk57VesDxlpEzXcQ,eun1,SILVER
ofb5vkIjDa4dnbTi_Dpt_PWBB102vojqpcCMMHmff0RdALBXT13_g-2gkvarIeFDUg2EY_PvKqnI9Q,eun1,SILVER
2D8zTdOMux2Io05ZonzurYjPIQdPFIx6ji--Bg0UrWeGe9KHjQYmhSH2auD0rvVZLiT6EF9m3SsX3g,eun1,SILVER
y7c9jqj8r1mkjjJ4EocMtYYNIrgpUXn4ElW64n6ZpLDha1tHi9M3eIKDJQU8fbbgZJad9lcajfe-Rg,eun1,SILVER
_eDgxvp0VgrsJt7wjGFL4SJlr6V0gCqTgEvrfOX9WLDWhfkNOu1VMWvKXqPaQmVAUFZrt57-YSKpwg,eun1,SILVER
x0mj1J8ufEbiDafViJIBFGOlHwMgbQSERLLudKFMNGuSbqi2BjvoXLS_mfTv71ew_pc0N_MtPPQ_LQ,eun1,SILVER
lxQlW7sx-QDIxt_L6YWRVaHcXibIBdezrE9LoIAWz-Y2VL3C7LkuQrDLeeuwNZWXB973l39VaggRmg,eun1,SILVER
Xo_p-lI5lnkT8ugwbCMZHt9qfDGYlDQto4FjcD-F04CJry4W4dsJEreSfJWI3gmZVrCVr1rkJFly3w,eun1,SILVER
v-J3Ix9D6kA59YimYIOm85bOooMZYEsJihAxqFgH-roKrcCwrc94R7uf61Crh0dwrmE9J9zaCFibYQ,eun1,SILVER
TEIFng6e0FZnJ9aoOlMkAMKIZI2fZT6fkdmSZw3zsQYmcuF8YIPI2zK8fBdmednxABbug-z_V8n_cg,eun1,SILVER
6iEY4o9-SciY3hc__pVr2Q3U14fxTXY2QW-AZ4wBcV9-PGVV5FWIpRIXDT2hDoCq3y1piFhaFEjshg,eun1,SILVER
epxquqGTss9sKkHw5TcxTAQvpZOmz95e86tDwZ7muiA-a7MWvB5Tff6X0MyubGNeB_oTDLp71BWNkg,eun1,SILVER
PzybvgkyVF_Yy7v9uAhgC5ZdOI0npnnx2zFtVoJnfJsx-BZSTvCVpCQ51uCJOHrOstwupSxqh7HHhA,eun1,SILVER
kZryfuVMBawcfvvxcFjWrF8CYjxnUdeN8kzf0hUYo3pmhedkeAlhEjYOZQYVC_w7EYVPv-4uYQW0xg,eun1,SILVER
YVyCXZyEYKCQ4psHh67y90QcQgLGt1HR3VaG2JGvw85377iBjAp0uBh_Owu6vZOj3yQsYBnvPEX_Fw,eun1,SILVER
m2LtgzKHCEjfH1v6KDXnQOMekBxmb_Cm-eTlBdguwEmB939CfrvUq6oHBOlx6tFOifkTid2Cfmm6xg,eun1,SILVER
A43ZGxBdFAiI38WD9QsGSsspTKC9U1P0jiMNzY7vE6D9dja6NuuGncmIkot3hQqjekiuhds6Y8YueA,eun1,SILVER
iRrq0ugac9nMW-Hr7gfMuAQDXZ0uh3XUQ0wRBKNb1hYXOchpQgf_BA5mMbWCKMA7nb_6mCrCiXsruQ,eun1,SILVER
lyDNRuQfGXyrJL6n1X-m8kUiGhUGjeAGLlENbqLOCrWoehLB3D7B5KjG0aqEPVq2AXJKYnDcjFRAdw,eun1,SILVER
WOYalgpziy31fvKIWefZ7oyfPFxwMPRkGpkBhGlfrodTx3BiTS_LLuERC12GcRyDoAZ30I-AQyRJ-Q,eun1,SILVER
kbTmdR6M9o9zNiyIU9wTSaWqqkUDFiRWXjdYm88B4_HalvP7Gs-KP0AmXyCIkbTShQPnvLT-Zam9sw,eun1,SILVER
-mHt_zLLpfo2d1m69OLxKgtJgbuRQmUfYZY8zTXkcrCwZfqpaKnmEVhCDIdD_HT3cozvHtFWRrfsiA,eun1,SILVER
e63VAQmkz58TOftsPWfCoIVH4i-ByS-EeeCWxax2MpD4wZBNUIoS0QzgoHTMsrQFdEXl3TBv6orDQg,eun1,SILVER
RO13BGBPRiVQ-Qkx7b2BGqOCYHJdU6UOhK3B48Yy27duZ0LwFEtaNo-EOBgPKU58HV5C5MbfqOfSaw,eun1,SILVER
2AZPElWyVtcYXTUaPDSUc1eHlDBuwlDaiNkQ3vy09F-KhNkBtDTMZahPk3eFc0zujFQk1sRT3PXaaw,eun1,SILVER
2n4c3Z45RQH_zI4ZZZ4qmwKCWaibrFKMm-tbIwpIUXr-PXn0_5UpiH66uTcgT-QEbC85GPcZJYhtIQ,eun1,SILVER
LajMBWJRfHmfGSmE3_e1WbVpIUZ8XL2BaVszhk8PYTFqkHuzVsY6Qg0GOhuFSZeqGgC1YA7YR7NFMw,eun1,SILVER
GnBVaqkOVMdXXsFxFGrWH9ktSQfOlsjwQmrjFUw2u7SzGM-X5nCxF7ELqAU4YO3_ASAzb5di3VAu9A,eun1,SILVER
O18XVTuEyzUvcpqKRREq6-X6kuAmWp1S6AwGFFXRAB0txGAwEBeeiGoLHrn3xYB3Hp8mj-3b6ZAzOg,eun1,SILVER
wvIFymMrGuAjkWml-G_fsWOQ_2BclPjVsVsXZQoE57wq1_TTbsYpJ4YL1d7Cng_ar9hnWZP2koBPSg,eun1,SILVER
d2WT0-tHDu3XAt55es0i-tyvC-7QSy55FxgYqmI8BcujPDuWq62RSwe84jMvv0uGKUH-NSoOFnJPew,eun1,SILVER
NH66A4OVBEWfL6ftfxnTY3-DWISCHhV_wap6hLkTB4rid4dDm76-lEqBK3JEeMVkQpETWL-BrcmvSA,eun1,SILVER
VvBfVq4iVrPHHQc11DjaAubueaiP5Qfiie1kfnIEKJe2qtUegfSEE-sDifOu7d7f2ytUSbHY-h3QDQ,eun1,SILVER
jN5cXaRHsDUjSNnjGrR8JZz6NgTiayd3fVP5S8BASv-vH762w32bodevh1g6c559Y1EhvzHMM46pQA,eun1,SILVER
rSxRYTituZSS-Hc4-qrpnfcaytxkf-na0XV8CatbyP9eCJ9yJ24GtPcWiMDi0T7WH7q1b0wO9FNunQ,eun1,SILVER
C7-4XKUSfsW0B8zozWrKqVszUIluE6AKNnI2TGflWu_y-wSWzI3AI2H4Jh3aFUBzeSi5mW8Aqyph7w,eun1,SILVER
ZmPGV-6kI3S_GdC1RPMcaN5SCgFACyASfNhs62L8cpWRJ13Zsb0yT_8Nn7e9sl_r1IBA6PwIXNBLFw,eun1,SILVER
DCROAQorokHvlQOkAZ8dcgU7Urx0T93Hgc5sIuvD_6D2LKh5mIVb99gXbg_efSIxrubl0Uor1fkshg,eun1,SILVER
NzNc3SN_xGUbO2W_BngInCJp2ojn6trt8aze3IDfFi4bZhmmITIrsKuknhZ88NX9jEKI-MmSBMNGPw,eun1,SILVER
MpbXTenKDpEMz_Ukwpbnz4a4Jhn-L7cBFGIc2emabqOmsO7dF_x-U-xuho-P0xzxwUf6mpUvsWy2yw,eun1,SILVER
eA1eVctG4Lv626O3nUizM5SpDTF-lg-kHmDqSH0FMCIC4jbk-7yB-uPbbr0ugIYVcQRDlbDcDGFZUw,eun1,SILVER
JoiKUcLs3hREqSajR0mxj8_RoGXG4OYLpB_r6VyUJZ1nJiSHGfiUuGu9XuQCPMaufQ5zZ2tXFoDm1w,eun1,SILVER
0RcKwsHANV0vbUAA7OBi4biymhu3MmmO9R2tZO0Vou4epgtWonB2Ecg_I0UC96NI5ZZNRbeEbGeL6A,eun1,SILVER
P4Jrb7K_wNY4igXpE42dBhEIuR6Raq7ZqY6kBw-QXhoDkeoZRUwFuTVRPkTC4hQThuns-PQ5EF5nJg,eun1,SILVER
6trgJX4om6tvgGLF-JPVDxPJt-328DB4lAAd0Mnftxwq237b8Lhf6yTVpQzskJrnriAMSQnHmY7A2w,eun1,SILVER
v7sFRzpxBIRYZJy3qDhmiEOwJM4dDgv8F9Juf7j9pjek_vBvYBjf-2-LHUiHgd_LGAxkxSmY0ZsXFg,eun1,SILVER
OJGt4hubpxNJsx1Y9SL3Kd39FVZN5t24VXgZw9ApTxOeUnE62RoIDPoQuPAf3YDYUX3O1nzQqbiq2g,eun1,SILVER
8MTUKMkoKR08Brwac797yzmw-a8eBMnL7zH5tORaQAvpIDWH0sNyN_jqTtNxdtl41KttCHs5mjM9dA,eun1,SILVER
Ty9_dYuBRv7D08lCQt_bjYwzpVux-cQ_GBax7n9kO6udnbWgl_QbwbmrqDbZ_5lMYMrGTUxcmgKfrA,eun1,SILVER
EgNWE52x9DUges8Pb_90hrh17_AvQ9uY2-jB-XBfMFgxrKropYhjR8N9XWD-tZZ4Om4Ek8DUSBzoLw,eun1,SILVER
hd5MyZd2D2Pe8lw94MJCaa8VoR_mxoO6r-5ke2nmYXaBFsaifuXdRmPRVKanX1CuQuBKk-TzV4waxg,eun1,SILVER
H-axvPIOtem_84ON9ITlycEil5xhfhdZ4uM09dZ617FQE_p1wM3FtcfRe7U2F0zYSn9Z0Fl_v5IdBA,eun1,SILVER
84khH05dp2orNcH4fZcOjajuZCF9OjfBUWAiKS4p6MPGe2C1ECRnufeFHKouDL2Ellr83252ntURTg,eun1,SILVER
E6h6uYdcd0kfi_hSLPc9AIwnBm5kP3WB375m5MwjWTkeQ11Nnxu13rs8zQQXg_bYLO8EKOc20YjrlQ,eun1,SILVER
ngcLPjErtT5CCTnYnGTuresD53kLybG0QFctXqn5Jal3gmMPpMkiP6C3pJBEnXeQqVxGiQ5g9fIImA,eun1,SILVER
CAs2Z1UgIyKfcneGyxHolDw6zjWEn_HSn_CKbTzehGcbC05lGAEGtmZFR0Mtexw6reG0tIfSmE2vQg,eun1,SILVER
TZYm91psMQzEygiarwKtwog8RYVLfOEmrn4CYvB3W6eBhDiDvfLeCTiaD2sHTeTMfDuGHe4d2xrfxQ,eun1,SILVER
ieZjuTLRNVUiARfXk-nnZ6s3X2lLkHcHm11T1ce9QX6pZcCf2ZILY0ismIU_EgGbH23359Z3Ie7xuw,eun1,SILVER
e-rJBtb_Mq3hglhwWev5BkpVGxtAD7AkQIcAJO5_GO-lpJtGSU_kE_d2Nj316noNceGyY0zDjxDCAA,eun1,SILVER
R3C48oiOy0oGcc6h11YacnlwYDZfMExmXiU1qtYC6cV1V3Zfywo9RUWiACqJXdIen67tt2cveEo6qQ,eun1,SILVER
YXZQS4YtDBTw4lKd55qLEp04M8tvxnfKEcGXyT4qJbCO6I2cuUhkyW3zt0yDp0vfDYiIT2hKFSSmEA,eun1,SILVER
qSgAqhy6vQRiLQQfumkQlH3x3OISJzCAiCCMkmMIAsORJ5Ijp9gk48kjQ7h2J93u_M5FgoEsQH2j5A,eun1,SILVER
ezMIKeKILB64KdaxxUzsJtKSkbNM3BTl95kzL4nR_4mBPUDV1jk2EBBiJVp_pOJL4mq2woZC36-3vg,eun1,SILVER
NKZ0sRyzEvXblU530Lb7-Xsjbymy2F9GYmeEZXZMjb8J6tuobfOEwFXqgdOQ2NyIhpFvjtu9ap0iBg,eun1,SILVER
y78jtxCuOlS73r3mFP7_fWZdeLrRt_TMTCyEqcBkwId0bw70s9P3R60Ps2PnQwHGLZZJjNWe3jWdmg,eun1,SILVER
pPBPcNw8Q6PAbb7lkTg8vDOT8iseWfnRMx_oWPYrz2xWWZeWV6pgZWqKmY6U_lbKCGBUO9ZIflxzsw,eun1,SILVER
8LQaSN3dd3TLWewxZ5uYzaQUnbOXvwTLpYL_eoUAUre9jnGFMyJOjfRd1cALQaB1nwPhMYiXgN7bhg,eun1,SILVER
lXPMqja08x0H-SBoHBUJfnB5AGU8neFC1lh88F4BszZGAovoey1lXEpgvVNHcaQz0HEBZXjsu1c-Dw,eun1,SILVER
4NX57mTKTbadc8dIuKF0yLZourclxSyGwsYXurVn36j6SSD7SABCmw5VhJ5KKjDf-G6RZqNWfZgcKw,eun1,SILVER
pkv4_fqPAqPYdNVV-KWPz4ZEglukGBkwqN6vMtWmsgLxx7vt3KJcoUvPgYEgY4x6msA4unl8kdD_PA,eun1,SILVER
Nfu8HeAK5rImYA97qKmiE74uJ9um6H3VO712NS6OM0fvH3FAtrQR2hiFqVGGb7RM9W6viV2kVR90tA,eun1,SILVER
5We9aP59cWHGdN1x9gpXj2AGvLpOsgoyZ_p6CQXN6u9yjVNHLCc7qgVN2v2qcUXtQfYWH9TBXXMNXA,eun1,SILVER
nJtwKwRyKWwRbUfEBehLLgrD3e6e-mXGP7lS9Pw-ucQdOQu-iwyniZaT_JZ8p3qDZBA-hWwak5hXGA,eun1,SILVER
RYzSh5AH-0gP5K-7qcGDRd5bTSKYdL3_UEJDu8Cip2iBJuetYxKRWdziTSbmp4TmGEtkn8vx00D1pg,eun1,SILVER
RW0_wIqTk0h2skwP4U6KRiRQu_RQuTWpVAgVo6XyPwWLepR5wmXHFFQ0Ocwa04FQyMCW41elp1Y1ow,eun1,SILVER
_gbMVOtTNNYcTZGf8wG0dxoODngp6dZ5TlM5kLcWMLU5suyN2pAELHgJrRVWcxMTlSJvSlBUE8V2mw,eun1,SILVER
EP72Ikcgv9tN7vCntO2b3ra_iL1rZZNCnkvkri_PbuKn6bB81nJyg-hN1FsKMgUfN34bk3riIQ--fw,eun1,SILVER
cTnRADFGKYNBOD042QqVnhgj3PAujDv-KnH27HGJy8bH5wQbUwcqXTgcskEbhIQGwu25ESd5abX8pg,eun1,SILVER
l0r60fNvMwbjiETlBtDSSbUYi3b9Yf-RHALhnsWKy1-n40ze6d8NUuy4Iwn-DjXufpTH9JwWR_OA_g,eun1,SILVER
Q0c8idtI16Ql4PE44LTmug6Gs3vDxRjG2kmPTUJXd4u8SAAyQbkivqa_9yYTEihcAqB3hMEcfDz25g,eun1,SILVER
Ss_yvymMkbyib9Z-yjSqrz7uVrWFFE7FqlBkm9Q-BVE8BbjV2fExXeJRliEDG3pniHm3G3vGI2yegA,eun1,SILVER
cgN4KYpLRYshU1rRfFpxDntEQguvRIlDr0RTtLektjWS7EcGRiqZefHSJEgnNkjcoOP953tQo9UJhQ,eun1,SILVER
FOsvrJbK4Jl6lJP1RDoMeMkPg2xiYf_b07zJoC08oIMbjoBQllaR9e2fukepDcbAApXO5nrZTZ3pNQ,eun1,SILVER
nZ5JoleG96YLJL-LdUPi_geDWeWUbshFxXC8IkTQ-2NCaRNBExqmaz2l9k9VDuz986oXFl2vxkS0Sg,eun1,SILVER
m6cQ7KEE3eC2Bh40Rko1HHsC0GuXJckPTDe1K8o2O92LNO46stAJdFNjCZvqGP4ek6WHzondVSbHWQ,eun1,SILVER
79rsHWzT5h_ZoB2iZavQwwvnk901sWmCq5nUWc_-lI4ZxgWdpje1ZHbXWOzgI6hKu0vX6tDso098bQ,eun1,SILVER
61UDvkDwEvvxMeVRDZ3M5R8ShLxIxaD56-lbG9tM_IvRZ0NZd2b-jIcftOHtbo86KIQOzNN5w9fdPw,eun1,SILVER
LFdWc38piH9CTeKQbiqdMmaATa9oJ6j_k6Qf5GPjVOu3y1hryakzLr2TBHU_1ArLBtAAOwEIh87_SQ,eun1,SILVER
WuB0bjyVU8U2933O91CUQplbKkInnLrgiJ23MmIeSclBUsNl84nUe4BCIxV7IIlQRprq34xfo1EAEg,eun1,SILVER
3iw1vYZKwMBUxiMt5dJ5ZF1M85hx3AzG8LUyazUKPROBOGXi6reKAdJoTN2meCb8lfsD47EC_uzB5A,eun1,SILVER
pM9ntX-CanUtB5g3SVlQgwMsHlghXfLM3jO4JsTNyOQSNTh8TwxxgYBxMcByz9YQemxHdzVj3jksNA,eun1,SILVER
Z0QrKOPq6ci2HiOBtBxusxgt1Oy3rg3q5-udipInzBu6EY3Qh4mu7DD4c7lqoDbNyMc0hNsEcV821g,eun1,SILVER
-ItpoKNX7WHeJYQobpSHMmy9BW8ijm1qnhtIEOvor1GVgz6xkhJC-O0Oqhpm4rSXrF68W2KMKVoj_w,eun1,SILVER
expykUkpPwkF89TeekEStWzdxj4RNtd90Eb4GaGl-uNmGMpOc4r2lVrE4muUMI5Bk_Ztd0qy6tLVcw,eun1,SILVER
hy-4AIQyYG1HNBFkM9Q-LWJaujfsguzNe-j5n3jEwiInX768bkBnwxmiHPK9auIRRD03XR_RlIK9mA,eun1,SILVER
MDeyrKoy8CzUzBCgF-o7HVi4xIZdNBW2Tj-gV1RPMLXtjC52PDv6-2HZ4r7v7HgghA-MhyvGMvONUw,eun1,SILVER
TnjfZV6HovlxssmTTxOvhBnwBtqD7v_v6dQPCXQV9FsCPXw_P2VaejNvN59gxeejm59E0Ne7pHG6kQ,eun1,SILVER
4ljrT8pAhwOhgjhN_z3qQSEteIOxmB6BGnvbvQGVLlOz3G4y66rtFbjaCtPSBovirFLJULDzenWUyg,eun1,SILVER
VHjaNEFkBRIyLvrriLzKvuHp8ueRTW3QrAMyt5YJrKpgG7v91Iel9GQSsiXNGJmS2Fo71VzeTyyuKw,eun1,SILVER
-SN4kzHH6VA-LND3Tkht8bWx72CODBgSMawujGGBV8w9PfFvKPs62mrGpYeB9iuXifNX1ZE6Ezstdg,eun1,SILVER
6j6ZlXNWl7leYFB2Egamtm92slj633G0-QvBtzyQZETRISBfY1QA_8d078N8vvoZabOL1OdTgjS4WQ,eun1,SILVER
fzdua1RJYlSAw25imd0GDNT9gR41gk9ZwBqTCx81YBlzcPzavM5VXnYqfQe8c-Ked_AA7rWr63klGQ,eun1,SILVER
HH5-O3vczKTo-NNmDE4jc2ATcbLw8FpMzgUicoUgwWu4GWhG0jfpuxZpqTfgShHJYHUX2eH1bLg2Sw,eun1,SILVER
UB-fmKBwIWojjJS9OhXWQI4V_tMr6rB_dOOZjRCWwOHSdpOvUsYRV-FRgOu14v52G4TJI_jJF-duDw,eun1,SILVER
B3O1QdZfoPkSKy_wCwGQHE-MdwRnjR1U4VVWgHvsMsIP3l8T08MsJiYjSUBb6K0PcmhORbIfi-Lfog,eun1,SILVER
pyTTPt0H_czDsQdGdUdkPD83rbuBuHBy3kxtklFvrAK42YK7jAWyEyFVZdke59H87nYrQI3f9igIqw,eun1,SILVER
4u6SfXjwbFHlxCvrTwzCSLFyY9yVfvfCfRqHggowNyElwlnd8tbFCLGfp3RMxpqLbfs5gB9tU8FIgg,eun1,SILVER
5Onh5-_8M0rcQYl79TAEU67DkK6Iq3VhoCsM1PYZqLe2lFBPh5P69bFohd70-_GOiglhbSkMeUtXsg,eun1,SILVER
WAL9X3dnzcTKikrrJEZDh-UgtfkE04BiLJ4eHvaPtLRwZ696QgE_o-AIH4IbXeVA6NCuCYmutaM5sw,eun1,SILVER
hvLdL-6ClUQTXkr-HdJ85kGGiextr6JOLAzBDcsLs_IsGHRCk3M92TRAnxV5T7EDHwAMEjBoXGLRUQ,eun1,SILVER
BjHqbw0Yqo33q-k_4LWDwCHGIE4ZFEdg0acQXcV1wr3quN1mepu7F8gk7G61e6pYQ3A-79MwLZkdjg,eun1,SILVER
Y30guhOYDD7xls-EAh5xMSorb5Aw-qm6TmeZ7tzLUu9P-3MOehEMT366hjRgVj_FWXqOnHBL2Xr1fw,eun1,SILVER
haLARZkkpVHQEQPTgV9uXHQ1ip1EKZuPgq3jTQwHikJY1aAFcbZ9cTPGkLXPHx7w9zklMOni7KWbtQ,eun1,SILVER
Ud3hH2CsrX1aX67OQKmpB4-qQS4jMmXt82cgpahatnYKe9PTOkO53U6xlWeJuq3a-zl9P3o89ekESw,eun1,SILVER
vrSNEZ7l6yqye-0Eya90l8gelTF981g-5DOUH8t-QKi_PzPtXWxxvfjCneGEk1A9cNhBy3Lp198j5g,eun1,SILVER
msftLSzyrioBcHW8wbHiQ7doDhj9fBlFLIMd5KjuY8M1WUihcaS9AAx-j96o6PVPphi36a1PBU-f7w,eun1,SILVER
k8zPhguBJ_3q1yVd4M0Z7NUQFDxqeFuLnnly1p9SQYqwZHyh2xEzrL9MIOyFYuW5bATe4OjHqpydhA,eun1,SILVER
IZEVdX59TRLzjO6QoDuHzpIg3AlqkskuOs5u7pelzTFrIZ5SZwNX6A-67yaMbvBCooi-NMqiL0EVTA,eun1,SILVER
IvHBYEzHveHK-uKFNpjkjsqBAUBh_lxUr-J--Lm6DtySqJWGExkuy56RH2zIHuZIXGIrNcAjE2Ki4Q,eun1,SILVER
LheTJVjNPDGP9LVDBHadO1XQVKYYyYxeWhWB4cvyC5xAMmjXMpE_3Bcw0HFG9XUpiNvMDMmfAU0tcQ,eun1,SILVER
U46Iff1SIg3_YP8-ZqVtPxd2qBp34-XTbzX8zTOwDtSplXxFpiv3QtbHmKKJo_-Qa1epFqOQXWmTGw,eun1,SILVER
o0gKTrAPLTAjani3x8BYNkW34xrn2VzO0j4gZjhjTFG6c781qss-lKv92GJ_XUqoef5BzZrYkSXIhw,eun1,SILVER
8ZCKXF1vCQGNe44XAAeoCjrifLRqU92SEvGD8R9MWHNSNXwxwqfC4mB7RWrUkOQOe8t6NDAySF3HOQ,eun1,SILVER
VhkDDdOBP93fMT_YrNNM3n-0mm5NXHZkVMT4kNs0OcMeYUao0mEzQJcUTsWD12pBAUZzEJ43A-XNog,eun1,SILVER
WVnzZ5BcQx_ReviZZnR1WOzQSfN_qHGGoZWzuvjgRPYbVvJQ1ZeA26_KQeg19WfRvXATbfiSteDGAg,eun1,SILVER
TBSeHCqH985uQf__3JkqvTeFsnWFxCsvzAInKIDIlBDsCgu3kOyVtPLgMibcNBLclUHO7Ve9K1XtWA,eun1,SILVER
lUqG4FCjQSVISD7iZpWnJH4J1wpVWSN_gMooVwgucZzt0aVMscdjk-ML0mdqzKVEK-DaCecrRq9Rdw,eun1,SILVER
3-87Ud5Ivumqn3RJ00XUgraekcx05_VJcbKLa60tOuBbuYoneeJ46vSV8ltLtvIJ6EEVOOOSCqUfCw,eun1,SILVER
oETy_pLFuWMq9clzjuTXTptp48E2Lemr1J4GOiv7IJ8dx81Ri9L7Qy7BdmEqvBQbsuWkG8xXoOHkow,eun1,SILVER
o1xLf0TLU4v79xXDc5Nga5ja5WhtKCeHtT8B2NO9hPQs1o1llzluG4_Fd7TSZIirtkdhgO-AyHIZMQ,eun1,SILVER
eKJNV5mBdDgFZx4pJZIeiv2iLw-09T3hWW5ppeVelyVKMYp1A3KMhOSwT8Rpptm8De9rzCXRsw8hsg,eun1,SILVER
vZXlOL9sTphfjmihaLvqdvzW_CxAZOgJ6XcNv1lxh1kZQGgoSS4FsSGiEC25npaAOQti6Tz4O52hOQ,eun1,SILVER
SplszW7L_3wX2wwOU2EdCmYby4QSE8f0YUJlW2iKkvXvU6ubqmUqJpEMxKAPIrGJ8qoonlXYI4aDpg,eun1,SILVER
qXmzuW9zXEqyokJh7389Y7N3sksHDRFdT2zXn0iPvf3Uf-SRBlgAu8r9BLUW6gRpN2hKc8s9yohYIQ,eun1,SILVER
vx3fW8NDr-oLL3hUki3IpeR0Hq_sUdICwFI3itvNGmff8Md3Dk5ezYlPkjhSkvmjWX4vvJAYsmtuyw,eun1,SILVER
RRhH_X-2EPrW3_u1ocFlnTtK1KwzbN7ziRj9hzg7eQ8aAP40afJQ3Bcbnjr2HlOju8eKSFKAVL2Djw,eun1,SILVER
ms5YTiTj0ooL3W3yDvCOpSkZ0KG6inxxBYagEYYwBdJKP7VMZLKjOIMdz92Zppa4_b5lWk91G3R1yQ,eun1,SILVER
aCwXGU3YHOulwV_MasZ1IQpXpXGbYVAmk7MH-YytHg4cwOLAfTQHKMbr2wPPGktux0qIQ4natxNfEg,eun1,SILVER
aA8eyqFEnRBB6paTJbn5TomDSQOq2IAAMB5eZPcq7R0Bla4OqBf-fhPZpxwFY5MXD3IQ3Um42iFL2w,eun1,SILVER
IvbmmHiLBCBqtL3eFextihKRSnRF1Uf4elAyZIGmbTI6OY77DHd0gengR_ys9lE9suIQBz56g7dc3Q,eun1,SILVER
T0vL_BxH7ewFUz5Z2-EX6VcxyqliE0gt7xPc0hrVuA9PYRfhy7I__3XeX6ARc_CzByBt1rDO22GZIw,eun1,SILVER
WFxWt0hu-kmzcGK641wpADO6Pfpxuu8vUXXgDeh51kV2BgQIZ3yRI7sJJQOXCvfJcnyyv9-z66goIg,eun1,SILVER
xsK72dtOSASsRKno_hqx-ZW_fbMLztipKVC_783OR7aixm70OKZU_navRJpWfQQapxb7wuZ0W9Bz3g,eun1,SILVER
f6c3mjj4DGaSVHoq8GuIPl-C8H0PH_RcXSaluplSPfuXRHmLiK5HJ0hK5ki8fkP2typ8BuIn0oOX9Q,eun1,SILVER
IQq4mYqtfQiVvtuhwBkAs6blORKK8Y3Gz-WAuSQew8tisAHk2dD9jge5Jd1nSWSh-mlyaU-2P7JdMQ,eun1,SILVER
05yHG4ubMNA47tSt3jx3Hvt3mCiSNCFAm6gp3bkfkFkYdhKQOGYKiInANB6vv8BYyuWQHbTxHBJDCA,eun1,SILVER
DpvKJxzdR4_KayCqH5jwT2L0LQgkgzJY3j71pfWsucGFY3SAHpQ7PyikEJDf4rw4YG7tx_B6qniAqA,eun1,SILVER
e7qPON3I3DjwAXB7Or7Npr0F91nOfMhW3eKYvZ4ltD0hl1Q7sFPIIX9DzJtrjs51KM3hZyFuVbh2CA,eun1,SILVER
8IKUCvjYsHHamZeu8PaGe8ZG9zzCBi8eP-BmWJCSsCFempF8mX0HgfVhHW9p_7BjH60D7o4Moj9_-w,eun1,SILVER
V4IGWsztC-5ISUDK89I-zDItfMDlN-ztBtx4auJpqGm3Sxv_tKE0i8fQM_bYSXUvASuzjUY7QI82mw,eun1,SILVER
dRu60DxLpb7YhQZ2iGdq3ssnp86Z--FFhaSIytVhOgjN1BssQoid_x_sTKSTbwHKguhQ0oMbDtBMHg,eun1,SILVER
2LmkL7KYcM-CKsJlYEEcATh5YxE8s5lwDAE7J8GuxfKTOmTDVoKAyF5dNvql9ssn4IWZfXBIqACHVw,eun1,SILVER
qMXdnO3hEta3E4dog7JTvOftDdcQC6xvrI6gU-NmKl0MMPuwNsYQaaBjiSB03jy8QeVwB-8HBzUGAw,eun1,SILVER
AZ3ea_IpKJb3JVbJWhsIMX0trf5yep-gCtPU0dS6KGYhC0FNJ1ljLPQ-0erVrEdLJ_69BeT1VLWjxw,eun1,SILVER
Rib_bhSao0HTybe3ZkNwA8y224SXqe4nsTIgiFWC8JJZ5-VBisK_yq-enPXDHOyXutb5H4dNnz9TyQ,eun1,SILVER
zSALTIJlwrtlaXnHC0QMytQpqbxbBdoLADuMrZ3y2X_Tfz3AZun_7q_TwdtYad9vbXvJkKcnhVs5NQ,eun1,SILVER
vZdkX63PwYivGH1Vb-4TVHM-v8PvikjS10_zgrU60Lii2yA4zxCAx-4FqZ9HBPsLu1Zlzco_EdS5KQ,eun1,SILVER
0V42nafhI_gGs8JCk1CcnGOaScP1h7pP98QEvNVysLtD558QC3-TLKbQwjkxQhiCbonO45-XQIttzQ,eun1,SILVER
H_igMtHnuwrELULVnIBSbCASe8_5gnRIGuJlJ_YlzzrGv9nk1OeUtbL_q6Qbh6Lqzxe_k_cxtRcEJw,eun1,SILVER
NjfFcawcIKrKiP4kyT9Ou5CjRSoahILd_ML0qvKGaSQMR7juid-vn8y08aMLq_5DLQJNOhg_Z9fUhA,eun1,SILVER
39C4IN08TuTw75H-mwxSPlR7E2fHjQPv4lGngG8gsaf7r3F7ZpE9Bwo-EE3KcuBu5sXCxRQRLpjkvg,eun1,SILVER
zAdDL-p9z6Z253WEIlWjf2ErC3ZxxD4FjPtAkxYdzkwDgRHN4FXDu659gfO5G1cdE863O9RRkqnemQ,eun1,SILVER
StmT3ZbBgHNhP9EWyiAPBbNMZWqfZxCYvwWF7w-RW5FOwWn-KzjKlX0VFot_th5hw9xb-7EAEIyfQg,eun1,SILVER
OvgrdKo8FpL295zURlDinH_87PFWbfVEfDaXvzCiw8jdiO1oHnZJ_QN2GDLipD2fp3rxoi8csfMVpw,eun1,SILVER
wB93uF0rWddgYDsxIhrdwNSbbpuFVoRSMr7PEQ3I6Y8y-5jKOfdjEgRH8CuXAlgT4YVHy5krPWQqfA,eun1,SILVER
UWwJOlABRIbYUO5xLqrE4qbtsKh6bj8Qp4LhjbpiTmPkdjR28iiCwrU7f--k9ildGK7jKd0_2s5QIw,eun1,SILVER
oWmuVHdR_cysfgEi9x9JzdPa0sus75vzN8c28X5c-41SrVIFQ7TzTmlFSmqSd2RYcVPOAlee_E3bKQ,eun1,SILVER
Kvwwi__UIasrpzlo4sr5ymU_uWOIAi0i_AH28aUgAYrd_bjkS_Xeul02dfeYgCfASv4yAwOqU2AXbw,eun1,SILVER
n3AX3ndDC6Gzuh5px-vRbJQ2oB-FN68qjJ2eH3NgtZdG8AOv4ND4XqoByEgMWBAOOntwIS3QtCCUqA,eun1,SILVER
Sz0KV1uOkU5jr6JDDR8k4WpKOVt8OOsMHrK1Yqug1EfQH5jVQA3lv_fUm11PAyWkqqVFRSnVBVuM6g,eun1,SILVER
PjohVyVlJEz4D8i0_AQbaHA-3M6qKYiwioabcNLSo-bqXWXPGcg1hRBfP_VrQ0TY_Xux_lSKoY49sw,eun1,SILVER
KCaXecJ4uuag4Q9z5hPevzZvjmOUkuTSzxvT6wIdnyyROWLNjp9dPGgbGTjXI53rH8hhlin_hn60ZA,eun1,SILVER
uX6muGs12pEiEs9pngCMKIVT9AQ_lzuSarpGLuHHLQb-JIWEDjW4TQm--JZoVmLUjAdCSPJqvefX7g,eun1,SILVER
6RG-t7t_jJLxSY-k84ElOSkCZHSSe6ECV-yA9W9Qtsn93CoYfER2j9zDbNrGFwpCjCa1Xj1dUISE2g,eun1,SILVER
t116uBBWcJi0fWTOdrFM3S5uY0C72HZUCpzMY65HLNV5ukqZBxKLPAAVLqy2EB29KVcQBCmtx0ydzA,eun1,SILVER
HwQA-ilommrnVZ2rEibNdpwaq-YXej8dmBZVjNuWpoeSUgKohqbbXeCOE6kd2eiN7HHrBXgCGlbISw,eun1,SILVER
YMkfaSa22rOLtuTX4TUMuIZpbCHX9S7VI5lH6IFnTjxMJilEVEzF3z5s4fyewgmgIVNhoVKKjxgteQ,eun1,SILVER
jG5SwJi6zTR5-LuwPUXGbBRJBxjVYIHxOe91ekwKRBsVdZZHqe1bXLMorg4OZerMAzYrgIdomAyiog,eun1,SILVER
rEovKSS8z4wyxJmMWIZIQwkLPEZxd2Drpy993mbDl7R93xDgAbgOYKq28K9ohSWsFcRI6-Uwygb-8A,eun1,SILVER
gX5R-TDjBwV0GwC8r7qzCAIe3Tz6LxfqLEiLP0ZbF3kKRXy3hHJftVOsWz19n-vXXyt3Xrs69vd9OA,eun1,SILVER
ivt_oYeWGmieh4OqqSPpz0p-dQzf6H01zOnmAWlyGzQLwqNndHR8vTGFBLS0-9NfoA4gDKSuNx7Lag,eun1,SILVER
Y9-vMl8ONLcZaXkmUdPMRZRPPIhLLNoREdk92xfOmlCnwLJPxesM7gHU79-7bdQcic_A5GQ5Sv5B7Q,eun1,SILVER
7z_yz-6HrrfoJRGq4UsmJBkzLKFf04NGP6fEiE99wG-aHMZNfv1fvop2st84LlaUZfGX6jrbN9Jbzg,eun1,SILVER
QnADmwvBO6iD1w8hDMDaavzg4vAMsp92W9xr5aXPAZ9-VHYbYg44DgpmEVLpsS8Jloz4GtMZWbmixw,eun1,SILVER
azkhztHMZBCcT3vJ4vikmtirIO43he5GunQsaayg_idVXVtnkL702589Z4SoI4sFpdRKe-A_FCq_jg,eun1,SILVER
wwgLbNtJIyog6k1J4dxb1MjuxDfXLB2F9xycRe4oKDaeTYY1jUK-__-0cSQtA3qHqXDoMlIrPdVmmA,eun1,SILVER
IaAaGsOcvzbSs-G34kdbkg4q3FTvkCASji8XbaXjtp9oFkyU7nkI-tQG2cDqyTU77hg_lQiDGuk-zA,eun1,SILVER
S2MSOj2PVm0-7QxJhAjS3t6IbWNhyWU-XGzXVhJ37IJlLcZTyeIPGcBeGGV-l_AvbL5Pp6l9EfJvWQ,eun1,SILVER
omPiaHuogjQLHBz1-OkIl51JsBw-GyfPvOMvZpDs-fuwAEWb-eqk1W2M4QQHkOml8AItXKUWOfQUZg,eun1,SILVER
e-z2kGd566vKchjckEnucRUL1PDjAGQGldLbhhPHxC3Drbhl_rMhXKJDNoCuJMDjb7fHfwcahLRyzQ,eun1,SILVER
49ENsCJ8o2ltXNFqZIdkNKs2I-Q3NLfj_0aE_Rgsgr9zj0nKv--VDT8Rn3PXIGVI9T4sR4cg6ZrROw,eun1,SILVER
eQitFRNISfGS3SPoZq4X1v21DvktULTVY1rZRQ7gO69H0bgVUMkCSiEc5xZaz2OAGMSIkf8RfAMBQA,eun1,SILVER
YvTnGtnMoluRnrDzH2nyhhs_OmT_6TM6KUeXB-VoAZcf4N6aXRuLSVC3CzGL8o7lNCZdAZJxMstayQ,eun1,SILVER
Yts-1OP1bOrl_VmpimtNiLOV-JYq4J8o7PT6I4YOAUvxEhyORUfufF6B_agRbLL1Ex2feJkcAJWJRQ,eun1,SILVER
NlGboDvkmrLL8Hru_3wDFxnvsFm2oGT4hvXaM5f_OJ7dotBTxTr-vxGSjvOtUoE-3C1r-P6dCa8d1w,eun1,SILVER
G3qaHKhRTi0ulZJy6zhxEB-BO-uW07m-TFZV4Icd--HVxw82BvUQ8SWHplMdUpvLahVlxgu3yUvupA,eun1,SILVER
7ijqpFM5rV8OAO6C_ipxdmUzRVdaBWo7SQxLWqoYQrhEDlAJHIkEFu1q8tOsAKiNqX99kCtD4GmjWw,eun1,SILVER
wssEWZxd9x0bYwjNXIBur9WE7_JwrVFoQJLB7XOt8lH9qbKoaVG35DkbkjcIG6_xnqBqqDGTu_hfgQ,eun1,SILVER
IbTL9BDBcqdhMZLG6M0z9PSpT5WZ8XhVKzGvqrSTn5evRzBwF7mxw-nTD4WWPzbH8rnxmMNCa3WGyw,eun1,SILVER
sWpr60QpNcZva8zgQGaNcfy8lqnMVEQcTzIMsDKYqyjkwk3e59GCRjT8etE3exSbEAI7WGbF2jiNQw,eun1,SILVER
U7ftY3eJoFiKopbhJgkGiCzjUZKuxbZQa10pHPfXrE-Aadh-9O8mrUUryHH_B6AMruIFi-vpVI0mGQ,eun1,SILVER
PcmbBjsy9h8cL561PZu_LQqzG-qEDvOhQWs8Z4y3tNgzP51tVCGiA00dP16QVrs7yjP9MktCrH7xyg,eun1,SILVER
-GflpF7k3ErvPfkman3jf-QlwDl6mvoVKMxEaswIiZL7YxH2sNVeR_-rxw9HQlBc09aAqRO0TNSqfA,eun1,SILVER
slJzCXGFkbJMSQ3KsWx8tuFi4j9cV3gKw-tHeZqkZtW0Kkyig7nCyrBP0yU1TBzh_VGKXNwuyKtcDw,eun1,SILVER
tPJAryJcaJHebjgf_U9vwndoV9OWPCcH5tPwI5AkSTVeK703PQkjs-lZzURQfpP-TJB1dvbuC6yH_Q,eun1,SILVER
z3ghe_5897XFrQRGv2SXoarydDpSyE4bbmdkrQlYa7mISquc8o37NxOBnEEAIzW3DwFLshWAjExw_g,eun1,SILVER
6BVp2vOx4AGSK5K-JKPP4kHnOCmzvR7CkZiyCJZKX0-225rUvO5Q6D8ZM9FRN4uu24X3YdvFJODlxQ,eun1,SILVER
ptd2ki_lPpmuMgitZ4URq2-t2OqwU7pUa8PK7yXPiExhCPI0QEx1k1gkXszHmhRrrqt1E69oBLK_cA,eun1,SILVER
IJdjr3XOsL0rwQ4UnqZRSLY1GueadiACpZJlWohb2R3tHCIZ8WnQSTdQZ8z7URtwP2FYXKanbNkjsw,eun1,SILVER
PfDAgqcbd5soBwX2c8Ac6TtkbtP8szr1LgfFu4fLAgdUAKP3aUcCufIgELh9oBNJwN5sSUVqslRG6Q,eun1,SILVER
1V2YX7RzXM2h09AODCXxpiaHokpXY1SrQMsqZ-iGHurKRvBh5q8yE4b-PmHTA7MVuEHcBVzj1zzERg,eun1,SILVER
FiRBW4j6uG9i8fMi4Sjtq_5eLsiUE-_vKdaZUoCFVoo9pBPu98BnW1LxYXYEanTYNwJTlHoqk5elmQ,eun1,SILVER
Zs1sdBOFjzKPfn3hDvKY9wVujaMjw6r4m1PHPPYety0hov4Mqpzleoy0XcuA36JCSEVEKmMlWrpWog,eun1,SILVER
bhAzUMGmHUZ1ITImTvk-YQTv1hcWVthFIVBCs8cJGp1hxY94htnWGB3u0BG3eu1OBFTHLxihCmIBmQ,eun1,SILVER
YaRwal8PxbjdU_xjEMb-LAWnakAmRiK6eM6_XIAcNs7hlizNUwvCezYiILI9Nlchs-0Luqw2jzVT1g,eun1,SILVER
rguJyLiZgbpPgiU6KvAO05PlqVwrdHWOl98-vSCrH3VQi8ckDFWofbWiuk1eJUwEbEwXA5jgWMeHDw,eun1,SILVER
81XO5UHgVSayVYwJdxZj2fnpb8DF7hH4Vu-tfQpJnfgFCq7VWqJt3Nbheqh3P9jdL69u9vO4k_e7zg,eun1,SILVER
Zr8oPzF6ZkyVvHD6O4_XmPIYAcFHmgHSrp1HRQ9r6k9ZQk3l0CoH_NItM2jYiozm1jlNNfTnvMaf1g,eun1,SILVER
Ai71xDlitoW9qpKzC22rhjppYTeA09JO4HNWKl5azDfwC2efGBCV4QQv8mL8WXDqzSUvnNIUVPoawg,eun1,SILVER
3Y4FVzNlbQblOZcFyrYEWWhPivsHkBOGbtp8fyqcBX5a_2X1xs8CUkYdCmWliAeOE988GQeP4uTH1Q,eun1,SILVER
2YZ6KYitmjjtud8QXm1HgFPNk9jxAA_FQmBSvLkwmYOZ0qTkMAhHHtMW73qk74Aq0LHlYrCR112--Q,eun1,SILVER
1-ay5459k6Ffw2YloKHjPcDlI0yzXAerQZdJi0Vw8KqLkAFj1fZpI57lQsA3mM6kVLxzRcT1O6djVw,eun1,SILVER
RaGYP-Q8IdR8HAu61bf45gL5XBWPEOYbaJjdWf8UwwSM6qwqQ5c98HqA1P_25w_eLIOZpDEH-OEKhw,eun1,SILVER
XVc84-hqJjWU7_JkA4kTI4SsCJOwQmWpF589HqsCYG6q377eLNMpBKxeRiMRLlGT8f6AxhAMjFHl2w,eun1,SILVER
SwVcrWyIwqJJ3XFN47a0Pc1Q50spbz2ziouLz-LudXRrda-yaLW6x8c0j6fTLojpbNvENmF8yelUrw,eun1,SILVER
p7_KwlDwMl6NIr0Mt3GlQTy3gaBD8qAmgkG9Rv5HUbgbMkrDK9RrKvzoIxUcdsAqmAushxvSUB-ZgA,eun1,SILVER
HD9GoelmkIueyEWQ8A4CQSFs1UDeCig-FHR1Yv6hHabv6SYM5nFFC5aTD0nd3tmSZS_Nl5d5-FeylA,eun1,SILVER
Zg9lj3iVoHv8ygHojSb6fHtfNKePdRfk7GpSoLIsnrvsSKHVZGD0g_92F1FnpC5EweARbbt5h5r9-Q,eun1,SILVER
mNbTBc3rnH9zjLnekcAL3Ls4w8-Rg5JEaKkW6wWWMhCp7d2gc7yXpHDzeqKwlhN-Pmv3BJw2-ZnPtA,eun1,SILVER
Dj64oz0_6myuJc3UzWfo3p8St4SL3PlmjUK1Wz9RwoyaHUtOw4MwQI40YmgoPlZPx3HApqvOyzgDqw,eun1,SILVER
Rt6Q67l3XYNi-dNe-vcJTbQVFNTEHSrQ_ykG0qT-iHCDqWFe4_TAXmV0Lkn2vHJL3SIDQAVWQngcsA,eun1,SILVER
OrV5jrmGUKdpupvHEY0dG9t7s_LNIHOIqz3DDNCpHJsNAt7i1DTQpGqunSsIBoRSEirY64D97UXdoQ,eun1,SILVER
fRT5Ex2xvH5U461BSn0rXqVS10yMmWOSGIdLcfnpQe8_v5QAJyZVHYgL3n81NhrJ_8SbGiNFxfo63w,eun1,SILVER
WK66qD7oD1nhkW2Bask2zGlIMbf9Vr__8rpyoFoovejLPchh4oCRrAKom7KyFi4hvh87GnPBxpW1dQ,eun1,SILVER
6eWx9TZP4iOK2cx8cEqiV6j3dIfvFjCQeDhD-muZ-mAAWadTm4Cd6aHg39j7SsCuklcuN4fOflHr1w,eun1,SILVER
t_MzKejRyUKymjX1BK3lX4mq4PnHI2rT4IA0aRC5k6eVZaRqSWGJ86SXMQYafGYPe6s_I6fwhu_6uA,eun1,SILVER
FcecTuZbpugPiw39lxuP3zdwr-yQXPCcsTPl0L5WMwiJxrSccyDw69g2uTzjMN_a7SieFc6UIXmSWA,eun1,SILVER
RfDl-Duv-k7CCwb-kOU5BJxiq8PnW9XwY31PSmo6ShYqcP5II27YHBL3XDuMf9hwbsdUZfCghua8Qw,eun1,SILVER
32oOLUwLZ3wF4dCC0Bxwn85V1-6csbtI1Zd7XoFT-5Cvfo9N8KX2u9rSFI4-Uq1EL7fteKjjgvDLVg,eun1,SILVER
Ka2CUl-QIjpsFy1vrH2hel1rwEzahuDkWBK5nrfdwsUYD4q2G1RLeDfg-CMcIAaXciJf5In0-PXs4g,eun1,SILVER
Q7F7vJG3TUeTdMLX1jH4jf2vqT0NCRQsAZQUNdJ0u4ORAOEzLpD_8jUyOjrKLUkedW8YvR_tvja_1g,eun1,SILVER
1QEtNaHLBCYG5wJAtqJ1wtMe5rjkkYOlUuZtB8e-tRV1F0pxC8B08nT3OR2UOJBezwlwwXHIOlickA,eun1,SILVER
DBRK5wOWkdy9bVKS3tcIJz3lSrIxUthZ608Gtt4jVgPnNQqnzLE1mIPC25CvvCWy0LMsUlkjYHSHUA,eun1,SILVER
0ivat8TmDogMgf49rOchQwSscnuJZROA7TxA7YEr4eKbZxsL_N3k-FvuUnf6By_J85-hUyllCklMKA,eun1,SILVER
hZ8pHYMnK0dnvdJiL7nZK64QUMrQl8ulYMpOA5i56-3wZEBRIdgD5fYGnfflOW7nxW8q21TesXn-8w,eun1,SILVER
tO6zWjHqeaEA4dueMQ_mFPdrtSjctIL8RGnbiKDitZTQgegufGucyy0AcDzlq7DAkC6EY5q3UC2xmA,eun1,SILVER
DmodwbGuSmyWDh1AlQemz9g1KQbtTQ1LrhJLBgoZwYYwsEgEKBKjEYXrIFdcRpw7DV_CvS-yIhUqnA,eun1,SILVER
GSRiQo0Vvc1aGZ_SJ5_PugjogzG1IYR36Rv5CXA1yttOqqQL_nsdwYaddoFddoaJ4bpUIQOcCsLDvw,eun1,SILVER
hhnxNYGBS94hJ_17Pz0Gn5VONTUbwxWt6EHzU-z62uEEgwv5xRRdfjanKYFEqrfqZ8fX29rMqwKq-Q,eun1,SILVER
x0e80mzQKT7EWyVtxgQ3gqsb8e8aKhX1nvrHYuhItGPsvAVlc26Mo8ReFLzOvVzuR_bDtt0DnC8P0w,eun1,SILVER
HB8X_FSTKFf51KnoUPuLoyqnKed_64uiCl2pYDgZRxpc8i31O8mXd2hukB9FLJdxx-egInq_vAFe4Q,eun1,SILVER
DZpAXJyMurEiy_caQZ2ifg-rfWqJacY85X4nqFzEjuk2lcWjLt5OG-rubQ88kYhjaTGO-k4_ig-AKA,eun1,SILVER
GwhiZL_qWBeEW8yZRu4k_tlvzJ6S6bNefqMT79h91KBdaeLBEFo3K57sPk3tF12NG-72gP5hFwLOiA,eun1,SILVER
qFSbDGUrBjN3QTiuceCq0zmH7T_mGQsKg01A0xYnFi1jtwvLAktdyQQCHuB55Gtxw9t5D8o_HhCpQw,eun1,SILVER
JNxl4bgB7Dz4Ua35eUhJPT7yvVuH-8ZusZzasGdD79n0rkoQJIaL_5hDB3kT0vv4dEBZbDE9YWeOTQ,eun1,SILVER
iIxrrOrhfo-V8TlORfvykhJfsU8RoajCUbaJTwXTE3VLjwduoRWHqF55oEzrVmXNL9nDjlSLSysxWQ,eun1,SILVER
QHoI9uzGZnAa0_jusnCIcQiaWJhabnOBkGmMliVKfOq-2_FIEcCoL1yYIpFVgKFj3pfnxHMVyxRfBg,eun1,SILVER
JqDqvC_TnebfLf5I8wZKOexU8j3u3L8YXh9A3GhvVhzGeDMbzaZAnBa4FJOGLy_UmuK-wnmF9gm4mg,eun1,SILVER
MKr9f7-uLEcgW0uQh_QvKKfll_UtY70IW4RQ3EtCY3zrHZlCQfwXSEfWZMYy3QjTkI8QI3GsARcCvA,eun1,SILVER
ohyuBxLSUqY_7HQ4W_tLQn4xjjAwliWQHWZp9q9WzY0LR1P_20wm0PkCSpJIM-E3cZunmdKR0zPjQg,eun1,SILVER
HUk6V__FJeJeegksi36GzYtDiM7VX1NNGh6-RHVsxD0TjEBY3vU0D9Eyk18ssIQqg9KnxTaBkZx7pg,eun1,SILVER
4AX3MdlzbpLDJtICDx_fyLusCrYrEaEB1_v0_I94sP-3Gb7rAyTjlr54GcqJcA_f1Z5XC8d6DFTAIw,eun1,SILVER
vIoCJyD8C54x81QIMfmwaGelcGoRqthTtGWaalS1QnCLrxkqQoWIDXYj1rKc1gHuDX-W-dn-vkoOKQ,eun1,SILVER
jgmkSCuQvW25NFY1ROtZQlMBpKdd_2osnQ_jgE8HNhS-pXdjeWM4rroM72DpX7lnGQJIdRCPqXHquA,eun1,SILVER
vSkZdYnbN0hJJXO-siONTQ06Fh80LgX5iVO0zY8AD-_SEdc39JQ5Q4WJYWqR3eli1pXMPExTeD_xbg,eun1,SILVER
53qxXh1xMu2TWS43DAm-N2rPRaVn7yzvij5YCLmzqCS5LD_mIFYTqY0lLGi9hC3WMfba-1xio-hw4A,eun1,SILVER
IzvelF9-v26swffxFL0nVlWiB_HJNzNXwGD_GV19mA4G_PVhfQisR90MFwkYUYWDM8JuzdCciHXorw,eun1,SILVER
Vl0WqIiL425ui4bWyrF7U3GTl_LapEike3_NwVaoTV4hcPJit0kKfZUWZH8tG7vZqRfHicUsRl4uYw,eun1,SILVER
RoG4NX-LZxun029LnTxl2AFZAy0YvN46fBnRQXOJWfDHnQTh3HIW7PE4ESg3Llo5n6QJuIdep7k4QQ,eun1,SILVER
_GuTMtuHwnpMjAwOUzPkjuG0zFHAK5dIiIwYTSFf8az0Mc3ChDYm06tqrSrpO1uoZddUZKVSgU7vzA,eun1,SILVER
yXn9bl6A6g3sPxu8Rq1CHR6_bD2oJ2g0EfUVbqeW64elAYoOXs5_t0u9001EnLtBjGgPKSAkjf9-gA,eun1,SILVER
kUatVXamc_dGxDyH40sIsHqJrLBRZ6XVKqKpy9TE3rwszCunEQs_-ccvNEup1qIk_Jq4qeKLiqQorQ,eun1,SILVER
Yfub3dMTq5ADFbZMagTidPIDkNK6scbJVkJhKbP_hqfbqzlQieA3e54ks5_ZarM3FKzirAsClLjaQw,eun1,SILVER
NBunlH1OFgd0OXURr_BX63NnYS8apwX3LfgSjCnOK4EP-OSYCuROm2yivObfgvxDUHQ2GF-08ma12Q,eun1,SILVER
KS5pedL-PK3JMcxIQMWX2wfddUsBQWJ5jsXIiPxNzV5hFtuXFohfnIUjPvvncpiXDAo6rFLzAVGWmg,eun1,SILVER
M50nWyHwKaSXAW0Zr54axepRcGhr-pKbyf7dfw6Zv4Q56Mu1M0vPE5QPc5AsU2s8XlAEq-mg_d6pHA,eun1,SILVER
OnpbSaBU3cTUYH4d4hYA9h7XVfb2r_q2EQftrXgbSFSSPKvKTJNDZ5ZGUVeT21Nz30SCoMrou94BOQ,eun1,SILVER
1jus7HrFO3k9KIwFKUPbnXnFMIk-hulgLSIQDmy75KlWyFxqNCPywtOaOtB1b17Bo0svzn9byT4otA,eun1,SILVER
Umn6opo7himPbEg8GIC37aQQ7G1XP_VYTOEesPEBfwtPOw6u-hcUXqF2-jQepR2Yc0qqTR0HiCdRZw,eun1,SILVER
MzcGfaSFJ0sWMbKd--mhFXtrfo2AvEr5e6J6frbohx5x8Iml3Ay66b_KfgrPUPWAoXjVdk2F_6Q4kQ,eun1,SILVER
BxMJukC8wh7CZYSdJQordc3epAkEh1VGLg-zn0SwMRdpNG4ZB_kJeHDPW-nyPm058w0Gx__1eHPBpw,eun1,SILVER
SyGezxNBAOfa5UeRYzykTCpY6o9AOSdE6ATrhPkoLv-mk5KCL5kYgSH45rsGum1fu4g7PCBJJzfQ0g,eun1,SILVER
o8Su5w6eFv26yixHecZRwCr7EZCq3Zy90ETRB0mpHMflel5MJg5GbG51v1wYGVDWkl-2dqcWuZaEcQ,eun1,SILVER
HwL4sI22GxGB63gUlIdaTB369fPI2-pGVIYCYqPJKx9F26O9wnB7YkmVvuQPBcWorh0LAwTb-yp3xw,eun1,SILVER
EJmVqJRn2NfI6fV9iFB_luuURQ_KnjrLEM8XI0J6DxvGWtRiezTNLy0DOE6bXHBLfTUgNGo8JWrldg,eun1,SILVER
NxOmXVxPwRin3PDmK1BycUz47GU6nskIfnOQIqo1CORGIHnR3IfubNfWqjTtcSIWk2ODhu9F60NreA,eun1,SILVER
sgg0kKeto9AqONbcCOFUZlyZakzSoTjlM0ETTD-BzBcsAK3wwXeOVfKR7OUMovWdejZSvNxEjJktvg,eun1,SILVER
Gm4dPIxfx2W8Y3Stq3QAJjKyzDquS_a_eVHg1vLNCZKZHdyJciOk6La9i0xx6MUQSXo_5v16K4Cv3g,eun1,SILVER
PjrydFCOBp3QQadEoff4u6QwM_tpxX5mvHSZdDpDA2h-1lx0M0vk5ym5SXvTOYocSL5db50tPypPuA,eun1,SILVER
j6BkOaM0taACcNhhGAWDQiJXc4AO8UBJ4614UU0EmgMenG-h_Q0xOJEwevKlVvpKQi_G0ZUj2lU_XQ,eun1,SILVER
byR0bgkvWexOOeZq4f0689qnrKVmTbQLvw-9EAXL82Nti6IQwOTe9eJDKEyMnLJ2h_0_sWtR92fwOQ,eun1,SILVER
ZRt5KcK3F6Hs8_p3zZ0QQr_qf3iPZ1Iyt_DXqm3MB-WkKyI4GZOrH-C8eJaOrC_xBVyAj5cZmsCw4A,eun1,SILVER
NUG2xwTOtLxVXmbDSUOkyEUfmVRMeqiVEt8M-4lAb0aMENMR4_vRJP1ZRkFGuZFnq7Yw2lHvr0e5qw,eun1,SILVER
S-xtraPHolMnv-bgOW7owBpgWnjNqZ-PDa1qejGKo6G3zrNpozq3anXllTZ2_zRpTokKiwt5UdZLWA,eun1,SILVER
25O2yL6UFJsq7tkHUwkYs_KkylO_eOqUkAHKzAzJffpvgWCiUHZ7EsYSLJYFFzuYbTcmqYxiGnggCg,eun1,SILVER
E_TAD9aCTOfCpacjvb69xJpwCO6jcW5iuMufn0qt5Xp_hOwxm7JtFSPiB-R045BjTvMSMQUrJnqJEw,eun1,SILVER
wFqUc5e-MJOKrFFYB9BLLODWp3uGFE7oTKugvImSOLc9Q5bGn5rFd0vRArDq29VK75Ai6V6df-f00A,eun1,SILVER
i6lEsyanTGa01snPPE41D-3K9LHVdXKK9h80wKbh5_R-H7HN83UdRZd8t0miK_QkO5O4dt8CIhGRaQ,eun1,SILVER
2f652svpQqWdshQ9yeoWOUQ9V3wXg4id52bdHc__ndnzGVJWiR9APMIjxm5eXvZizPVM9wZRgntYqw,eun1,SILVER
SSjlMFBWzsB7oTaf9XRLcEBflugYIQp7OI3_yB4y58EJB3YCFkyC4XlTAmnhKcoMpzy5w2bmzkAiEg,eun1,SILVER
wCvVZk8djjeYJeRez7qGjoh3xnNUHxm8aS1fQ2dma4LeQD2qEGgrNWPzUimxK99M7649OSKdF5YDqQ,eun1,SILVER
mY6xNaB455OSaQl7xCUQOd3relebeC4Ltp6N5eX1_9xY9m_vC09yKMRIVff7B8-FKqdV2-Chrn4voA,eun1,SILVER
SXPZ4_zkCYDj8uLreZw5Vj_KD1KIykY77jg4WsZyWns23oDlPOYJUvn1_GaGwdDmsgmTkN8jH0RLyA,eun1,SILVER
_sZTrHFo2ax6hKLDN2rUg6BMCnNe8GaER4nGZL5uCw9su0vs0rDhGmuxF_ZNuPpwOKpDN1b8E-NkJA,eun1,SILVER
_D5VvUQvfYisEacyC1qhtYvhLqRSwUuP1w7JBFyP_R4WHXXUHwJE1lMmx7KqXdAQRBFhrDkJQ-mtSA,eun1,SILVER
POa_O5GhlyCqIHOQ6IFGk_D2NKRVi2Vp9ERgVU3LPqdn2Yg7-m15X0Ca4ridcvIZJHiq_1TpqJpCCg,eun1,SILVER
-MAhHFEVSN8Ve0jU-1YFOIVwOKgcFMw1FLaWG39d12EkqFdlfxjEI4HM55JLdHPLvfBxYudM1dE8sA,eun1,SILVER
g_XqPjQJf5C71r1NakPqALO2bZRqDzhvkeBJECK5m3uujW36WZjdz7jzWRLNXFBJoWXAE3ZhIcCllw,eun1,SILVER
zWOhegnStaU6uhuVe72_1HcDo56zszs4LS6r9sLMHk5ENARtI0_JTORoPT6Zf2w2tGjY51Iw3QVYPQ,eun1,SILVER
ShYugZ94mEzztDYA0VFJH-fzoWeQqdg3QWLUTON12STnE5rYygZO0-AS7patYjYWa2UU-tqNqhoRUw,eun1,SILVER
fszzE2A4nWZvL-yhdPN_C0sjQW1E96maEIjtUhB0W4OpSKGjxwBZuC902HYvZsz1ufI_MGC8BGz-Cw,eun1,SILVER
rgwhu16MqFKVibmVPBHTWXTI_4IDR7QYejV2gKRGzgmuLfbUuw-hwDHTGTpYRsieTzQ57yUX3pcLkg,eun1,SILVER
ZqUrR0W4WZBfz44w1DOa-XjYAOsweZXIwmAJC6ODjV4RnLha9fJLmqQkB1916Vbn0UvT5Y_psr6Ajw,eun1,SILVER
ex8YL6B7wqar4tqeYsyRidWjiXS81UV-oFT5il2l-KA121pmmQNZmJ1bi85jF9BwVsfkpykPLRsUVQ,eun1,SILVER
DIudSQckbW40L_ehKlzhDQ7Gb3XRCYOmZd5FFPH-oGpeBgKLrzONkUYUmxDdRjbbn9seTanPLI2_DA,eun1,SILVER
yC5I_wi3XLkI0wUqG7Li5XmvXfRkk4RbDsmTn-99-esUyfu9qhs6l2oqk9lwqYxmWhx6h9P8MKc9kQ,eun1,SILVER
cgh-1XFDfk6hAzC0gyfMbnmBt-TnVOxcUvJERsM51HcqIMwZVsnoBjQRKJQF2mNUVv8y4dOH71QCMA,eun1,SILVER
AyUTio50SxEXRRLHc151Z8bFMBUDFXPrSKz0UvN0Gn4mVRhC4mYpzCPMHsNi2DvoOVgzPZwZ6SEhVg,eun1,SILVER
7R6qwRYgV9Fw8bdZx9Fk9OevV2hqHAQCxNcHs3SPwNB4mcCkt4hOX4s1SNyAZ_TYXnebwO20dzU0zw,eun1,SILVER
ZtDUtnh7hRf84FJFZ1jUl-BwmERsdi9LhYIdJuPixC-xw_1_1OOF6MGlAnKKSg6fyY1bmu5D-S_h_w,eun1,SILVER
zACRJjEfvop8j2ddBDSFANxtlsBqtwszafS1Rf_ysJ4e07FTmNN33Pj6ippfCwABZhJv8U_iBTBZqw,eun1,SILVER
LQV985otuUwHgRrkfp7sC3N8vh5Sw-rdv5AW_Cd44_53PdIyIMPhhwGL1N_F_0xdoOhRl1jff8AcIA,eun1,SILVER
0xGt80JHjK-r9ktqXRS-_33dHQ5qrBjqkVgniOYhtr0OURw6xvzn2lypFp9rukwi_HLq7cVbM0HldA,eun1,SILVER
rifC7TJ1cgWgn9MMboQO8kjdvZgrmI3cl7Mc7fRE1VqctqpKVDt35Up1fSLg1djSERE4ks96nP9Otw,eun1,SILVER
jiCHX-kABTNtWVLSEDcmcU-yIcAJ0PzxjK4w-Zvr5gt-Mi6xgVEQmcLu6Zuiwd3KiITny6GFT_ghOg,eun1,SILVER
Ca0qIi0BYIjI1dYeyn7aKZvTMMXf3QmnkKHfh52r0POXV5N64muQ1aBI_4x_XqFDeruSj9PWbv_naA,eun1,SILVER
0-sEa2zwtxMCHZVycQ8zYkY3C9-mk905FHr0yJl2itCkqsV427YKxBMcFwTNxX9Q5CW6W4vjQ4DZsg,eun1,SILVER
umRO-jZ7ZyjQaWkecbbhtLsPhaPeb4mXfDku6h0UBomez7wOZeoLngFsESsLi1POtVgL2J-G5BbHyg,eun1,SILVER
AS8CdaZ2jXc1sm_E7qIZWLGtmhCa9atBrwBkSHKAnpsEmsxqbNnMPPSZ69EgD9YJwru6A3-erapAzA,eun1,SILVER
L_eEnVNGPXWHbK5h3G5c88qXQ-Hl3neTiZOTPIwZHdm7fUvg9N36_dC8FObBwVHIHMB5lfKpYMOhig,eun1,SILVER
SSFqJhH8xDMKxDoRPZj3XsJKF9pQ4Npg8Y6ZWzJJaXdlNGCp_-Q8K6brg44zd6Eg0J8j2ldpuphdIw,eun1,SILVER
o3_F7RF6wgDdLnmCNMf3zQsuHECgcsIkJHAhVMPvPXYjez16SEEdra_JYfAXe3ejm67EPGMrqpIo0g,eun1,SILVER
LgFRmomuZvgyEKa3HEI-nE4rR67_jlwrM1Eg4F75I_JAVu-NmqYhKlfIR6xpFa54hs1-C6P1qwMvNA,eun1,SILVER
EiAdPqlgALzukF8SUYHti9A2YdB8tbYMlHTjTGeyOkByxU8zh_I8Gvwh0BAGscjCGzjsV2J5u2y2uA,eun1,SILVER
8Ov6WUIu2kuQu4FhFl8uFfdtXO1ImJBpx8kFHOoqP2rs3snjKCBIdCFzO4IOyN7Gs8wVe7Y8iEffGw,eun1,SILVER
wX8SdeHELbwuyT7Ap5SDgcVJjPtaCKDjILeBn5sR5gK_lRWPvR3EK3mg_cO7YxnBRz4Gv6PeutSmww,eun1,SILVER
dZlPS9Z4rxF-XBE0f-tHekQb5B0afH4y1baT1yCGQFQLR50bo0ylg-sEMLfU8S-Ksan4BEURv5zUtg,eun1,SILVER
b7NPiXD5-glK6njPwKJ4txmyNnnPp520inBP5Vma6fWLlCcG8bfjwEk-0QY9SmFuLmLGQZswbs9QvQ,eun1,SILVER
u5LfdKtK14S8-rL1fHJgZ8GZe3ey9MliNh3ybOQiOR8OBRdmNdoaWU2Ve4_zhR3AA7Sps2V9hKIrFQ,eun1,SILVER
BGOCpskPz7Bs1hU2lS_flNIiHC6KnVURY4czXn7PXq4GwisZsp8k62QRNWc58pS8MW1r0SWAC19UGQ,eun1,SILVER
1iwwN3kXIUpctt67xa9v3usDzg2ap4jQMI8Vknq76FGSA_Pm7VgPAOz6ulK8CgMjZ3Oy0z_LQQayPQ,eun1,SILVER
NpA4bEx3wYnsdHs8_zpz0qTLPlSBw-isi-U_tI4vNwVn6mSaJd9sM6Kyv-X86sIk1V82ImtCkOkm9A,eun1,SILVER
OdxoqWMNTlHzJ7OqqGvYzpaf-4fhlA7tXIr4y4gLRNA3tymLHKU1O41eL736-QoQReUedm6Zt6_PiA,eun1,SILVER
WSQi8evPWBJSVP0mkkhLqhXntVaetYw5bNK0sibl5jsUlmNF77Av55KkFqeuThyZl2r6WfsQcmkh9w,eun1,SILVER
ubbm7z3DcewDJS30DXMzfqBgckhi-L1u4JZTlD2_Xa1X3ayxZcqYT4-0NX8nCG63mZpPNWO_e9UTsA,eun1,SILVER
j4YCmEqpnQEUramjSX9LqPaRMKEr0n25fF9cjFn3c4O6bgkbovMlJtNQMkazV9oaFFeyS6PYFUzemA,eun1,SILVER
uD0ud60b4uHoc5MJxXHqr-VV2Ljm50fBJpFBCTnlF_9qvy8qdYrHSuou7usmsu6EmngqePmdZj4q6g,eun1,SILVER
n0P-pZoqVQS0PUoKkOJEcPTeaatkpqwtBzdEGj3QR1K-L2oGWGkbXqnPr_fQf_OX1mNWQ2T2YKeHTQ,eun1,SILVER
ef84iqu0EiGILSFJTbOtqSrcp96d-nKuAfLTmvDbZ3WU351mZla4p_uFHTQW-Fc2U5p0qA2_3wnmRA,eun1,SILVER
0XvWNNZfuv8OO80iL0Hu6L0YN2MisCQbr7U21kc8e4AtE02o5JAW4IrreUou7y3_uAIaXyfmd0KO3g,eun1,SILVER
ljQwvT-4CiiSGF-a3RYjNb_nV5N5sGFLVAks_fgMzomAERC0gqAGAz-JnqfOvzvSL0mJ0Aed_x6HTA,eun1,SILVER
9E64V9SI5awfUfHn7qmzeGekngXp2UMLMeyp3QTF-Uw9m5rSeLGPMqnE6HHVXzxOwSea7sxqhRWp_g,eun1,SILVER
KCBBLkw0pg-knnYDgX4-J5WwzPuasomPj_iDlS-S4godjdBaVENzEqnl9baFqq790MiF4tBvN3RYkQ,eun1,SILVER
Nb1yBxacr0NThfBqfLchzKA0fUazrU7BNz5k6souGJsjbb-MiiegC7EqIa1hBi5eK9bzdQ8v8bj_tw,eun1,SILVER
6imUtR2F3WsS-kjvBJ9Jof-VzF3f_E30iwQUxnP59c6jBzT7H3X_xIOmm0QSDzEF-B6KlT4RoF5deg,eun1,SILVER
2KxAmSjlw08Uc8oQikFXm9dV56mPV0Gh6kXAACj1ylfU5DuMUsHJXadyeQmxjWe1J4Ck-IETwBZtTQ,eun1,SILVER
hw_8SS-yke3LqzIWcJl0mPSF8w1DlrLjH_GBMPeILGuUU2pHXlb8d4X_fSV8bup-D7ZghvNww50eBQ,eun1,SILVER
X11AXCsWdk2IVNVxbIPEI-uuaYuOsecb-Gi0OARSzlKCTX7Axnqn6SVgdoAWzyBkwUfqKaUj5F8dmw,eun1,SILVER
fissvEQ33frB0AVY2H6h6mWSTN9_IQQYNT7tmeXPsnR5gkQ3OFwLNJDtTGiUkcSc3fBbGYGn5n1C-w,eun1,SILVER
YPlVhbD99EyEbkB54pdzJkM_NM632h5qB_Ddah82FsYjzCM0c6P4i59dHxMV8VjjfkhjrG4Q-sHfxQ,eun1,SILVER
0cElE8m_b2w8Dppd6CM1x7ZG_vsZxfS9-iiiibhLGIuWHQa-MwepKkM_oJSafOYM4oNKmAJ2TWNOLw,eun1,SILVER
wVyzQ6rxKijOVoftoh_L52faEXpaBGrvsEj5aS-ga-jOhQuXeUW5SBxRU6qX4t7qLo28XxXInS2yhg,eun1,SILVER
cxNUZf5OcOt4QHofa85xkRHbj_Kv7yUh8xHICbPOvGd-42PFbhY8izRVRz_Hk1kqv42-NrFmlo0JHQ,eun1,SILVER
HqM1UzpowOdokbevADUZx-3AdJPY3Yeu3GZ5rvczeut1zChX1ByIHPIO7x-SL1ZIgaMPqrFUAYKN4A,eun1,SILVER
_Tu8L9UiedRCNWbI6L8dg3tweQ7NwlVbR6CIZXYqWoxk5sBkYfKbkp5QX8Qv6ge1KtYxE6IT6g8dyg,eun1,SILVER
rw2pnIoH7_GadGs_vhHvP4jKEtMUCaueSi3HOjt_VDpLodGaUimYhpyOXMvPhU0hS8nU8uoxVNVblg,eun1,SILVER
jc6z10DDrX7pZloKPWBLZoUFpTdP7vzZokiGseA9NaLTDrqb3MRrilhxW7MRjw8Lf1G08Ef48Cw0LA,eun1,SILVER
aHH3Q4tk9XB_g7mdPFizMK3v_QfdULAks0XWJMoFbxc2u6iH9lQW3kYyuIud4TaFPmbnjlBps5lJ8g,eun1,SILVER
ADl4OHSGg-zA1acQvYSyeVGl5nmTEYvhuyZuyTLV0KDqqCrZxCZTRGCtRUqsoMfvq1nGun5gzu8j6w,eun1,SILVER
_b23Vn54K0vJll1I4S3Krni8-IfNMVxWcVXoXnsQscDboGCDkvBlLMezXm6R51ZNI-yz5UHWsYFbAw,eun1,SILVER
YAfaeoP20mEl18eOeYfFDAa938OjgezthBopZITL9R6frErroV1jtULWpkFxWFRAAJHe0F6P3to_4Q,eun1,SILVER
Kt3PkW5873JOnAF9MEdgHTSkT2TlQWw3F5dxtK3cixj5XufSfClpunwbcsEhdVjiBlSMSqLNmwTyAA,eun1,SILVER
PIKttnbJITyxoHK08G-andirIM_zxlqiBfeq7Wa_BTymXQkGREtly_hbSgNtsk-O3RJ8j0zPZU-4sw,eun1,SILVER
fXMiCdUp-8rIfsRUFg6xRgbPiO2BsF2m7QI7eTWmqsrv_jeLZ0sHFC0f6jskc8xhEwL330jyuF9zHQ,eun1,SILVER
QkzcHnBIbphDyi-mbz1in6iZfNS5eEQwOwxM-7b1436yj96woybb4h3lBipmaMvhCqFwCZmj4nMIKg,eun1,SILVER
tOaJ8iuQyJNd8oOlDVlaX1ZGN71j466vA_yKoz69vbRPdRDe67VPvfWlUlos_AtAve_KfS8aEsXCvQ,eun1,SILVER
wJ3xjc-EPAYb1lTGAHCDuH4YgBjOAieFWVKg1Uzy1CVQ5Ax3vpPmdIx-aHwEmZ6yIT3_4WMDlgS1sg,eun1,SILVER
g6bmrd48oY26qhEPmcbtXX_0RvtKX25ubeySPCMYNanG6Gmmr5sDkT1YH6ztid_BpoRRoNv9bIJH1w,eun1,SILVER
J4XTfUq6aj93ju3EO_7vCTCRUIeuRYxLn9x8jCkTywDwjt47l7aKoGFpZLo9_JjK-ZHYlNzkOn4pVg,eun1,SILVER
kmJuqSQwDxPtBurUl5cvd7-c1alIZNRIrq39ak0jp1U6DKJkZ6sHqs92FxQ8IyK08IOs-F5pS0ewWg,eun1,SILVER
ZBOqgepmnOovMRUBbAkPHmR5Rzm9gRJUtRngzKOvek4BIa_BVIanx8jfBtnegNlhiDwp7xpIkItFfg,eun1,SILVER
JEvMwezYtX1Ni07CEUoxUo75EfpyHf6P-tiLd9O7rKx01wHqkt9v_f8xdJLEaKzX-mkONorJeWHI7Q,eun1,SILVER
wvUQ0feuYG779ZUtPp39newrXYwYTohl-4lvBISIKiAFRn-7lkiJ2vxihYxFNYsjMgfjei8ayYGGwA,eun1,SILVER
lnT49ZfGQ7WJi5O0Kz78PMnqtgEMiapeoiwO-QkEdgoc-P9JvRXsjMFDkW82LRWWgouBQxkDZSfwPg,eun1,SILVER
nKRSSgTvYRN4-J-C7G306DxqcXbHqOeX6z2Ikh4u2b4Wg0HrYVys_XQ4ZlG6wBMB_MFg6fSM2FqPRg,eun1,SILVER
YNE6tpUdktglAckPNpJyaU3NmJ_pnWkaWmdZJ6IoFQ-9LtEp1EvNx4j5sueqwsOUXIGVNXEOZF0pDA,eun1,SILVER
V76P-1fBvI5AboxpTQfMKfpGM3FmL_n4EIiv983N97RLu4e-OeXYM2o8hL9dJzd--EmEeGvs6k1-iQ,eun1,SILVER
Kys6KrS43OoL7i4C05oi3BAfBlfNEOhGenZQlNnNpVzkocHSIbp-8f7reXr9cS2B__YWqv39Q-2_YA,eun1,SILVER
b3QHk96GqxnYhCjNtltN0JBrzHnrkPgqyfA6SdSQ39dPWAGXwKG7lDcCdQou5n7jIi-OssRrjNVbog,eun1,SILVER
T2kVU5ZluCDV8vOs0EmF5MX7UeeVm5n_6DIw9SpttMxbGNyLVGF98s45yy59NYc86Rr2UnlwtFRhMQ,eun1,SILVER
PK4lPrKSBy9GEquzyazwke0Zf3aOJ4bwlajv2Ldz5EleWPSIbtWW7Xbgyvwg7DaqqgiJrcgih7SwBg,eun1,SILVER
dpzYvBnwXna-x_u4a1Fi4nBfExeyg7QjtcrV-5EIySZEgRuQbSGJJnv3COLgMJY0ZGWhHLGD-P3WoQ,eun1,SILVER
C3WCF_gPotg5NNm3NLJx-jxFez40T9XvFzT6ZekjidBIVsa7jj0_0nZG4jbqYDrNOx5UtoVzBTtt8w,eun1,SILVER
CslhiY0Ldy27FD5XFW8SqnIcMiU_xsXH43Vm_241RCu2pEfROJn6JKcG1jetToZ6wVNDq5eu27qfBQ,eun1,SILVER
lUJWTfVoHSkBR95xQfcXjiGdkOkuqC8ARIb13XnqsNmNhIDM_pbZlVtJdKYdNAcqnZSZP0AXs4m5EQ,eun1,SILVER
Wa6eXyDiJ6rbZtKZGQw-AE5Dlp1B0JBrccJhfD3CMRfwutmNjQK4LWlYvOvDo0yKjL8-5c_61zy_hw,eun1,SILVER
2BuKbhyxGINRKkQzkVFdx8dHBh_nueAkLuL0CSyrNJ142e3bU2OufZuIu0f_V4PlXfCCDwJIIOPrCw,eun1,SILVER
znFizuRQS40_DN2V44eTZ1OYbNH6RUIuBNyuw72V2Rel9GYb6tvzKPcMVVwSDydylOJkISDfm4WYzQ,eun1,SILVER
4N5UEKr98g96IOx5PyoRBIgKbo1w3CX2mYBX-zQmO0A9gR7e6UVRpkGw1NRKX4CQ-TK9BhiYywBMAQ,eun1,SILVER
E4bbv5aXNEPS4Gh_QDwp9G7G-pwR3akGzBIRIZBgqRlU9-F9oSL8RHkV-zIiZ8RXMbFZLRsj3gsuUg,eun1,SILVER
7TBt8qswyYCKxVgAOyRKlQ6xX--j6aGWDlhW6jKg_ezWlbm_pOGmTX4LCEm8wnwJjkXOFFtcIhXKEA,eun1,SILVER
j4Ixaqcm3VlTfixYgnQepS24LDWdRI5kWvC_ioanwwstDd9cUDFtCGQBNV8Uv3o0zTTWiTya1XxiEQ,eun1,SILVER
GAL3rz8ssha7HGs3iGMPJOM2Y2zhGrhm9HypOxpgf6sb_czmeLK-h67XlpCpUe6Ipzr1blOdnOi14w,eun1,SILVER
8DjhNGRGzaL7CwZtvVCL2q7B3DStjDBQ-5NVuVm2X0f9FBdHiDY4G4ba3Iu69vnUL8LOSLn5OyqdeQ,eun1,SILVER
i2TLu4-sLwpRrgzGgh7YwgkcXPfLse9cuaQjeiURYJOBNS6pbrZAMBRGaqOAQ4quchV4a7o3ZGZX0w,eun1,SILVER
-PYV8F2rdfGh7TpyV6JhVqwHQ2EPJ6dO37_EuwLm8rDJRLdDItXH5N38Tc3PhVw4sY6_JPksS-Qu3Q,eun1,SILVER
XqhAVhWHx8xFivI5UIpKAMg60E55jaodK9p5Wxl8w0kDbMPOjkAb4ERq9p3OSSBx9U0ymXzz68HCnQ,eun1,SILVER
Cr6w4h9ATJItNTB8SjpR9oBDaUJ2mPXLvTTgfjksDXFDJT80iUmXHRGWh7of8l54aqtU1uGBsgelHw,eun1,SILVER
_sEHfN-J65MMVa6j0eZzjfUcv3gNQbPhCvTIUxjlakt_M4T8LB_5g-1_XgmSNtnk4LOkBxxQyBolkg,eun1,SILVER
md0Jk62OjuA5XrtrmSX-Yd7h_g8Rn7pHuuS41ZsBvWOCpEAyOFx6xJ6Sg-MzWL8x-wTiyTaNimruZA,eun1,SILVER
_WWKgFBWEJhCNYuSM4U7QcN4zUdWCp98gaJGqCz79LhNC_ndcAj-cH6VzB7nJ9bdc8oJRI9v4HOi_A,eun1,SILVER
ku3ZWKSpIII8MHtxEKfUNnH4l_bfxQOiNtTL7wT4HwyyuORMU5-psZjxWqvvPvw2HnyCWKDveSWVnA,eun1,SILVER
hl_CkDI2LVJbahnr7Lta4msykC44WxNPdddB7h_euiCrek55_ugvaac2rn_YcOIAZ4tpc-MKveuYbA,eun1,SILVER
haHfBzBxTBkrbpBjClcMmjZP9P0UZ25S1QfG6rhy3k3yWokntxxbPrTpOyQ0R6WT-Yi2wEEpe_IDYw,eun1,SILVER
S_4KcOe4IGvswDhiafbkudQaHV30s36coIKt1uxDB0f3V_36Mw2ZrhB97TchJrTln8yN29RjM3_eoQ,eun1,SILVER
ArrUu0gRt98PAvcuo7RGMo94F0wt7-iSPvpcQfcyMES9RaoTPyFfJZ-kE_QiwNxGMTby2HOfcq7bAQ,eun1,SILVER
kkJD3xC7Zgx4Ss64imqbBi5t2TO_ZS38I2b1gBxiNYkOlVTUIoz20qbjaii9QOXlE3hqFZwZA0SeIw,eun1,SILVER
pEIfgKrEHryz0JGraOXHg3OMFi9osBC2MTnNNJOKO8jX9JyuolXZwKLGSWr3w8hUDUyhqBPpW3mT1A,eun1,SILVER
_YFBQWfPJZ631kFfb_iFj3PvZ8xJH7D8jeXnIFM5JFofw_t9N7Qqg_TWgQufROb9HnEui6I_1y_dPA,eun1,SILVER
K-PwTOO-QUts19LEgdoi2-17KEV2XblFl8BS4tV9egceou7jbpNklUlc4wl-1dnh_yr4KGKLg1W0CQ,eun1,SILVER
leVyKGG1lhOSg1XLSesBRho2P9mj8JXXvHm1oQ6kDtbMiKkhahKwuNM7ABXZGWx2WgfIS_wGZFL-NQ,eun1,SILVER
1tF36A7_yIKm4P_UHHNsi4bvPfP3n1_xNSVZzSbWCMOWVX4UIJxSV48EdG6uPxqNA-A3jyNJPghdFw,eun1,SILVER
QgwroGQz4r7nsf4ITXHnwsUlJPD-Dus_FXTZarsVDDIg9yUMPgQt7J5fGeDD55ITAkvBQ1ir2BpGag,eun1,SILVER
HRcWk849bvP2Jzmr8HcsyERTad5pRYHmt0HVK-z3Cej5v616jCRxyUP-hJqoRhQw2Jo_79V76QA-jg,eun1,SILVER
vi55vbWd7IbzKTuDVoPg7XmUpK79Xk6uRP38XpthFPkYu563u5VI1NovOamUjU19YSZs2xC2CuQKFQ,eun1,SILVER
q96tqqn81eF_lW7rvwhEEKvked_XWJB1TZNax8ARmE1QE--pPPHpWy4JbN6D_B6zTfQWGAFaO0w88A,eun1,SILVER
wlV9J4Tkc447fc7RCw5CElE-G2UOu_S-R0yPU-2hFoaEkV2j3zb09xiZu0L9Y1HB8Ou0zuVRa0V1cg,eun1,SILVER
9JN2z-ZpQKLgKTM0jqrzme3Ih5o0FlJWe1AGH-p9glo2hHk20Li804WwkP1UviK1guHnmtR5KGlAkA,eun1,SILVER
WaHu59IpOURN9FVkqElbPaHotNljXs-2KgAVQRkhXrDHPVsJaFChNjS1zi2WlgqkH79xi4B4_Iyxbw,eun1,SILVER
nBwMcnHjzSPvB-xIBb9FLZCKe_gTELhHH1ccN0E-uUBUkJUhmBmEjgZY4y1Vhv869xrONhirePn3Ng,eun1,SILVER
V1BUSRoYq4Hr-OmYCV4vyeCdHFCHsEeJlR1XLL-RSR3tn2KlfHCEW5s__YrJMOpTKPC3g_p0joV7ow,eun1,SILVER
3pE1eipCeMBdCArNEqdKjVMM5zneS4t-XFha_arpKG-4i4fFRZUtVbqtFHYTL7TobS7Vuhgur51VSw,eun1,SILVER
kfxgNDbF5K3pXCaWhaoz-i_wJ8ZG76UXwz8TScIF8CP3xRrxNYnXvq8HFXUgGvwnTGTc2eXFthCEyQ,eun1,SILVER
ZqFcCnema4_6CBDFP6bQ1dB6-X4EiNI4bFAGrbmsZM8M1rBPp6xWB3KTA_q19yh4qpKZdb1fCqGddw,eun1,SILVER
tDyP-6B87cKQ6DNB0mO8TqCom1SeoeaiLVeA8MuhZUw23wEdxhXyrJACG22L5fUW117SAXAv0HSV9w,eun1,SILVER
Ps3SPnddCfet_XNsSLt1676H07CBKIpNUvfy5xmFn3Dfdvm286V_tOTRkg61141THBZHdE1JuZlfKA,eun1,SILVER
A1rnZ3qOTU76USlh-m-MP-XGKCWpr10Vq5licypq7ZxS7YekH8YhBxWUzu_anoAqi-E5tEnewjfu1Q,eun1,SILVER
fLc9EQBUy9GJc2oojox69duFlI0HalHGBbMLZ_5FV6LDnT4RMJW8Uf2ReBc3ALNRw8WALn0PNALtTQ,eun1,SILVER
krjvEpoCj5y1sSJiGWfBlWG18ume3l-lmcKGzeOqeR69dSjjV4KPLmbzYLB5yZO9CohpD5mSl7WlkQ,eun1,SILVER
MHuLZ3JS-W1yQJHCht-6H-BjeMAaDpGvRga9V6BJSYIqu8mviLmk_16PWTQNjog8c2OX2JqKZLbsEw,eun1,SILVER
_XHqERnDDD5Lwkew9B6RHYSGICyXpcHbb4wX7d9roWFQEenOtHHlkDYIw46Vs2pabxS11Rbck1oXTg,eun1,SILVER
UTbGXuJ378jYD6Z55_NxJK8nihyiiNH5zqA9tPErB1buXrWb-Rqp0p45XHZenB_PQJNB9DfotoJ2_g,eun1,SILVER
CkNPAj0G3Qs7lyh4Cnujjput_1rC5QauK-vMzHwU4jYGEPFXKd-LoJ9MCo3U3G8ZX6Ygd_Wn72ofhQ,eun1,SILVER
dwCprn7_PzAxP7PJ8salCPTtIhN6kMvH-5AI3gIK3LLh7xCBqw3tc4JSwLMGbtHlgpc8t-kWoTfeXw,eun1,SILVER
F6feHg5pMhODOZxDwDIM2CN6V8Ayt7A-A_aFKi_wgXaa6yNFOscdH0uHU3QP4JDCyfezwGh-XSg5Hg,eun1,SILVER
DxlndSngDk44dlZEX-dRhjcaoqPX8xbsxQrl8XHlzgieCwjW4k9RoH2GWtxjqtZdj5g_7lXO83GlGw,eun1,SILVER
aKbGTnBszYjbfWb0OHkx8SrE2o3ZqsKY4uS7RCWdEZJg9G5o4QRn7ejnCflwbZAh7YB9dEEBxbIgAA,eun1,SILVER
kfQRbqq2FjrSA7SRHOS7wrF6Eqwn8nF4pk3s2uUgGlDNxpsOsCL_8t1eBZ17LIYSn8PTEk-EEt4EeQ,eun1,SILVER
DbCR9CSqGfxjJRfZvTL5VhKNGnaRwFHzlBTETNl0TTqBMXTSc4BAsiGeBasg1W_gHf3HHwIwF3CUcA,eun1,SILVER
m6L_qRVWTF2PBe1dORPkKxpgl-BzHnnW3bRV_Ev6Tfy2Tv1kAE0y-00Jj-XgKKD2yBD_R68oaju9RQ,eun1,SILVER
M1LR_DSRQ22ri-CxKpvmekEqz8EY8In1b3HL69hGPOCQdT7aZ4qRXlqMq0GYSBG8my33YD9Avn1xiA,eun1,SILVER
F_FPNgurZuZqUSN3hTZByxv4oij3-b0xK30mN3wWcfcE56zd9QKDgVboV2kSdZXjVLlwiRZ_TvQ9sA,eun1,SILVER
3siTSBLFnrgXSZsQHnNqN5jUjnbCAZXdXfvKwB2r2DAneMUZdOLvmvbGlfKOGaRg_vq7_IQbZy2dTQ,eun1,SILVER
qvYQER8n7W2REHB8OP5eDg84EZHnvHTPiC_EYADzqw1k2KIDtL26n1ymYcPD9KL0NP4sEfjppgIcrw,eun1,SILVER
63OeRKMuOgCs59MX1akHad-MYFwq2BzyAOvZpW72SxZl6AAc7f3LZJeOSN7b4Vb9pA95PmEWj-QG6g,eun1,SILVER
BaCijiZt1vmOp-p55UN3UvftUH--tyJO3QaHy-seiE9aG4tZCSgKiJTh6jQDkbF4wyQF01X8z_jHug,eun1,SILVER
mcvG-qJ7XwMWN6O2jV3lciENTcuUroVCB1nJJAGuwxJrgoKAjwfUyJQHB7M8p4imWg6BJ3M5f1Qg6w,eun1,SILVER
1PE3OV918zAY6QsY_eo5y0jQkkM4kZiyWyVwm_d7YoYzKy9foLE1zpGRSyqJPcz_wT1G-Kd1OUimKA,eun1,SILVER
hFJVaosyBNeHrgb0DqSh9ZFC4B2LWeDJPWIAr7e8FrbHG5l-S8cUZB2-3MEJFHRkNSl9dPiRfKJ3IQ,eun1,SILVER
1O1YwArwrGPFg1uuGs4epD0dF0DbhgDK_81GPZ633i2KfzR33MqrXvAH5ODHkuuR3roO0VGSSynK6A,eun1,SILVER
qj9HrVOkOCo0Eue0G6dC_Ce8wAEleak0AKCUr3oNZAYE-ZyKLUb9KiIXU454g2Yosc99Hs2m5WQZLA,eun1,SILVER
pZ6mH2a5nmHs1F2c98jmOUBt5EmQWGCvmf_5CpxFF-_GwvCwwKOumOdD0ftI9-7j8dZx4d0odYJmGg,eun1,SILVER
08N1H8YDbqZxgtJ1XswTEKPxmdxsQuCdhi0DUWtFOf8WzLILmsKofWU-hMjgxD9pFiorAud7JwEtSQ,eun1,SILVER
1PwzgbhL0ZTA81Kk4R8RACns3Teeq3AdGLNvemtxhW7T7o2oAYV0E8UJj52iKzTqdNSn3l82OM4jzA,eun1,SILVER
bUTgS49UfPZv9cH3B5YPNsZpD7SXKvNb4Tc-v1ZjbDSQrxQFBfFOa3J9FICPCrf7O8ZIgaqnK62hMw,eun1,SILVER
_JhDrB7oycLg-exunsU4jpLvaVUAt-HVZD9AFLiow3XNSCBWohHJpJ7ttTjyZVXxzH1OkyCmDwPbzA,eun1,SILVER
en3ntrza8Ov_AB8nc5HfHJiyDJA7I2o2cJE83kK0nguYAJMcyKs4tj27jyj1Bt4ZUaPazZ-Ml4MyNQ,eun1,SILVER
lrfQLJf_hmgSinBSk4benFiopuflttes-Ni62hTW-EuWVy7U7Zjr4muP5AI_whrBwAj8qOihibcjqQ,eun1,SILVER
G_j1yBIpDoCUaq8JEUxyAXRq9bGRkwU2MAh5K7Vqc8noIN44swDIMCs5JQuKLtEHkpo2lL2ZUzI3hg,eun1,SILVER
5kySIj6RxI1SrMGl4aNpyatdujbimegajzfefTtI0ZC3Tn_wDwOOWU6wWKbFEB-A5OpxVhDcIwdsLg,eun1,SILVER
L_t96LGz4F7cGm7E13mLwnTqckRi4CtfMH91-OWB9RJSZAEh2cXC6fyh67uFtGPVegEHnFQlO_UtxQ,eun1,SILVER
FuHiC1om71ssk2Nz0GPptylI_xXXD5IFCvFtSZhcT3kKXpccs4xgGn42-RjO_8UQ9ax-2xYq0duRWA,eun1,SILVER
b0TsYmfXBv82TcskiSHWG7AkeGIpPiWK0NupF32S2GmqX1-jdIkMOWBJL0zkfEk4cNIiVi0Cu3LpCw,eun1,SILVER
L64UiyxO_lhkSw-w_xIoywG4KVjDsAsQDdybShcLBlQf-crFwyna8f9IA1eRTU06d1TJZidfdg1Ifg,eun1,SILVER
rQ-KoD3AY0qv7jLqcZ7MD9xQiwu4Hyqh3a1-tyoY12DYYYsFhZ6UrLUtfev9UsnZ37m1_NmNe1BFRg,eun1,SILVER
zLgCbq_rCnl7aleCDH4gKvh-Jw2M82Qhz9R4KzM2GYBSZ0M1lUIElrbWnIh86vkz2tyQhNuJQisaGw,eun1,SILVER
WD6UEvVRJVql-ojeJeRemnBYirQ6BV1Bl1ZVdkGDGOGGVYV2K58VRgz0DnpQQif1A-7b08w-PqxVNA,eun1,SILVER
V0J3A7soBUstawaczewkltUFgVElpnWl49WvgxpNV_IgG_EfRIyf8vTHaCeVTAqSDGnWyiX3I9g2rg,eun1,SILVER
Lx8CEzlgOmoAiXao-AaSOK5ARxPWbrACo42QySi8vRM-kId4326YzbN7xIzYAW04kfwP7-Mh2qUxkw,eun1,SILVER
rjYyN-CIsNCb0Zs1zyCpy5Hlktrgb4X_LEuu8-kctuh9sdcre8Tz_tIkxYq3SfdpMmV7WXX3VJo3eg,eun1,SILVER
L2QjeE6F9U7sM6jqG5cvqnMXaLoUVqu373DALeTqehSqnfEuRRxuV5yAi_myXQmfr_XJT-En1LtYsQ,eun1,SILVER
8ieblSlFor-tYlb7c7g4lNP8RY10h0Mqt3TiE08EBNS_KrwD4wgobeo6N7T8XC3POwFHAQuczRWcvA,eun1,SILVER
j7hOwEDr7iYXJKobHRUSPOKpSDDl2SyecTgGQA38HyJGmnc5dz-eqT3XH7LgL05enqxyVH5RjVwVsg,eun1,SILVER
r3SC_HQbTDXaZZsgudSMRYhwcYQ6wAj8E-mI1RWumYi9SrLIk5qYrlIbsSpRjAHxJi5VBoK32slzBg,eun1,SILVER
TAqNIRwSsx5lTHtl03EZ6c0tXimVZkVI1p72HcxgQRRzo1dTVX1piEg_nqAnYM2-txuHeXqoSVt4Nw,eun1,SILVER
uXuICOBY_NGGeokTfgHjENk9kw1lvgPO-NDbBA7AAStanqlUJYYAiYE9knHjCvljDnOo2J89AmAYUQ,eun1,SILVER
8-X1vcs5-c5lX6jop1Vz9BQ6ISZrQFRc78ZfiW8Fk25xmWrFgcC-Y0MWaMg-5md6QmPOap10nmdaqw,eun1,SILVER
D27YWn3OKKqPfTHfmyMhgZR9gqpBSQG1YpyN0hHUUCu1I4Jq0HwS8lgzu98woq20zyCKMwraKCoErw,eun1,SILVER
s7wJKnJ4jP3b5bSjto9mFv0lgbwC861Lyg2Qp315vb-ixTrvqfANf9RLVti7bIJEkgF0Gww0qo_tOw,eun1,SILVER
S9vokxtrDpJWiuFPDRkma7b_guROnePonF6gnwOjFRdkb_kr-9RszbOnanNHqPE-3IhkuYOv2WxVLg,eun1,SILVER
vK4vHwB4MDeoSj0MNX05V9pqDRiF89EpH14I0yhCKo_J5ShiNpDNMtzzelHxkdnz8blq0IWoFrTekg,eun1,SILVER
MRdrtguBgSuI5zmWWlbyJjrXOBVulVQB2IFsj3H_yEy5YVuVd27wcIxSkvXDrKh-JD_XvGTGaJ9k7Q,eun1,SILVER
Vl9Zprhev78bTqnzWrqQWYPz4JFeiFJh1AiCji4onLB4C1ijbxvflBRt1qXC9RpXYhSd3rhNFSvcPA,eun1,SILVER
w2ClW3DRqzE5lBF3w4WPrnZZx6plzeWhtt-oQs4Qz64uVXbwnge_wIXTrzpdCpzYF7KW2W5v4cLDJQ,eun1,SILVER
knGPFKAEaQP71qjRz-kQ09D0F7hgPRaz4ffCgx-b3lfwlz6w4SnphapWKJgNuW7O_nM6W3ByHUM5Tg,eun1,SILVER
Ek3x3lAmTsMwYee0sKaEYFDLpzLF1Jqvix-cnH27DxGIC6rk553pBpWEfKwEOqCOyjgTT-bLZ-twEw,eun1,SILVER
aoi8fROf49U7_XePdB2nyiMQpPEEYQ1eVGU3P_VdVUWmI0udKu-4uRh5epVPQuN1MMJOxBYD-d1o1g,eun1,SILVER
gETJMsOLS7JqNabvFU-6ROSLR7QUe32LcVicsne7BC1do3K0reE_sPugFxU4WHzIDDsYYvmq0yZNXg,eun1,SILVER
FjD5ymlqXqfC5e4EXycgIeUnjfRSwtnLZ2pLKtZAOEQF4yYSurlM7jSgFoNhPG3XzolerBV8Sq574g,eun1,SILVER
M7XnUnIjNgfDre4FCa19yqLzHRi5fDM1RRDluqGuo5TMqDaBThGsXt13kA11qmgKRhMatLSgN3a2qQ,eun1,SILVER
dZh4gic6h_NroMak5Du4co9j-TwuBFnzVCGobNKII1xwKjOLG0fQ-l9CAjyudpvVd4hF-Drcf9hEEQ,eun1,SILVER
YliTbtTAYqEXyjdP3l0Tsw3oDR8kU7vzHkTehaQ5aCxBLT1WGxH-2OfeyRTefS4xdm0_5SIU80qEIw,eun1,SILVER
8CvPmW3sZ7Gm4b3DGObbUfb5UHHzM0BzdjjIU6IiqK6g74R5CoM-BAI5RBuRZdX9VTvp-rBAdRAVcQ,eun1,SILVER
VRRBasgo-lX8zqDm_1H1WXiJvEHBPDTVyc5SHmULyu_A1IR0bdhQ-xR8sa9cU4kNqB3q2k0jFfJlNQ,eun1,SILVER
jJ0F7HP7w0K_WgMsxxEh12FiS9RjkqfmvhdMGuq_xL4mOwW9mQ3a_X7W3fbVtXH54WZmjIAc4ZCUfw,eun1,SILVER
5cgxu8h2XcCSp4kaRTFTUgAn02De7EppAE1JyFHHjjeGKAhjzJS1OGJAOGkIonIHS_RzWP3Sv1ilBw,eun1,SILVER
CaRghurkqEHsvAF059lFc_Fl07VtLR9BnItLGh3wKDVdfasGxU9BvCj3L55OKWDgi1Q24kqTCiGAwA,eun1,SILVER
o4E4Uo7sVlW0gbKw8TRipNcUmGTgqzZWcZOKphy4Jmvr571hJg_u-89oVT8FqAxstWt1Rz4YY164QQ,eun1,SILVER
KkT9XuJQzaW8RWDYW8HTo04-01Cz8RIbjY8klr9czUnKwTJ6qD75KAUIOjxFsneaTRFrSKUJrIOoRA,eun1,SILVER
XEi3U4uSosJ-0vUvlt5ASUZvZ-1l42THeX84MQr0obCD2_OZOkbDGpA4Z79oNxXcqqfmyKHD50lszw,eun1,SILVER
2QpQYcRoFAaC4uhNGrQwstEIu6x2ZL72o9j7JR-GHUpgsIhfG3EDDjr0B_ftVgDFPjJspapO16r5mw,eun1,SILVER
s429LIffF38UnpIlygAWb1eO45ufL63AefjpuXzBvGNlATqFh1W2Lykk8j2yLli1HPH7Kh3ItMkEHg,eun1,SILVER
PKkpbn5yeXdQgwSleOenJtJASzIZuovo9G1LiXG6_4FT-d8rzhbuJJ3DXulHIUjvgz8E30tXbluufw,eun1,SILVER
qZs0S5ddbA_APAOY9zqU_XwvcbciJC_bqYOVpbW3HXuuV5D0qEtIHFJNRqE8I-eR3ROGmEVq-mILhA,eun1,SILVER
cxmxvf8-W1fllT0sp0izYacGqrZ5DA1Qac-wHHZPt4amI8dac5iCYxUR8bV5q35_aAb_dezLBBw3vw,eun1,SILVER
677trYR2XqggyQhf1juEn0iMEfRmLvjJ3cSfaE1Cipv1C971wHAFok2_0xtL-bKg83PF8ydKWF3Vew,eun1,SILVER
RF2SUJouFulw_tjh8DHxGHpBvWIPg2I2-8pS-KI8DIwzjHX4KCJ_wtd5Uc6euKZ6pUa_fHzb_aHehA,eun1,SILVER
q0S8BdZnSY24fU8hA4g0IyD7vhfKuIm4s8fM6ZbRgiNgQjToStJhjDd8FCPbbaLwHg-S8hM0TnIVGQ,eun1,SILVER
0OjVwxQy8324IW0ckPenrYUynLd_LFwXV1uUaWky59ls9rE2ab8kpjlGUr9ocV8ZAxAsFZmB71fX7A,eun1,SILVER
N4fORQyb3SsNiNJYwZ6dpLaukwBtOa8CFfqI0lPtBtNm19SRU7oZXNTf0bI6qbqvoPrGMOZvfrIF7Q,eun1,SILVER
kH9yzo01aqZ6kCEKoihNyQfV5sZEsDGSP4pWoEUkYC8IOnZRS_KU6YFKvYBKgoDcAZkVvjm0-c28XA,eun1,SILVER
Ui2U2Yb7VIkfsfvCREb8tDLlqpscwzste6-AOj2kIBypM9uFtFyHgGBCTh_Ns9cQALSTu3Xfkwb_kw,eun1,SILVER
ZIZZfIFnujKz2e_EiC2FKUpBLHUegXj-kizNhXhzjBqlXgTL-oOgNmNc3NGSGjcfRoKOphTPAPLa8g,eun1,SILVER
VZ2T20bN8D6sTNFQxOdpFbzyuXmeVwnk3YbVvVJjajzMIsRAKr3UnVprVVTJkvOZDq6U2VdImvxqvQ,eun1,SILVER
t3G39N7Ctd39Vpo4QS7Jc26ZTrK9uFtFthaaINVv_SXhxqLMKKa1BajiGpCjZ_VGbU2IcGX-_rQiGw,eun1,SILVER
aooo5jFukt8le2UE-x4xpmnIfWu4sDLqaajMm3G4nmPGCS9e8kswh8jk6AfAhDQLwugVPyHkFoX8lQ,eun1,SILVER
IvfdMZX0AXH55XmZjEZGYGUk9Z7lWyE70eNrtW1cgCQK1dOso_zpAO1kyUY04UwxQw9vrHsPzHWt2w,eun1,SILVER
ttYgrtfxvvOPVLPEssLKqnoqBavpORgJaLPPAPZmZRNjhSlLISEc7z4TOMRu7ss0P1hbh9Ruq7CWIg,eun1,SILVER
8gVOcIbDubxrbaHmLidzEY7BoDNADZk8Er6zXKE0j6JGQQrhDXrcfCvBnWefPSSgiEPgj6JiA_E10A,eun1,SILVER
fzTVwPOsc1XNezDIMAay_cSIjxAamnac20p7gVZxC0nY-fjnJGk_47BI9gbUtoIq0_43RMMefvEhPQ,eun1,SILVER
0_r18BfJ0fPZSFDPQdxb1KjTRpdx_Nq-OhxX1HLCnhyFl6WG_iODPhPZJZDyEaOzhek58COly9n6OQ,eun1,SILVER
QhHHGDrG_avl52d-QE6cJMUkwDhCO3zlIlW2izv-AK-LXeeWQ9hgs23EB-CuoEMZQ30DZWM7HpJxEQ,eun1,SILVER
FxEqs0Ud9BjUR64L2KGEWih3CttxZs-6918R9PsRCdeJ_V4QkdyqwjAnbzgDYD4sA_UHN62prH6Kag,eun1,SILVER
Jnar_V3ee0IW8KzFFm-x82LQ8WC5NKMGb4kFeupPV3wPXpkUENLwM3iDHfSnZ1V29H27JCal_zvHwg,eun1,SILVER
XIhzy-lE530cfa9GKohNcM3Nt0MPZhwX9MIf2jeyYFUSsDMbrntOVKebJLJJU1mCHyec4HATAza_vQ,eun1,SILVER
tTf976PxwJ_gYJkSZ5LYgCpyWWV5MZKdpRH5KY3qGHT7w5PinL7ieRtULbXow_tyZLFUPecU3nfHQg,eun1,SILVER
QjUYZ6lrKWC58bfgUTwS-Vl1Mqx9eVv6GGcwUHF5ZptClpTt5y1KeNYwyyoMx0068jOncBXyUQd2FQ,eun1,SILVER
SCoJezjN3wWFiXwntqcWT-8DEY9ApI5C86sOnigXgao89GtJs_M7OxDpyJCvOX8NWmOZ61T8LF-OHQ,eun1,SILVER
1yuwHKoCskwlSxOdnnMTovEZB0xMxt7K7LqSATq40c8RYY7S4G_OcZ8MC6PPTCi3Kh3S0P8oS26IAg,eun1,SILVER
4XXM18X9R-P7lIThAQ9gtr8XbDJVAoeDeni89BAyEpn-YfcC8DiJEK5Vfy1O5_JfzETEN9YUesvKfA,eun1,SILVER
ZjPkUWvRHuU_d0yZRCCfwbHAIWuc4ofZF8ihnjsK-8GQ1_Y_Ye5IkWp4BK_ghVWMirHJ6SMMjMz_rw,eun1,SILVER
KMwrcesYdoPJoi9WvcpsZMwpxEoDVOz4KHRWXUCRmNcItqfXpFUmHHGDQX1ScewLTUb0N3dkREPP1A,eun1,SILVER
oCHhEn9CXznUN1u9hO6Db96kFMmLV1kPrJwu5EzAwFDF8s-aFDgYk8pJ5_gJkLCxJBpubaNQ_Xsj9w,eun1,SILVER
QFX-FnsXUePpR4t6blSGGpUNcGOoRhHfbEIUZOQkyUR6yS9qxyj5mbroe33nANRo2BiNvZmLT17Fog,eun1,SILVER
nuoze21rCugwOj9pbBf0ctQ6jFRITOmKtcNPCTb84e2MvwjaPiTMZSojiNkQ2nogPAzqvC7lQJPjbg,eun1,SILVER
y6yqcJedhzTvUW6yYO80Nj8jlufDUrVFEsQwPTqtcDi0-RhmOQaxms7m5A_EacBI2LapPL6z7cq3Vw,eun1,SILVER
Tl8t7NAK699UAPL_fQC0nvu2KKF2ndtzpR_ASDedELmUBif3ogjBRUmxuPhLq_jqvWKi3mz7gAF6xQ,eun1,SILVER
59_CO3RMtdULUAG8CD4GYV8OkqlNYsPFaixhcSiPMcvSpY12stGk63eDCWpTBq622Cz0xctNWNCl4Q,eun1,SILVER
8Sy8obe0fXIbvU4x0XVA8AhrZ1pfJAW5mpNJe-XbNlpVtWyVdwPCwyZDmOGOL7-GtZmN4EIg-opPFA,eun1,SILVER
YtytcdcMdcEMVvkFvWXcLVmWgj4ayg4hiQcXlNkW3YUSpg_WUWv8IWeYE1a0AwXqjg_HPzCnfFhGvw,eun1,SILVER
wNTgtPZXG19muTsBBj-ABt7oYd2GC2UbXOwikPx4gNDIek5LaZY2EIz6b9aoxD_e-mLBeL1GhqrtRg,eun1,SILVER
_Dzw4wY_ULRSWhPikNVF9cRXUivOeVdy5KX01mkGfeK01ayh2zwgXiJW2pGIWMv2ugkRUTiHOJHF7A,eun1,SILVER
PApi0qkTINgyMvKSq4MALsmcKV0oalA1OtWXjVZ32UhzrW3ceEfgXYIOTlr79GEsNAcQ3xGQIs12Zw,eun1,SILVER
2eJ7NYslj_TDzhwx6gipa53uJ5zwe0u3cv_zLggtTRgbYo2qx-L2GkQjq4BBNb554OALJRsdHQGe4A,eun1,SILVER
gsPbCPfheiXHoprQmVsADOFZZsQlTJOx0kdYl_Fknch1JLgwVZJpGHrwyQ4JPf8giZ6-QEDuSZ-y4g,eun1,SILVER
gythIt3OX3XMKD-hDH_gFGdmOTjWtPC43_BNS8WNuZp4QakKYg7RFmL3fGJX8kToERd-dsc3H51Ccw,eun1,SILVER
xjiHhVDHHot1po7NV-vZeDAAmxjrGHl74uculHEYVNl-CfnxAVJSZzLr0MjH3yEaTyRj-gpQjL8D4g,eun1,SILVER
FqyZ8bFGJ6SIF8klDAy_qSMVh2W_WWEmH-n3Rv4DTSoyr4vBwXNZFryct4cRaiL1yOWRqLtgEuEyUA,eun1,SILVER
FskPDTtpIzvx3LBiByPJrfSu8rgSkhuqa-kMnSzsdXZTTxnkWxyudqHkoHBe5LdzTB4d16IAfbPiFw,eun1,SILVER
XUPSneMaIU3SJL9KQML7TSs6l5BXbRIvh4JGoiQcJ6udgJlpVmsYirWQ_VN66V2PU4JI4Czsn69iyA,eun1,SILVER
BBemgC58Pw7NSN4vdgfu3fySs7wl7bbBOYedMKuN9ovYRkj0LtK3P7G2LAqw2HGTVEliVP5KcCc_Qg,eun1,SILVER
Rc_mu4LeWlzIhyjUiufj3l0O7tB2FdEtSf0No5MHf3TexiExe_gdyZYmK3RGgl6DKbRsyavF1jwebQ,eun1,SILVER
urI_RGmtm8uCtY84Jvs-YP8gXL0nRHEseQR-MWflHnOm1asNCEgv6Dq8fOXN0lnmCDJvxoXUUEvS6w,eun1,SILVER
M3gnj2kb5jEs71rjWGuQrwehwfuaR8xi5j1ALon7nqs4V-NdC3dQ1RaU7DUK14NI6uWzypiZMDiCMg,eun1,SILVER
KuzgNdx0RX7SM4rsqeamm540-6Pt_70GLMZOM3a-b8hBIxvWx0tLcTcuxN7Z1oA7mpV_g9l1wowGNQ,eun1,SILVER
a0MYbo6ZY_qYu94O92Y6MTJqC39-9SCIl3OlHS0lBwN51Oz-RVZtxTu1xGBhublAqDPOIVH_iaSv0w,eun1,SILVER
Ai6sHYjX3KgK09lTfj-gRBCTS4j_wU7HvaImfEuDolxJ44fMfAFzvoISEKLfIdrBIvSGpNQyFo6-Bg,eun1,SILVER
scNCBnIcReDtTurvp6naMxtRrG8JEcEesrVDTgnHpFvSnKlhQiG2N_y44iSiKtHnNNqMgwjTye4OoA,eun1,SILVER
x9-slBmsyvqaqKumMOLABx2iLTEi5VwucO3jbOXGzVSI8Ke6EAfOGlK8f0iIs9lw-p93JlBjRcrSHA,eun1,SILVER
CI-oIBSBj4URJaxmce1ZuTRjgL87L9O_OnYLUqb944Gh0oCVdofQuNHirlPGZfONNQpvZOQTRWjp7g,eun1,SILVER
leYukOV_BX3AfhH720dLgADQOLX1eSKYWMkh1xkieNltcLdl0iD8yKCDYL2Mq3_AicrblTGNZriaKg,eun1,SILVER
zNA0GDrQGz5hj3Wj209uORRX2dSwkweI9PX9mC0YVjXOkehBinpVWKJk1OJTmSoYE3Maok6qmp58FA,eun1,SILVER
mOkRFncEIu4ELJnlyBZJGIRfC1bvO08Vhn2xpX8u5F77Y4LI5OESVSAhUq8NFRrwEPGIau7jOGk4Aw,eun1,SILVER
uWeb_--sQLlqhfnRcgj3hSm5ZBm_f2uWdpoQXVn0g1If1mqW2bnsHrwOV1p0HwwIdtS9oknes3E5bw,eun1,SILVER
7dV_O_PRLZylhHFkmZQGETLJoK06twOgCMzRITYcfkWP5ZgOgRp-Bi-dL1fX5-o2xnwXuEPjjkxWMA,eun1,SILVER
bgxUiIRDzJHB8HeWTb_1mV45Jdt0VoE842pcg4g2meaULS4AmZJ86qCQeRzwxOE_eQxrH3UQpzOn6A,eun1,SILVER
LO-Shb4sIfKTNjISFHDD2ZxSycQNdFKq5AXpJXcFe6NKZOeY25L08BAoNeCVa0qe9ckHlQEoVR8P_w,eun1,SILVER
JtOuILry_ZVfLAW0EBQ0yL5xQvbDbvBzxoSThG9OnNs3MGZyDpYnrMsS2V9l43qNIP7Y2kI1vQEtGg,eun1,SILVER
Ns2fnsmqfGROotmRn4Etut_LjCdPBiU_IpnWKkGMgkBILe55x6OEIAObmyvL4zUDjexN_UyAIod9qA,eun1,SILVER
9CkvnZxivQSrmkxl3p2kRDip3rnShZnj5vgQ9u1SjMuZePyVUbFdOrvvvwS3CMTkOg9EybnAV2Zq1A,eun1,SILVER
FeeFYAbALtdmZxrrHY_ai7w4N4D8ijrPcTi0oC9bke7PSTep_sm96yOAV0M4rxgB26pBcUitJtCcAQ,eun1,SILVER
OgLWhDbhAj1LxjQ-7zLmdyR7u9_shTZ_UxEj2-Yhxsb6_2RqQyJXFh4XuWkTy3om-c8-V5ltUH0lRA,eun1,SILVER
byCzZrx_LJI5OFk6N2QHrWASK1DcWA4UhSbL2XYDXV8pKi1_-9EGH_F63K6h8yFfFDJHM8zVvOOcrw,eun1,SILVER
DGIH39oGJ87SeiLiQa7ZhhgslpwxGpKvZO4o03rj5u0OtVJFKjwJeUStszq85wY3NcUgGz7mmTtjYg,eun1,SILVER
KxsIvI6uxM7DHJu5ZmYBPj8eiL3u7k542-wqY0n-MK6XT0ImgPSA1RpVzPkj4keqNV-EYO6YdVOM8A,eun1,SILVER
1B3m6IXW6yfRolIs052i1mpimgANa8VvegPyeOXnupHyapmDaCQFdG3p2b6YiU7nPCdRoDm20kXE_g,eun1,SILVER
vHnSC4DWEs1sWWq8O_-DqETS_BKxbS0Ez2LYmcWCY2O1DVr3M_D51gZKZuLtySFS_GFFG8TMUFuo7A,eun1,SILVER
BowZKCau9yT3vEOLKBsOg_nvMK9qAMJR2yNvPg5xh6G1SNP-_v29OhDgtJqPpDcs4K4aMGHDK2Q25g,eun1,SILVER
vokHwjbWcMSdNTLtSNVF3IIqC-LJ6KLi_wwAI7xhxEDODyjfmRy-SR6VCbZkbjh1mGBOdgRMHmCeDA,eun1,SILVER
5ijQetsU3lJYUXClGQi-9C_6zmkk8WmEJ-fTkGk6530rr5eiqhpB2YrYlNBumW2c5dom-OLr1cNNSQ,eun1,SILVER
xk_FlAphUyJo6DNKVY8pJ6dfU40m3MlLxcPwHAajniCK5GEU8iBm42oW-jyNJxRaQ3X9PTIReFQyHA,eun1,SILVER
N1pzoWyExMA4jBZ7Y8x2T2qnenwMz90N3qmSsVYrTmhdUQFaRVkW8-TqqflPhIdlX3ieXOyOVMRLLg,eun1,SILVER
9NEOuvC4v69Nhcoc_prJHFyQ44O0r1Xcun_i9Rl5FV--Udh54onxSA1z7A5HZ6jaz4v-ebOUlLmbSw,eun1,SILVER
eyqeIRvTLCELEDodzqIfKnIetH6lWwNZLsVskoUJUwK099RbWYLpEltBkPT6wNXblMHnniFMT75VRQ,eun1,SILVER
yY92LBnKwA5dagUHfNmf1aS5ZXtIybGKSNkm-kZMVWjjE23I9aLBCSju5Chq3NRDT51YeXVcohJRbA,eun1,SILVER
0Y1KzHG8J6vWSGM4N1v7KxDDncvsfXJ2xOxJj00BQ2gHmI8ZBIDc3M2Y-ureN2mTqko4hkjY00ah7A,eun1,SILVER
DjdqO4eulVe-pvEtZmwRPYhGVynNrGIwcJf61_qnzpYGqhGnRIbl7Gh3QkZUJyoREAr1pavb9Aiw5A,eun1,SILVER
msSJ4LLCVFnTMqbGSUw5wvx5qvdeSn_8RJ4XQAfQTh-DHMwVels7G_aAsmt5ynVH_zUL2e3qx-rCjA,eun1,SILVER
5PS-U6wivrJNT4qjPGGEVs4Vefj7I2Mx3TnOCqnRGpD6HcOMHp5-dPlcG60EGiXGibDd0lA2xUrOdA,eun1,SILVER
71i6Cpln_10zSsop1bfiehXVzOTujVkMkrMsELR-qJe7sPebvsJzvR4tsPBuDC3ZKaDWq26G60rGug,eun1,SILVER
yhwsP4gPfLNvaZ3TEkVImZgEoGQ2giC2U6tExMIX6QRh3QvD7AYr7pFzSdXMGfN8O-h7b71NlMkqtg,eun1,SILVER
-NsJ94LHXqjjnbkgCJXSoVbjWMFSG6rtZUkfI02RpVao1GadHiykQp-Euo4QmTEGzYsIMCxtqBRCGA,eun1,SILVER
M7SVuKnlf5dXBt0SgNvPAzEnU_0sj7yAH1kyBrVHJPIXA6O_irTVdHLQ8IulhyWWptvWZvTqaBiV4Q,eun1,SILVER
7Vy2CjPgRTvds8PmSPZ4SFU54AHN5VqwZ3CJx6DcHlsHWt1-stYI94KWq7QrhppkDyBLpaUpQMscPQ,eun1,SILVER
rwr9_x5HuqLj-eWoP49q-TvDuJKR9WmRoyNuDcjPY1XjRMER0I-kJNo31_LFu2YvDgQMOHuAVdDVGw,eun1,SILVER
lGedvMNyyu8nYM6_0yHLIIAlsgIcYeCGDBF43Ae3aLakm33enzO-Xe9ip63rxw-8Qnb0J3H-594Vsg,eun1,SILVER
qA4ocMPjNR9YjxiZo_EnvLMFeWZMPjroekEIYsfQ3i9Hi4YCi648BlPWiTs20yasXBgGDZxfwZQphQ,eun1,SILVER
BGOexZHVOTlz251nQUWwWNwXdfqOC7RjFEcCK7gCq-GJCPWW4PxYySaxjRSeiS0UvQR9uJ5MkoskFg,eun1,SILVER
sBiVgrq7_pX8mH47POe3TXPIyCFO0k4ovlxY15dqF9vVTdbuBjvs5BqgS3uwpeIunSNk8ULPgbLmDw,eun1,SILVER
FkPcznDf1CfwnjqDDH3RcPC4QDvhVNYtEOcaddBjkrJguSjomC_yxFVJSXxdiP3Jvg05uxKM9ZVazg,eun1,SILVER
paNNZmZoBO4YgtPYsaqhwZTEyjruBDccif30BZQRE82-2qFGyVLv_O28R9pnCH55OeedGQj_hGuMvQ,eun1,SILVER
VVCWUp_gAUKvxNuycbkWOQ9f8j6DBnN585aItjbJC41zBVTs1ywQAD5Q4C5oJHMZmyp2cyIPiy_vLA,eun1,SILVER
RxQvrPLqiiXNxFTEAJRK7WFAdngK1BJoBgj7UcnQ0fkabT0ZmtknJ-DQoDQNKlIgEzTPVPg4mQSYug,eun1,SILVER
ApIExMwQqY781btpw-bjzf73c1Aay3AgOi0sY_3O0rYSjgpkJQYXc0PRLwPshZoUAoWhEVd4gZpD8g,eun1,SILVER
6jgrGeNjA_fgoZhmJfZsA81wSgIrUK8hFZrrdqwwPxANdw-V-ntev-5unn8ieSwu1rLidJZmTOyEoA,eun1,SILVER
qsToDtJCtrsqnqiA5yUYiie-TN6qir3XoHFa9z4Rv6EAoU_tIlOrZwidhQ8k39tzZaJy8Q8_aqHaqA,eun1,SILVER
MdS0OvCZLrAWqF0rBIkA5FbDW-jJcCD0bzYWNVfH5MT4dL-Jdip2X8CdDGbvnbzOEMN5ZQ58CBE6UQ,eun1,SILVER
_uBjv5Ka9x77hPgDLA9VplyQcSMxhhadEt7EG-qJxBOKmxocvImIyCNYYqJlyO-bdF3r1neucVVi9g,eun1,SILVER
udSdj-j58wQ9LP5R2nYyfoct_fnJLjcEXnwPJYq-OJvHVFj8bQC0SB8q-G-qVY463KoYO7pHjcjCXQ,eun1,SILVER
SixZu0EPyWcRwt9Owl-lW62D6_Ctm1zFNoUFbJUqNJXaTJ3HYulSq7wPm1pVKygCd8P2li4wDbQVZw,eun1,SILVER
7nhfnT-xvaHTIKBoz4dRCMIAirF3ETKagVjcPK9LL9sj64jgp1GcNvQsdNbfAff8tlTGq4QVwzTnew,eun1,SILVER
QgEVPaasZJ5EkeoulRfzfbRJY3NDSV6M2o7nlDmr0PUkmn24H2Slmjh3OPnYSf059a-ku8tBuXe0ww,eun1,SILVER
Nw7L08kFTz_k1nPDHE7fgMSiwTdh7xThkR46LiljHTf-xYk05t86Q5hXB0kG1dWqDOMIQB2-5669Aw,eun1,SILVER
emOcL9mHUkozCtZRoyENishI6RP0RrpqpktYE2-DhwnJs-RyGW1K1EyuFUAb_7WJH4J3m3FYDVKFLA,eun1,SILVER
xz3YsztTyl2q9Zb8dRg4lz0VYyveAGecpgE8XXOxoMHBAJAH6TWZeYPn4ohfqd5CBpELb6SP4ZAG2A,eun1,SILVER
heTL3kgeoX1Nez7A62FtGU40RSG9JOBAAOJoa0_FKErZYrpSqd0i65hvLBdA9zR_543v_GjXIKrM2w,eun1,SILVER
1VZ3TeFq4sTD_MwKfIqQK8PxJrVRkGDdrers8fyuIgioZY-cApKl6eOiKjA_uCOu-AW_NbMcIiBfKw,eun1,SILVER
ghyL3P0q0aoXqs0hUXDlWKQJ-73loghtlWeoUYUZlqaF9maD3h4HuqUshgBp80ymZWbkBQGPLtWQ3w,eun1,SILVER
MsiDcqGpndEv9F02a7OF25xekiFoqmeP-k8R3QQI5Ws6zI2EKfvcSSb4nkSqopWQ4G21C6t9-eEmuw,eun1,SILVER
3Ag8u0OuL948PepIxKWF46lnfHmQGcUtcNQtXeq1j75SlcJLEQRL2lfoFApaiLshppH3zLuzqEScAg,eun1,SILVER
eitcXBlhFUMLC22fQj5I1lYMLkICGSHXoXleHsasHlsQnidGkXinrzaE2wxA9COMpSVjH_l-7PIaZg,eun1,SILVER
l8FAHYC27RSKF_mxjhYnvHa37j7s2pl7zrH6uhAsH5tYR8jlRltrIsH5ppeDQ5ZWDiczbimsFngHNQ,eun1,SILVER
za-v_GZVWwKGKaX5WgNRlLvPLlvF2gbmCHPtjgz234vjvfJXmSn0S3nbv9OfxLisMWhrKUCnt4h16Q,eun1,SILVER
cgM2ORjyM2nY2VDPG6BC7QNc9vDsmDGtEnBFu3TpvQwHpKJCsrkHUH32wQLZ8IeHSt-ZkdRaTvUB6A,eun1,SILVER
BBFQsPSl2mKQs_Gf0bs2ewGKUsRRkakiJtxHb2ztErzPoXPFkABfM-6FhWY_loWUTnGIL7sWD81JhQ,eun1,SILVER
5uBWoIVZbufdiQ2U-MTF3Oru3MsUCSicdwSPVYlOvyEIWcsMwtm6cSl1JH9OKDsz8kkrJpMfhW9eNg,eun1,SILVER
A5nTnexb2Ud4xj-YzlT9ItgF_m90t1FHNHDsiLXEHyTUMV0XEyR86RRM3jIuK14ovm1MfkRwHA36lA,eun1,SILVER
exsZ6DWiiwhsDJK9sKsvME8F3wRDLhUS5UMrHStvbphLSujO5Lb6V9DG60nZ8eICfZhF7fRPiSs1VA,eun1,SILVER
QAXTpnbvIRTnvI_a3MY2kr5A6-TgUBMaU50-X4IC7OSAXRWHaNTyuL3VKadYXFKNS92WiGy05sTrVg,eun1,SILVER
rayCnNl4E7KMeIOSXluvL8zbY3Bi7KEv9P4fZHGV9gtAPC76yZgLB5FrTF7m0vmpSUIWCooUhXVzww,eun1,SILVER
B5HKsfORDj-44xhzcdtwThA5AFoPICDPeMRL8hdGAsBA9v594rE_Wmh3Vi8YnWHt4nQuMMv8d_kT9w,eun1,SILVER
nywZjQaD3pFBozbiEeiI-7TljprtOtr8FP4lstvvLBF0PN7qpKjDrXsKpmQglrR-jq-c1OsgoMUCdw,eun1,SILVER
u4_JyflE1qiBNee3sAu52V0u38V0fgqk8Mzu6SF3wOjTFTcNcdI_flpDWRhSWW0YV7j1uvi6ea1BXA,eun1,SILVER
0S9-awxyhyv-dGnrlNP_FV9T7ARBr6RSnU_hLulY85PHoD6binjkiFvt6dcvwDVsyElULG2VJqQAfQ,eun1,SILVER
vJiKY3N03QU_UPPOefMn8-eZgdVMry56gWcAHYml12F4EAzULxnYErBwOvK82QX0ISKyu23JVUuoNg,eun1,SILVER
X13_BsXP0qnAWPHKO_2_dfGX1O5j1WwvW--ORIyeOK7Xdmht_6Mi7siIqvjv4jDYXonzEJrKGHYQkg,eun1,SILVER
jJAIIMoc3KwBCzui4cx6Z487pleGrVEJfytGon2YPt--OWwzw2_jiyH9nfvKZHff09jRmchCtXlATA,eun1,SILVER
cs1AEOYV2fh2gpyEU2tfWruP6u98VbxfVI3c1sbc4cMDuKb0F500ab4DruQs7aNnkQ7dl3YKWd9a5Q,eun1,SILVER
lhjUKjSpknO5_vTmx_iVRckI4u-B8SWOV30ORiaaDgUYGzQfmp9Wso7kqxTQCazqltSi8ulqOpTjiQ,eun1,SILVER
rsjymqXAiOKgSzE7KADe5r9cSdUvBMcPlhisvzhaKhS8pzXP4RTLJNbaNJX_h27Q31tX42sqIwjAUg,eun1,SILVER
opG9NU79SxMzVaH6FhNtqIL7MZjQM-bC_Rtkmnu33t1rDS3pMVS_Vyrz5WypZ9YgzlEMVADlv5OdIQ,eun1,SILVER
b4bfTZA03-eiVOBbvWDMX_bFaHYihXG3I7x9cQ79Pu-yhSPuYRsgA9J9LmN-Zh3gd78fBoWb1LtSqw,eun1,SILVER
gCDYsSzf4oRpWP-m3y4q6DbxqEZsuYN87jspkAKzh_O5_LCxZiaHv6A4RbrV1kOW6sxL6iwRtXYu2A,eun1,SILVER
SHdtAV4pR794k3GnYiWzyDL6TSr-PAPfS9ESw-6kwreOvdNxvLVeafSHPzF2F6a1rxEUkr9821zlWQ,eun1,SILVER
bx7oYCqiUwNdHH0J28xpONiKIkAqm9LErH-IrRAOVrLHPnKdC9XAJbiGoZW-kY9307iOcSUgoKuGkw,eun1,SILVER
vs9SKoPhD1SO2qoQ8Rcw-F1PBrxPdgKbZBb6nTQas2IirmTyruLqtkmFOF-GlSStfPZtlZlyts2iQA,eun1,SILVER
OEjj4Vo1E7owkb7z3Tn3pGiO__fuJLJK_4E9k1oh1psw-RtpXti9NN7U3N07Dcw1AWQqN0IMCC0KMw,eun1,SILVER
kgIIpYTXLzkSZO3kWNBIHM_SQzmtB9WZKZChb1D8fHlptjOdNfkxNxr_-kEPKI0vLkqRjx0A5J2Ubw,eun1,SILVER
W6XAqipJWJIHhhDq6tXStztD_iYU03WzRcHjzAnQKqbv6aZ_6nQjR0US_XdiCe_eIaIDKjFT3l-qgw,eun1,SILVER
Pi_Xi2MfSSJtiChMHwPyQCg7xTd32Lg9nZUvLXefckbDOjGlO6KsY9ugeGX5zVb7DpNGgo6fd36A6g,eun1,SILVER
UTgYfXqZcX9tkpxVOPDpBMruMutJwooRORJf0Hj517RzUUzKK8RhU-X1DfRfhqVkaZ_EuK_DBD0t-Q,eun1,SILVER
8exg9hGBrDkWeuXxYQaGXb-1vL-cCPx5EXXJHaobSuKjF5DEcKSdYGhkssAQXzxmGVZoUzr3pyF7Bg,eun1,SILVER
hrfTe0iu2UaWYSMxB7Gqo6FBygK58kKlU_VOO3Xpuil894Ea1W3aRNRcjBLhhjnOSDCC12yyt0OpRg,eun1,SILVER
2OPtziac9h77x_ZKC2iNl99-7FloFOrvADDQLvvjXq48112vyoOFjcCfIFSWD7QhZFbPGiUgVu_r6Q,eun1,SILVER
6Tr84DDwxc_pi0s3yejwSvkysV4mgqHkT8ZgN_fTBMTCsxIp19CNB7nwBnQv6Yx4XsSPh8IwPhKQ5Q,eun1,SILVER
QX_yVrMuZ6RC5xbbdy1juW-hCAT61bbHMd3jZ6GiiU2b_mmEOsUQiYt1dgF9JTeLc-OqHVzy2pJLNA,eun1,SILVER
_-AFEmZeFT1xa6HHHAAmyjtLMm76RNrEztpXDN01DkF4K-gC5w_tgOyii0BJa75Sic3umtQ1tryiFQ,eun1,SILVER
_hYkRApPrPgB7LL_UWgI19B3Zvq3Z_F38H-Lt8zMcvu0Jyjpk7nLXigHUBtG1C_lvraqzKR9Haku0g,eun1,SILVER
YIxKOFdPfXVAUpy73UJ85H6Mr2g5_RlVyjPyRsnFJ0lDYq5gjOrITam6C3Bv1cZSzD4xAVXjJqGkJA,eun1,SILVER
k0lPrJUg2W5m8es-PSigrLWZKwx32Ri2ttaF6hSdImDy5GZp5wuTEWS4TQHWa5JFjVTqXo6Ce1u_yw,eun1,SILVER
ONy7GsXm-15bKAg4Ye3klxhx2lzku4A9-XHNRRTnwtMBqiXyFZqg7806tvOtBp9_qKeSLMpeBNHTNg,eun1,SILVER
0CeqfAI_4WOo4wDfpM5guerNpAezyjldQYxAaaZulqh1jmvFGgfxYnGX5WjqBjaMcnpEOEBHD91r2g,eun1,SILVER
_4GSfucU_J8Ft1oMxfZz0GASqvxSUgw7eMFbZzMCukCL4S_xwpKbenWep716mM3YnwT4BUBKnHdjpw,eun1,SILVER
gm8b0sHt9TcFZ3UCCAttMPCkyuCCTPVrKmyZIoGK35v0PniIXxVdrlOabUQnpd6HNaMxvppP_Ai7PQ,eun1,SILVER
_Gu-ZkynLcdWlfrJcMQqy5y1OTt_WsqPhlwdpNvvkzmfDz7DVwpDdDkMPHOu1QgdsY2IevrWtZJ-ZQ,eun1,SILVER
JxjkiKAkS4UxNfWH4KavAvxv14n6Ofk2rFGPR9-Tg9wt5R9L2j57I8Emxp7VdKD7rkcK52eSZzWQPA,eun1,SILVER
ddBDoT4AxRCNEen644r6NsmshjATBXs2ZMzlaHEo6aKK4xqi_jTZcEk2nUCmGf_zxno1mJWP61l_-g,eun1,SILVER
gVxs7VbfE6ZGAuQTyYY9ppMV9EZ8EFM7ltysOVA9Y1cGfL9YvddrvulJ8n0aTXUoXxPT_73ABwaxEA,eun1,SILVER
qpQZe_RZq9nI0-pTG3XTi22mhko2ncYzfYOo0OJqDvJrN-9UVWJkwV_AV4qwkhuP4djBGjss1rd37g,eun1,SILVER
cJnKLpSv9GuQJMnpLb8DDtCGgpmfyDW_YyDUXVMp99uneMofzrqurxZhamlDhhK6bZ_T26fP9vKxjQ,eun1,SILVER
H_TNWlbnoao9rRLQSftNdcw7kLf4Ula7mfhtfJkvtoppQi_VFhbzi8XwmuvxX-qYkHHrxXEDLzvCrw,eun1,SILVER
KXvgagzqnnk5fyTwqMsStnGbIT8mq9Otfm2M-JG66l97A0qLP4B7dXN8WtrhXfF8dA0oB8SPP9sZLQ,eun1,SILVER
idP3IRqiLIWFjHjfNjGf02W_3jQUQ0Iz1UP9x7caLAttNQFpTpb-H3mSqIwQAD3yCk6jOQJgP7nADg,eun1,SILVER
I3fqx4z83_qH6pjIQrcT19luf2gQcBXY328cXr5g2EcXqnEbxt-5FyHohGtTVf3euEoOU3fu0ovBeA,eun1,SILVER
8nbW4Tw1M7jlriAfjjXdKZqsXgpv-8zOzvRvHRcALofQidJm-OmrP6QyfQ7sEWXqgWKbRZVueZ0J1w,eun1,SILVER
Zw-R2mndMwF5VVFmgrNmTzo60kGH9qnjd3zL9hGUAlCG9Ae_uouF32AXuU2vPo9wA4Rnm8TtDsFcWA,eun1,SILVER
-T9Vh_8qtkr6Iyb-Goe4xkBi-kdEf4CbqUxOnw0BzAC6HNtrU3VDH9UvTIpmoRiwSmxOv9artD5ODg,eun1,SILVER
nSQwE8TjT9ceA7_PCXQRiRTfuNuxMT2Z_Pmlje3EJFyfTMA6hVLuK1LHawGXfdDSFOynv72dn2jJlg,eun1,SILVER
gtFy5bJNroxfQ57sTru6woRDNsRg0p5kky6fEIFpsuYagnqIPCIXbq0LEtuWqgAFwK_sJRdVgXojMg,eun1,SILVER
EAkot2BUXZQ2EuOySUeOUqrj7wSQ_K0yXcP6Hs_d0rWEJFeJZmUgYx8HpnFwV2ofYbetyXC5nqF2Sw,eun1,SILVER
iPiU1HQ2FIm1JAJpLPtdmYpIN50lF5t2gqtpBoGgnVY6ookgucWN10wpzuMY2zFzJ_gzT3xLXyRRfw,eun1,SILVER
Gqzxn9-t2TZWqlzMSGyluIshZnNg6iTEs4OCYAJP9rVeJSwXpetP1t7J5OY-JbyB8ZpxHgm_jHjtFg,eun1,SILVER
nbLLKc8cCLlwFpTTXWvHxlLSbrEKgXPoS-woQ3l3J2tVi34GehdvIbaADIA9MP31BFoic08cZ0rBXw,eun1,SILVER
abeSkqFgjtBoFobb7jRCvvNP08x2pwL4GAa_sB8-levjnoYSvBoVNbyPmOXqUweVn_gMcgJcHo6J5g,eun1,SILVER
sxphzxm-WM5lobAGFJQyHVg9YVzcskH1WOnKtFlZCtJzSMy_xzX-PIYD9xjrB-90eT_1YvjHPj2veA,eun1,SILVER
u9BVj2zWTEIxvDmoesaWd7WaA4pb5Xki9tH509d6uAQF4Q16_4DPCt3ImAsrNngDT0mbWpxdPakUpw,eun1,SILVER
PTy6wlG9XadrHeqPsZxZ1Oly-kWdl4R-CCftRL6AHfV9mSqDHT85jJOuQtFrQC6odRCqsmaHuq__Sw,eun1,SILVER
sQ5GMDxQ-t8d15c5eQeOPi5uVBEv-dlvhyranzRQywlK2b64r64kWQCb-8NmfkkpROJAONCvfHHhTQ,eun1,SILVER
nwq9nr7iUzbHAgI810Jv_1whEEZMATS1jaOZFCVJ7TEf9QjhqDFzZST81HGgzw44pC_wcgqhgTGWVA,eun1,SILVER
tRK5Pv84HE24SubBASnBX6f1Jv8J28Fyzkr20496pFfMorvW7VHVRMwI_wT5o_F5vHLxQc8DCKji6Q,eun1,SILVER
-SSjn3fldGatXQw7oNxioJc7wfi3305AyISQvNYpjZn7ZgFH7GoMvYNM1sWz2YAW4wdV4YTArwfxZg,eun1,SILVER
P-5CrsAblg3Xjt3Nwy-VfUYF13jHuHPa9P_GcHkVjQnwWNu6KG2GXm40c5ZR6xkzhWLfqRIsgbgTjw,eun1,SILVER
4rZAb0YxLbka-GPMGELBUXAp3YfqA3sGiiregyVurwadMBs5p3TnQVrImkxkyezb784PXjz_HqX6TQ,eun1,SILVER
YAxc4PZKBY-R1teeg5VSNhvr5Br3am2m8al_bNnWWpzhatigY-95jL3YhhWUzFZRWlJc3kn98XDyYw,eun1,SILVER
JNWnE_AcIgKyHeJHIe2Ey_hJGbDAfehh3sEgeD9s6tIILc3Nkae95jZlPn_YChNDT4SxIuH-CHl5Yw,eun1,SILVER
Hm8gvCOUU8shn9phhOu2bisUtQY8XI7IBv4zUlv4aV-RH5SodU1o5abs7DWanHkmwAjglRYceQ2-cA,eun1,SILVER
wY-kufdSklOHC9LapGSpctpyfkvzpcOpyJTT1lsqNxb4tEI7kj8mylkdjuyMGjz-7Cb7AA-FHDLx9Q,eun1,SILVER
hoGwyRlcDtUUAj2X0akAo6boFp777K8Uaxf-ptm2Xrv06-bUEK1BMBVyyEECy8sNGJYVaF9h26wLJw,eun1,SILVER
MeTZ3qVzco5Y0ueI56rdJJYA6Z-diJ0p36xaeFBcKmbi21ijKw-6jTXBN25umwa7eBxTvNUzZEpHlQ,eun1,SILVER
17mXc6jysjSh6XkK4AzVK0HZRhYLrkD9xiRAvqXEcrg7_1Bnuq3dQv8Mx05YSlVQj9FRSCkc-HmNUw,eun1,SILVER
yLRR2ghCfF99O4ZV-XK7xJpxnSvBQtw-FMV1j5jePAhIU6tLOj4PuVhX7pUmNiob8uy2iDb_nc0i6w,eun1,SILVER
Hs5-EtJ8IJET5P7RWP_Maq9vTW7bTeQDaMKEqIeHoJKEQ3fmx1C59GONn1Z-NXef3XbEBi9pkDjb9g,eun1,SILVER
1O7ly6Mva3Oc_Ke94JsYuPxu0eK_L5N7O1_LTfzMhqHrDx5-bT2pxafINB0t5xOLyUYvxzeeD1F78A,eun1,SILVER
CgiYbEpgqj8kt8RmTVVgimrbpIVyHdS4IwdKnLXEkbhomCPdKwQw-xQAmL_8nePIGMVGbpeoHB5DHw,eun1,SILVER
ip2ZpWbvd3TCkKvERbL_PPrlESGN9OhZuGzre_796En-oY8ei5IyoYQOqschKYz1gHrJb6H_v-b8gw,eun1,SILVER
ztRCgoIIH3tcI-OlSlAtZuDv4NQmcVZN7ThGy2_7wMxwzZAKXzVMiKGcZBSbIqRpqUlw5aNDNOEhEA,eun1,SILVER
xZw1VmS4xuWNGdmD77_MmaacbqQ7ajxPn3k3N9A6MGKpOl7-2i2y6w-nCRW01E98B9pA2ymV5rEIHA,eun1,SILVER
OQKoi0c9m5GzO3ogbKBnytdOSVc6W2Gp6oig9VjeZGIlj8HdkE0nH1S2hjqXxpFCdTr_Qk2L-hawPg,eun1,SILVER
Wt5nUibT7rupT4v13N6OF7qQ2exWqcxRPHUoM1OKhwj-FWBoL1oC1XDlrVOR9gWc8x3XLJ_bVcGKtA,eun1,SILVER
rZ0XbpoZ-PMADHN31lfKtsF_B1eNOF9DALLSbNCkpppOM6EssUtyuTI4-sSAPGApoAzph6CSpSUFpw,eun1,SILVER
e7WlEvpsMjQqxfPwMJ2JNscGIhmtBsC53YVXSfCUA4zqYNo4B1h0SXtLZrjDB5cyblNqb-GNJEbvVg,eun1,SILVER
6s2bW21fRs5S2aEP_jR7Lzb-qQqADnUTt5paM1mOLcIBn0NevhHNoRLd9F3dADjAxAzwZJwWT65C4g,eun1,SILVER
1rHX2hdy-mbRr1xXT0S5hIDWUxywnFMAwYi_6l6I9IbcITn0mWwFoFua940KxFE3vQTxA_1qORI5OA,eun1,SILVER
HKNnwaPpRPQx0sEfqi6v6fQtl7f51Xj5xd3U6ZprG__R536G6f0lHSYcYH7sFPLtbuGvfCqizMEzUg,eun1,SILVER
8ksbUzmxqEnn6pdHbGwgoas5LGxJ_4QBxYpUESbttQzlBlkcoiwevoBLhrh5XlGthzYvzSO9OHC-9g,eun1,SILVER
JLCl7KJXnkJqUB7fj45UbK1N1bfJkssa0B_N1SgnqChpJdFKg7xe4JzfKZlJQfyt0qVgAdLQKiPeKg,eun1,SILVER
tS1ptX4zucIwBh82SdZ26OlotE-Z4uTKIKswTcFxm4SwJ_-rxMlvVEpC-k0FgOdsvSXQh8WgVJdG6A,eun1,SILVER
s0AVTxpYzfDyfXEoa6r7Ia1foQlPWUyGLVH7-cd8YaFONr6IO_o1TkXCXSdvj02evuzHvFjy6p4whg,eun1,SILVER
19Z3ykFkHye8ataKcVKu0W5y3x3g-hQ11OTfwWv3pAiaaaFwFcywCv9yvDV-9riqX3MwBXKz5ziJmA,eun1,SILVER
a55yo6KQBbqtE1O7SeFFz_06BMPDC39O8BuYTCp_rtY-SGF9Kb12k1qeaNZVlYRqxky1Sz9QM0OWhg,eun1,SILVER
lCb7KlAlyBM_JxLyWSukjRlRlJw7jSOZtLsU9qw3GcEVUB0FbNsEPZkG0V-LWJIEMXpimSwMgAqzZQ,eun1,SILVER
z7j-CElLDq3T7o6auJ7btWuOop5uUCCUu-Xs5wl-PqZmHUyJmPFPzw1r4JHMaJ2oeu9OseylmSapoQ,eun1,SILVER
W56T6b9ZwqCeUQSvx_dZaiCumgruyACU_8otF0VlnwPg28hKfoX-syT-a9JaHwRYXM40BEeBsPB41Q,eun1,SILVER
JEqcyatJZ2GkxINa-ruAe41NbIiRMr3sXChBuBCPdM1fFFk_T0DIl3XwG5cH5tlEX-hxH7StTZuTyA,eun1,SILVER
Zck5TjDe71uNMqRfNjwd2nQDcWtJMzx5LJZ7cffCoD2cfqjXEjwZOuS1f2VpkDlf1V527nnteiHYnw,eun1,SILVER
5JYnVSburPc8r6ryLppBHFzWSWrtk-jWJ4h5Yu7I5HNnr_-YmquvtS9LJVTV4hJMi-5iRUl5iR90Ng,eun1,SILVER
_50hiN_GFT_JgKgPltHfjFfnuIWAK6KLUngGGx-AkiOzWocXFPXxyhoK0ZqDvZlYkKi6zYxgep3Keg,eun1,SILVER
Mpp4DWpw9abSsdxb6rY6JLDqa4tmVOjz1qJbB5-rBv5Ri8edLqkylJsY-BmuJRWqMCFMro5hVPkRnw,eun1,SILVER
TQOWBiIF14pBfPiOHIKyVZ-oep1bw333NTQdchWXmRDiVy5UD2am7_EthigqMxcI6hOlw_oSYcn1Sg,eun1,SILVER
7pmOGFLEEt0ngEeEhaHxJOK1rYZdo9JBrCZs4TlNsuZ6tY_BJMV4vq6WcSfN414NrydFcP-4jrQn6w,eun1,SILVER
t9dvFVWjCF4gFDG-eCHYUqpu2IFEI-GJirHZ5yMnQwbb2UFaXgfvGZ51Jt6nKn6h9SxRe9TyFkqb2A,eun1,SILVER
eDhCutJpFyZDRZ9RndJ4c7pgv-G3ZjaNmF1Yaffvzja53BZ1HnN1adz0Wku2YJ6U4ZwloIFIRSI49w,eun1,SILVER
hRgAYHd0vmpEQ8q17e_3w0ejpFDkVhJmsd8sWmU0aovNHbZ2FZUKTJQKlGzoQz6tyjuPC887sfnaBw,eun1,SILVER
gkTxZ0PtgW8MIHm42PR_iQOvOlBEdSj9sHJeeXeP-uLOaTMAYT6O8Z38gztaDL2DnwFXkVlF2f1YbA,eun1,SILVER
Nu8A7ZxqLIYA5V8VzRbDAXTW6WWwWiVQSMpKISK_Ww6XKBg9pU6SDRRc-ztwfIYVvEC_IGYBEqgz8Q,eun1,SILVER
VYbd_-9Nbo-0XyyZISm8aiorDL3e-5dSFveeyY6uzImb-CEi_kVw2AS2ehjSwyTnvGn_4_eHhtbHIA,eun1,SILVER
CJoO7orKLgAOlT7XXDKGD98uv3SMcWNTPh2OAiWf2FdJLWvl8h5hdtX3iIUIqdsJnjiBaqL4Rtmy5w,eun1,SILVER
alme93fJCcNUsV-l_7WKRqtsGWQHKKzG0SnyvkX9dGKzy4mio3MzJdcoO_RATMRbApA9PwIjiCQMRQ,eun1,SILVER
GfhMLYi8bj2XgV9LqPLCPuxkSrrjT0Dhq4vq1ljqeu64dXnDlmXeAGOqU7Y87Pw1aqsW30CV0IZRjA,eun1,SILVER
tt2qEI2GI1a521Fu9iJSK5RK3Ey-2gVddjTahcwRl3-xab8oAwQT91eak6rB7Q_ufoS1CcHbsQySfw,eun1,SILVER
qdmsxF8JAhz79wElP76iWiFApDK2EXnC4gG9dRL_00jCJdFt70Oju8YffAL9pLYohCrAiyBQMjYRyA,eun1,SILVER
w6tJ7BwVi-N2ya_ARH9YW3E60dfsJB8oLB3WNZ5QoiJ8TJhmITNdZU1xvyrSyZxThpEnh1fLpOeP8A,eun1,SILVER
Cbq68D5ftRWHhqQUhRjIktTi-1nybAg8wHGEPnJVsqKOEp7ie2cqSM35Smja975HXPyWtP5CNxxw7A,eun1,SILVER
fyE-f2W73ACovTF1us3EKzkBkJDQZa-N2ChgSok1-4Rs5J8EUUe59wUa4dOjEJp8ruSz1rpn_UXM3A,eun1,SILVER
tWttiYZEBY0qekVP0QjV8z25q_5SZFndtQJ0Jvs8ITTWdD5XPeoCZBzwtNVj3YVn-Np-5udwy8QSMg,eun1,SILVER
pziFULKbhLwM4_fAKG1u21hyyWCFyEZJYhMn1pKe2Zyfg9JB4Y95XNpJUVZP5zc0_U0_myd75ny8Vg,eun1,SILVER
MLRaMg3U5c8GYnF8mFpxbiJvxVINPFEWSeQI-n74-E8nszDrHbXaM8tAgpCdDhx2m1oS3GnkXUVj_g,eun1,SILVER
gKCj14jbbe1wnQIN_aT5dE-5PnQ_M_QY84qHINQ0Y5ep2SQGSE7vapvgiysMQJTDG1rZoIiUQDaB_Q,eun1,SILVER
B1TP45rzlO-riB_Px73_F-hpVPC8-EVsw7ekF8sv3v8Re4HMpMobcBSAPI3tGH21zUiLPscY19c7nQ,eun1,SILVER
08_FJvUOLmrk_FfjhwPbU8dY3wB7OntGcGW4YACKS8iiO_1ARYP8y9ovdKRBtizP0Zc7iy7sVluWyQ,eun1,SILVER
K7VjevXXPiJPRhCYxEdGAU46UZefDRk8KSWdyiPYO1RitH7CYA1RDZC5GGudIHQn4NkY7aFXxWy1hA,eun1,SILVER
_e1UMqCm59tdHNwEggVf9J_5yddiCqdmjPEyJvvNlseiOv_9tTbOk-Wav7gpkXAZjYTvDYZM5pNP9Q,eun1,SILVER
GDipO3inzn2dlwSjMjyFlKKAsOyT5Ihhktim_sgfdo6hGewnm-0r-RSo9GxN7bKH2M0AlTe6qSN0Qg,eun1,SILVER
cC6y_TNhBlo1bwuExZz18Po6pOQGqjvFiudSxwYDf82QbU2PQSFLJn43T7S2vRJX8N3_U61ZOnFBkQ,eun1,SILVER
nWhcI7Kj-W2y0w65CDGa8rObSAyoph7AFFRqKRDpchTOtyvqxFbVWKpIysN-X_bKPmPGTW7NFOGqxg,eun1,SILVER
x8HmK7sbf9BivDb-JxF8YNTSg1Enc40kmGXfCqqhTSdtsPFfVUIOCoKKZaS-SwTGegr6sTZk-y9t2w,eun1,SILVER
MOhr4jq9XEFIvwhl_sFJqWDu80hVKSfcON94utdSO5G_aKRVtHqUCq2LxwDCkf7rnKEjBKCP039mbQ,eun1,SILVER
EHRYNrK-CwZP7X1LzeVZCoj5z7EhI1SqXVXsNaS8dOHy4TlGvYnUdfhBW8N5LsSvTEfmebHVqc1r1Q,eun1,SILVER
iGrFGVJmOgLhrrMtbiAPOYwmulbQRY6IwyWDfQHfMsDa-2d8tRRpLYSv88BQckJB7vIsXXU5nPR8xQ,eun1,SILVER
tSSuvMx9kB4ReHn_S6ZV_y9dCFvEUv_i6sZAPgm2Ha_mXVxxCaNhV12QvDQcatpVR3aFRkKI-vRXOA,eun1,SILVER
m2jdjHokoK3kM5qpRq8x7rkNyxzMjDndbUqenRHdbl1JPKiERcmyoJ6nql2C5lYc1BZRbf39_qneWA,eun1,SILVER
BbqGuI-il3GebPEuhj--zq5bOnXfUIzDW0ugkuigQIJgio5R-vd4g0DPhUURwvg3mSVEJl2BdInwmg,eun1,SILVER
oiVqeAYEsd8fP0Z6g6orRC2IoX1gSZjyJCqCinX8su6RQq9IcNIuZYHd1qnoyXn2QFAiFd2RtgdrAA,eun1,SILVER
14lCYIQ2uLrgRb9ugOnNfPXxu_5B7JDLJn6GO5bxQ-5mxfBKXRw7l_lKDxslBnbjorEMZQseNDDkQA,eun1,SILVER
ta73dwTptMHOrPvwOJdCaq82XEeH4UYBS8cwpXPm7doyrtUDdgKTApoRSu0zvIptW0uIQzKy9U6G8A,eun1,SILVER
QKt7OFr1y2OZahuE98pz-p7Bj5eDvbU78gHnPUasB4bjOojv-cszPPwjlZQkwlgloAYd2GFU5wOOKg,eun1,SILVER
2zcmxlET1NNRy4zBOjNNHDlEo-93tmwX70GbhDq0Xn0WeXknhT4n0Iyu4DoKBriB95AaEr_UDLsucw,eun1,SILVER
gJasZ8UooL0VXjDWxLjtY9CSfXqWVzgcV5hJ2xJKDLWGuLNq9l499jR0kiAfBu6P7AWSKeFK-UfilA,eun1,SILVER
ZvYRFDIRENbKE_PBYkSgOUtdjWt0PRhN_aV_8Rze2sb8Qk0iixO8v6diodSgQjpg1CnljD2ap49SUg,eun1,SILVER
MawuxY6zqpQGiFRBpPWCN-4NZGlx7zYY83bSs7lQMc-Ww2zMqgjrqE77B_MCSkQ7ifFlG7e6Pn2zxQ,eun1,SILVER
zK7Q512rR0-RtGT_VYyLOMKlyKD197daqJ3SOps-Bo6sev5hbw9goe-MkQGI8yZXPM6dMccbnSOxJA,eun1,SILVER
a6Nf1ajQ-QcpjPNni-n0ppgXksu35_h-lu9eFZgsAX47_E360RpnvamzFKLWMLKfuQvLurVXrBgC_A,eun1,SILVER
cozILeU5eqVkkZMvwT6D7MD-FA_4RB_9zueUReAY5mVtlLtrtXhsN0oi5xipSdmDXFKgFIvGB9_hKg,eun1,SILVER
vysc2kJPB1WLEd-m6zjgYCII87jbgz_-tAO1vOxocVjvk30-fQszFbU7iRncfFufny5vssLJl9PE9Q,eun1,SILVER
Wf1jIDB8koL1a0pLtFSeJKz04kHJKVpydVmXM8URP_lGbM_wBU-9ACkLJ5mdYO3y1xc7ddkY5tB8xQ,eun1,SILVER
1xhoCecyN9_ih_RURQAbV-N1XcebJC0gAR7E0eU0VnijuVXC-On3LqB4gf2r6_IEeqCOS9Bn2S-FaA,eun1,SILVER
KjZ5yY-0leJObNpyR_SKJQJgkDNTyd8_XPOdRNTxVoCVlqlzXAcSP9VPOQF6TeUwQ_zochQmICAy4A,eun1,SILVER
bPpyQYSTby70Pi2yOVFxBqM0SIE2ea8vaGcYiaulrvTvoZSsISG1OXZ1WSPR_ReSMGggy5mOY-Dvyg,eun1,SILVER
o8Asj6BfXvQ38lYr3fQMHPcBmSQlQMtxSKmNLKNhIk-nQTANr7-4pP4KwIlThQdFvttxxLGoZAeHsA,eun1,SILVER
YIY_IVpwJvhoPjO1-vBhajXvz2IvitSP8Lv8fZZxCb3zJZRGQKcnPuWSNzbOf7w2_L-Y-5WYcyMVlA,eun1,SILVER
WRAzaWiU3RnN_CjUNBGlj9p1MvrY2r-01QBoT__Jf84Qk9jkookPeeXvNT_tkzAMmdK822mQU9DmKg,eun1,SILVER
1DZottpT4h60XDO8212qkP-p27nBva76-simwFr7AgA82HNPGqLZwaIhq--VD3UFb7OfT6ozc_1wKQ,eun1,SILVER
Ygg53L_ofBBeBSxc6A-N5N-TG42rTiVsQXBvuAVuMl2vDupA2hiROtjTtRQiCfQkU8ImnTXvjteo6A,eun1,SILVER
OU9tIUqZM0p0GcwXvmBz7_lOVpXHGHwnEcIrhonEvIZEJVOEGAF8A2YatQysXSVITgXOFwniyV9eqw,eun1,SILVER
J0j--gACp8n88Fpj-WJozUPgcmq0kU4RyXNnoZhM96DOyncamNs0nRed2_kXsdIbtLrBIPZKiwil1Q,eun1,SILVER
qlkn4nwjBZ__LU_dAG0ZDqJh32A5xCOt4LGkX9m1WqnUkE3dVDRC36BkmLj9HJYRA-tn96DwynHpyw,eun1,SILVER
aOv_eFVN97k4IIqyOT55bkut-VkgEquoNkg57MmTa3mOFGsRpGrT_9TVyPUFMNvDIF3yddvDh9alNw,eun1,SILVER
UBxFLelG2LqHvlcWvW_PIL8a77Yx-kKFT8QQeV5b83fA5G3eGjTQW5hB7HitRPUclHHW7CRHVWGhUw,eun1,SILVER
fPhZmVrdt3RCF7oH_qJ79jW9TJ_LcfvIXFbr6XnicI6hHFMU2-Q4Jj6bEReHp3C7ERwPgiPW-MfNnQ,eun1,SILVER
xDNpVH4xd-aNfVm1OEOi_RqOOhr_YdNGQ5IEvzAmWedgEAZnDaTX8UFnF6oYc3sAZ6YxZ1NTt0dkjw,eun1,SILVER
cIAZ_-2y7pcytcfh5e3gY3OU58UAmbTyWjcHwSV9fsWUSutTuQC-dEPzPG_TV-ZCYyZGCXzT-9yCyg,eun1,SILVER
4fispVGt2wt59L4MKzEyyNYQUZpcrV5mVExHSfZbLTNWiaV76C28FN6RxDjUl4ITvLsbz99b6v7Ahg,eun1,SILVER
oSn622US-jsTIsWUyJoJutGj8Ilql5L4u5Ad6TOq8GwezoaKJpLXyy9qWBpFV2jBqq6Ev9lZAQ4deA,eun1,SILVER
YIMIFE8Kesx7LGsF0GcG73GBAEhiEeCMnRK6TS3oZpbKrPEpl_iR_nAUWuUrwpDz5BZrLVjTGdkK3A,eun1,SILVER
FB4dYOVLS5qqBrt09HIjK56qrZ_aJr4RhLCGGOjzzIxQgEi9fcTDGZ2RZqVB9ACRSc65-tF00CLvew,eun1,SILVER
wog32B5ysPyhBTcJ5l5mNTFkE1Sj78mWT_6aYIgfh4PVVqYK-53K9urIdJ7GttlfS3RpczhP-7AP9Q,eun1,SILVER
AvrwoR33YWhK-AYaD31fhJCGcZsCnF_JYXTmfrl_oDHLVqR6iCznkjRgfTQhHSYtimQN-80sE9S3tA,eun1,SILVER
rhks1rhmZCZxo_B2nhtkW5Dj5A0dbKRnikQKUsYR2nNhmj3QJcwydbvZdtu2ROCMlwSfERI_14GxIA,eun1,SILVER
p0KesUfOjKU5Lw7oeuic32keWC6DKlTu9eFRZfjV9UAIB1CXlXUBKl8pCO6z5HE_s4O-uoUdztcGGA,eun1,SILVER
gO3q_BKappvXItNKdIWzrzDGmWyUUOwy8EWQdio7L4y0poiEcEKo0Eg1WyjgZdOVAyh-mmpiXW9LzQ,eun1,SILVER
vmGwJaidJmTZLn2nYABJeFT8MoW3BdlcMMXvAn7LRr8dVq-EEBxdDijtk5m2ZsnweyPhE53-2gqt-A,eun1,SILVER
NGxwUg_3pN2wpbVfhqUf0qsbKl-UF_lK9VW9HwcDEFr1Ezgou16i5SLLY3_vbdyMnbhHe5meALeusA,eun1,SILVER
gBUPEM2F9kwMQq8iTBEKwADMCzALSTtSr2Y2HtK9ev_k8MVywFvdHi8TsBr39azbFNFWovQusSn3Mg,eun1,SILVER
CEwWtuVHCBLTbClepqBCEGhywcLSd9mB8zZZsA6dOT7oGfh29pLT6j0mEioqLkpk4HB02SNcbABc9A,eun1,SILVER
TX_iTzCAxs1eoADXlA2pTiwnGS7ggJIuko122NMCVfl_GWNB4pslxOWzpXrjKc1J0V2txk2L2JKFkQ,eun1,SILVER
Rv9MzWKn_vGQS2jQ6YxvjQOmkQ9RJ8DChsoI6AF5gT9FXK7eUgFaVuR-wHYz9QxvsDAWQxO9JBRdPw,eun1,SILVER
ZRsGP1mogP6DtSk4diMzzVzLz4Ije6xkf3kvf0AV0fnBc0zcXKMt3KzuTiHEyoDuAxz-ESc_1L8xTA,eun1,SILVER
z94xzKlZo75nOdUfRqtcbjxElI0X1r_VeTFrdHt9mWiEAZ0_CwAyed8nOrSqTCvJYBcc-0ILIz9--g,eun1,SILVER
9Na3qOJMiphbE64RqcplZPDEurRj7MDQYzsaNbqx7_KKipxImY8-amTPF0v-HW3EnG4XC4YqOvYQZA,eun1,SILVER
kEoGilgAMRB927PmSVuWAl9qLKEIde77SeLZFonQLLnJBfbgwhEm1di021hZHhcdFbDFUvgwxA5qBQ,eun1,SILVER
LAXoBnn-ClZlQSdX2ylVMm4NF1SQgKKHLlP7nPtwIccxb3QeUCzCZr9xnGIbY9YqTE-WWHxdJsWjbw,eun1,SILVER
RScN6jng-0EjXnBwFzeNr_h9nSYBmGBnV-AmYRqmjPlew2KWhX1zjrk4Wu5YtV4bj08Arf2vfZN-yA,eun1,SILVER
GRiNWkkpB8TfPwR8FwPtsyzdVOA6K_oK7nqCmHGq_sEx-yqvvxONdsjXnA4iKQrRJOzEj0jPeiC9sg,eun1,SILVER
fcQf-HZsyBc0E-fEC7lbYJnIjPlN4esa5MUIj-kTH_vzS2RhlJ8xxIRhipPNzw5Qzb9hxtnBlDoiMQ,eun1,SILVER
Q12B3wEz6RQfe4SG7CFBLo4r5KyrEKvLnWPsgTQ09m7_e5Upl7BXWS7H7KGiVGPFRES2-g0FqHanqg,eun1,SILVER
xST-xUKU5m8I3y6w-Ds12vnTNaMyxKRe5tG86E3LNAO2jOcKOLppyNQdXKFMhW6Oq50QAT6_U2OiUw,eun1,SILVER
aAx29x8f0GZ6iqcVpaetHDdEd9JyjqKXo_4ejzePcTXhD7ulzBb7ppG87XM2JJ3gNI6FDOSSndpfWA,eun1,SILVER
eLQymNOb-XXbtACbJJBbWKkQiBAanvqGqZe6xD3X8LR6_2GCkIMHhjOmCQff7zjdH2h0a5_tNx9Cxw,eun1,SILVER
7DVpTtVfMtQtAZRj5yPnf8eeZ4k-EVtSwL4hCz-ghPbXlRy6Ps2KAB9wRzBMT0DQ2hKS-xn-Orv4sQ,eun1,SILVER
mVALMzx1NlU3P-FerNE596F4l70K5oRhhvGhiE-eU946fG6FJQRc6qlwcQawaOrXZexnIHpZF_zCYg,eun1,SILVER
aBIKGXU5IMK-yV0OqpcIfWGMadliGGJByZfH3El3EuRA0KuhFVln1jzk9-lBGzptX1ipg3PnRPXigg,eun1,SILVER
QlTVZUlmYiBTw16iU99v2QwDPMjGhCzT7k91tLUiWzZkfTVFpnYlyjmUYuQBuNG8YXogsEGREhE6SA,eun1,SILVER
_fry-yBRoARKgUIL-in6wYrNYvUTTVAybU6VIFyLs1I65bjglTolYnWRV-M7MwvQdWc3ZzrcoEAYVg,eun1,SILVER
aLEGXQ-JsRiYCUoi4lgx0dpebCqPT_4RA1LwOdSTnohn5UwFFJ8o6MeENPeTmxEX5vR9QIx1IF55Cg,eun1,SILVER
Rjlw6Ih6dWoE6keg48fUhppvEW-Yra6zY6hW9u4r8IPY_bOvcxcp1TuvfSIE7g45Tj5wk4OajUDEUw,eun1,SILVER
GSwC8EqDjQW7wd5TmvCPuDxjO9u4P4Knh9v_EqhiZC21xTWC__RU3h3zlh0L_-SgX8dAWyJrn2tq6w,eun1,SILVER
r9TpZQenXqHitrlMmwhPEbfuHo--fHnrWoAn7VgWrbI--cFC9k-_BoM3Fz6f44hGNRjfjbE5VfXfqA,eun1,SILVER
xgkkLtoRjt9jIYoh_OCSEr_XJXW9W6YPr8pITVIUsGo5eog4VTDgMru1ZTr7sZboOVneV-rTwdSx6g,eun1,SILVER
f-atzrQbxtHwPjiPxSeU-aJ9uNhdm00LL6v6JHnpI2-IsXIENFW0VUvEJPuacbH5_SntnbBZUrN4sA,eun1,SILVER
th_TmKLVWDjEi74t0P8sqn9IZqhO1-96CoB47qjRJYmdyvzxXsyHMFyEZJLp4lKU4TIUU7PSTq2iVg,eun1,SILVER
SwnJ2BtLnAmASf-a8HmheT95_KY13CFxaDgpx9DnOuQ8Fe-uyqYJG0mtyaUSu0u-JcJYZz-1V3HJJw,eun1,SILVER
XqbCGrfHQ4rVOKFv4qOo4PZhiziLS3mgAsgWzDiAGjqyoLPnxI3t2Hw3ckUgpXcMIkEoPtJJCZ_WIg,eun1,SILVER
uOteNBMtwTwKwf83YjLdvflHgkYrM9ZLZ9sRldB7LYxrtaf4f0GDpm8nF-QpHj1gA0TbN_x7IsLW-w,eun1,SILVER
Jz3uRDhdgW_GG95QumVh--fDCQveXLZa3CnPrtkx-9VpMW82UtukQTNgpkg2oBX0XIIQ61pADjSFLQ,eun1,SILVER
rlW_Y6BnnXmCzfQ7rf5cVNUedoBg4K5MMUdauSYcqp7KnF7WWo8PBkdS4hM7FtKiT-Sql8wMdQVEKw,eun1,SILVER
Z48T5TFXkuANRN5Z4XR7KEQkjQlGOyw-H10d8rtI2_au4LKFHUoyRar85K2xnSwgHMC0M0YZnguxcQ,eun1,SILVER
Bhz2sSrb8bjjQ6psPneU9ZqVQsE-DtOhleZnjTzCZITBDpE0Cc8B_TRT3k12chvhED6CqXQj-kKitg,eun1,SILVER
q_eS5tUfGOLez2pUL1SxF5N68ltFB3VZWELKkK9x8wj__qW-e2e_gt1dLmOoWbg0uKrb60cVt2iYyw,eun1,SILVER
N2hCeM1YyFI3u_UnEPf3uBtzXrMT5tEQABQtALtYYgtV1kC35AFl1c1Lnm5INqENFBnDakz9mBUe4w,eun1,SILVER
Rc5x1tDL81NkMefLX0KLSK9qx0mKiAO187qkbBO0NNJ9oLLf24z_q6ajPQh9NmRpOxIZfsvACr8fig,eun1,SILVER
EBYsAk0-JYK0isaifW-OqNICIeVhhkPgcqizRopvCZj-TeBAuXt_StIF6DXRn1GtLWCiPnnJuxtI8Q,eun1,SILVER
rxsUi_rAzuIrioEs2tTIYjPpncFby0JwzLiwYYx_5yEY4iDKmwPjUSHwLgsrCAqomZ-D5PYJeyBGiw,eun1,SILVER
pavL5qKw4_-ZyimFrl6UItu4j6ctfoLEIhb1ODFb1LzhVNGTe2daOjtO1rOvpJlaceXyBNY8XK5F1w,eun1,SILVER
fPIA4ngyuWSA8QoZe5dLoh6n9PC6eN32iFWPXOCRSSbPdWI1kMOKwe2gwOebdcLAXRlEEoXoub2RBQ,eun1,SILVER
GUXe9G1LXkx5iAB-3bXWVChXEt2Tr8T781ahcelMUHz_CkuXY5fg4JfjaWz-NjCR-Ea1iTmcVUhfZQ,eun1,SILVER
FMbTXzJ4l4du5-AjdMVeyDyyUSPOrNU6bGzC_NGZZ8WU8mtL4yazp6n4Ebw3M3hw3mry6kW2a8iZxA,eun1,SILVER
IDmVauxpUVJ6oKnyGmajCJ0u1CNM6otDqReGpTMTxrJXfCxV_jkcT-kZISN9QR6NYB1AgACVvoX89A,eun1,SILVER
H1yz4OQdzGqOjzPI1ahjCiw5lxAJdokVaWgKkNgrXdik0pMbB3YIabU7a8hTX0IyGdcnAIsmLeT0mg,eun1,SILVER
POVi9y7Gn7TekrNdQcGOlKRBe6ncaacxMQvsFX7GsuEum0SBJYBfK-iSzTPe3Axkpg1kq9OI7gRGvw,eun1,SILVER
ID5Cu4MyDpFX-GaOuPX30c29cZ6lW6UyrS_MIit-q4We3gkyV41uT8yh4BTdWt5QE-dn-fbV9LeEJg,eun1,SILVER
4ihFgCDgSysA49oXHWPzv969d2tLH-A4aF6zM8uG6wabrXKJni57BDdBwdtTf6CddAdOrxWWmOi9Yg,eun1,SILVER
79khrQ_06z1czi8Fq4dPU-5_w40A1g5oKA64P5QWR-1L3KwmMZ1_2URyWZcrWvAX0ySuTP2yUXH-Hw,eun1,SILVER
GOTlTiulHAdj_Zf89scDkrQ0XGkj96iBtCZjGfPGCCAX474pBsWPfNMugVGa7j6-j_IgjvmTc7y8WQ,eun1,SILVER
1PNx5a27Hcguu7u2CmutJ2aQhSqUPTtRx2JsL6YLeH3OohhexXJ3wbqtBWaCaFjf4BsVMFijCEN62A,eun1,SILVER
95zNOG9G-7l42bSOATiUN_CgnSc3PRKO-dJN_4L0yIE4UayfAF_OaPZ5nPW8LSrkIwuPfXIAgNCFgg,eun1,SILVER
YAmLwa5rZn7Gq_67TsYSNQjsvt4Ds5z8GCrXPqBni8iMzq_QI-wh15DS-mkHP2X5Rf6XdBHCJ1O1zg,eun1,SILVER
D6LU7Vz9Tm3SXG_7nuKP51ax_AMNWkL-X2kpiwTd2aNqHzGn-Ir1iwns3rXjxMVymjHcCw6p7nYkeQ,eun1,SILVER
PL3VknbcMohKj_ZOmaNsO8uhzDzm7O950bE_2uBcNgQgunr7EyzjFXJAwtnKBgTtC8dV7tbVumP-Hg,eun1,SILVER
z0ixbDQbV4PO-sHdKSZK_ZKfGcPhoIpRm24RVfTg2RzTk0Q7JNjQ7kB-ALDJ8SK3P6Ith4HgUnvrXw,eun1,SILVER
sFzlEgu0mIt_ePtuFPW12Fulp7qYUUrCJAsAJ69_shgUmjtoHeKbM3cfAui17V8r2TtpmLg6Y68RBw,eun1,SILVER
pDrEmqCnTiQaoRuTu36Aia4KuhGDhqS0gqtBbb63tn0mjzgbVtCS2OWL8kidsLNl0Zm5JW1qb9q2GQ,eun1,SILVER
3CpPA__XTY82f_GEoXYSJ_DfqzOrUAbvehc6eq6j4pQcqFuButFVfffOKXIj3G6pui6chi1sykBnPw,eun1,SILVER
HpqwAYwYJNNmb9N7gsvtXphEHgoMLDL8cjwhrVNz4j2WYw7HIETb7qYted61NxIwcyDdyhkaZWpA_g,eun1,SILVER
G-vj1NpafU3JETbbTpAM6rgsXTWbHpxg6r9BCe8TR4z5L7y00H695mULJYaaMAyw7jkmbetEpy5B7g,eun1,SILVER
6Zw4yaseacG4Jq9reizsJzhjOkHbvzIVfn8rFhwb_jud-aXBHM39NY5r3wVM54WuhMRjzKF4FTPMwg,eun1,SILVER
KY-QX5553FehP5SN_knLQ2zPrTPUGBDMfT53_AMBT_S6Q1Jdj_i8xLkwX1G5t1Nd4o3W6zwSpZzHbA,eun1,SILVER
ZLn4_0rD3RWzeOp4lx50nCaTPRAlulm6Cln0zSvhtM1PczkeNw1JW_DQP_8UZ9bU5qH4nfuETBjGsA,eun1,SILVER
9MXX1DMkzUS6JBG0MB52DfzqUv8NpdAgcQzoTjAJ7ecmoWt0cn2iFMVLMI8soJaRCk2I8cNH0p0s6g,eun1,SILVER
5sd4axyjWOmvEyKvpFodmxppC5h_m8i-CWCNZ3bUJCHoKt0K8D700R1HfnQlrGp8Z7XTjS9XfQucwg,eun1,SILVER
LwGhUyQmWI2Bmq-Uifv3yNOU1007VfV9Ly9e-OMdBSPU7FxNdcZSixgLAOB-rW77G264DUqeSzrTog,eun1,SILVER
rMNc3EN8cPwUdcgCVjfOanZU_Jf9bsn2UM7zxBTmx2gedMgwJHBpev7g__zrl4oDjpp5YaquvKc-ZQ,eun1,SILVER
PudTrMKFN23MlTCbvn7zQjl3J_ilDZyuzpPaO-ctIV5hoAf-8u0WNdhjlJ-TflLy4hmxDSpF19oOMA,eun1,SILVER
rUHCVUpefuPMqzWqXkD-_uRSsk9lPhWYDDeonu5iiMXFovWpsOMk5mnSS3STaO3jBW8VNr7Phj1JtA,eun1,SILVER
dUQ--PmI86uQ7eswh5qUwjs6n8v7LegueoPkrip4fX1QuYnCMKaVobahmKX3T76dhgkS-qz9jWEgqQ,eun1,SILVER
IXfA5YhkEf5-M2M58oYfUgcI2sIjC_iiigJZwBmrz8C803d3KgHpCoUlPkPKFZBIRvtLJGt9a9SIBw,eun1,SILVER
kSD-WD55XGHXrWfoNhHwcuzturMYlNDMgYu1yX2JF46GO0X_VhF0-kDYXNLnLcVzFTdeERI0AkizKw,eun1,SILVER
gA40EXtFLx8TJ2aeuQQAYMXGplu7bJ_Yl4f16AZ3TAox3jPCJdLgqnLJeposqoLfKW0qGxMh0t3UAQ,eun1,SILVER
O4LjerdCnYuu2OGYvGF1PFYOVahm7Ds-0QQ6EWQ5g5K_H7GmlQHZu1eK-4uQb5syzXLeRqNUHtuhvg,eun1,SILVER
N4AX07qIubTz_im-I8YNgPKOUFOsSJygOtlPCqK9Z8tgQBytrcGHkMXpZ15Z41Di0fUnBfqlwomMYQ,eun1,SILVER
q22rNZxBzOvfEXMJ4xx6OlTFBuq3RdHQEBFknI1e2vzbumZkW6Nrif8OZvRbhPCtiXRS0HRG6w-4cw,eun1,SILVER
JQaUfsTar7d4fEqUOhMvd_SeT8dcJSXFJM0DQIa01ao9f_hmwO_Vz-HpD5lV8aVuILhIPav70u3PmA,eun1,SILVER
3zz8DP5rExT0WOaH43wi1zZQh_DzmcZNWvWmf1UqTpHSIslXyxM7tuFziUWQtVBxvGSzl4-38AFQ9w,eun1,SILVER
b9DSgjC9MYomFBG1cGfRcnysH4HKV2NsGhIY7XgjlUMXZvALNB36uLs-UBY0MgVSs6mBdmfcYbE64w,eun1,SILVER
THWAerYHFT1yGTByq1xQDD5zx0Dff6LTvm3byksGqHBkyvTDcvthKEFvivFaLGcOJihizR4sVezQ7g,eun1,SILVER
iMcbWhICZMii08h2wR_kbbmAETY0hjckXSNIe7bS-WNg-iag3JrXk9N30sXPMm5UV5IS9vIaQvHjeA,eun1,SILVER
1HrSzKwAAUcoV_CK-KfKX2SL8iXlgPgRagM3Y_yVEKN7Gz0FZ6rx8FH3y26t72hR_PURGePJCq9CKw,eun1,SILVER
YK0iVL4P9QCcCjw2dhaMNHFvXEJd8E3fj5R_fwLlUA7yNfG3AEM8hCyQskZ0bBbKgKAWu9FBsjXJyg,eun1,SILVER
9Aw8q5c4qKmuJeZp_zQJWau5SHRQsqhKLCgW4GzIF8kHMivLnJzdGcr8JzRWT02x09I-B2Z2K2R4Vw,eun1,SILVER
PT_bcQtHzn-eZCGo4dfagBbswkXmXrJHtS0ZzAbNETlXwKvdLXTS-1Qz0fXFuipcD2fx5yzLF14S0g,eun1,SILVER
tgq4nzhAVRweYkTEDbWGxnTf-9KZLbQV3QxHSlW1e_gFigrzYIU6iAFwrnC_BfQiHZ7CqKAtZG24uA,eun1,SILVER
H05ymfCZB8if4ck3NwkihHOSeHFx_AwYUtY4a-n-a5sp-SgeunMJCgIeGB0vRl3o-ny6rH1psrtVOA,eun1,SILVER
PX1AzacNbZ4tUQi6Y6RSGviQ2UT32GoWVx9asY2WITcMqvSxRY0o1j27TinkjZ27zuFbTf1iIemw_g,eun1,SILVER
SSU8PJmHYPpj1jqTDFHwjwZKKqG63dqM5HibjQRCX6CbMpAfmf-s1DDNVFaO7bie-E-NzgQ15ijf_A,eun1,SILVER
pJLIhqaSi8u5u9b2GlAfGkzQROL8rgvIehgswKCXNm-o4mw9pywfQvRa4vLPk9QSJJ0FhWaw1L4BYQ,eun1,SILVER
dThxE-MNDhosDClNPh7Ad5dDaIZRincCdvXHCDlEZo9HDhFsczJ92uo-OyIrc58p0qbqJ4clJBNoTQ,eun1,SILVER
gK0txit2TyMuoUn20oN-qf6qVaE9NuLXrr0MOjGKOoSFRAWGnRDifQCstUH7erxl8qV3y4K9Mv5lbA,eun1,SILVER
AGEin-PYJTJSm4C5Krk_ykMHGADhgH1FpnuEhImMNAL3Ou3Sp1VsL9NcarUV4xVzjio0MXfSwRldEQ,eun1,SILVER
qrFa052tiLUlJelFvUiGKdC4I7ivNezTtGKV5hBgVhRFoPdrIueHTJjFoXB3Q9JUmLDQ804j4HTeMw,eun1,SILVER
yPRYyZn13OKvsnewvZkepPYCCDDA6YInX6b05Vtie50jrcbDJ0-L7weA4dq8r-673EeY9wu2qhZCiw,eun1,SILVER
Onjhmyua-lhbK0NVk9EuSXmh2T_nrsROzyTEII6kVv6L4OELboKZzzLJ_LAavZVm3saB8PVxWqFdhg,eun1,SILVER
S-cUjntwM47A8cv_zqklAILXuklVpKDyPP0lNX5N5vbdDrHFKKvtS3nfFoXuBW_ZGlDRXD-XBcHgzQ,eun1,SILVER
fRDxLPKEEssELl7OppYHxPWRuYyh0APHIW6brYRX0he5ztYVsRQnBD75b0vdu3rDOXveGfIRwNhcPg,eun1,SILVER
yIH3ESfCk5pRrQekbq5zs9p-GlphDaROwqiaTUxXKovaT2wepiaTFC6Rmjuolqfp9bqZpMAtMSn7Dw,eun1,SILVER
hOVvjf3XUhbFNHTXp7dF7oQhgzA0QWz0oBgX_ZoBhkBmbQBYDJ4yAK5ZOT1VWCYWCSUzqURumYYOPg,eun1,SILVER
mzBSnm-aTh7Wmgw2ZBNQOsXvaOPZEfqICCSTWfRTb6byY1-T8XvaybxpTIRKPNY26YNtf5M-REYxvg,eun1,SILVER
hfkjSxzEySIB5_H0viRowyTvjSnPKlQ4XoO7IDg_2V-1j3nbewus1QAox1CC_1hQdNJgUku3zDqfBA,eun1,SILVER
5ICpR4EPDeh17ZMDtPqanMIHxUEbJUUqUBqQWH2MGVx6E8KgSFwCthlhzIjKANk2zuXZ8ZOH9Yk5Uw,eun1,SILVER
1til76msvDIDfSR_ES8iioHIfjqEg6ldF2tnXQozyypqR73bSkEuIheEqGpeaLvcIsHIiW8zJbP6tQ,eun1,SILVER
hBcYDMLG7OkXv8TRp9O6oLySdN4y69NjFbCJUFgsiJCz0N0K_zq1JHGbUuNLGoqvULD7U7F_gIpGUQ,eun1,SILVER
OOJ7VSDg0IBSWOfsBPxR7FSZkFiDpnCzalTXY5eJRLW6NT8mnpX8JD5VjzT9II0sn9wIVIhFfxVAnw,eun1,SILVER
Pw2mYPMKCmyHjRTyssVJdRV70edPgNU7WMPvrjB1vbVriv2N1ttWNZi6f7vg7zwapcK-kAYMy-rCMA,eun1,SILVER
5OinH3mxLIWzEiv81hY2W-qdNc_ws86fGkh0iYfkMRSf7Ja98i_czncRuJu7rc_94zY5xJzNg77R_g,eun1,SILVER
SwcM11va-RG51wy19xfODNkL0bsYKMN6kD7DwLvfHhAOi44zZLpaq6ze4ckF63lCBvbt0lKs_y4Zkg,eun1,SILVER
BbxCHPYyKlFL1UkJ2qT2akrJ6Ybex1DqjdgLkE50Bd1MNu9ruanw1hBXS1CpwvNYuGz9jYRJBXqLOA,eun1,SILVER
J9BqPUmjBIRth0tbiON01N7aIQREIRj1pLrDvIepe-P7pIr3cVOPD3DSF4ao0FNiQwLS0foufh1ptw,eun1,SILVER
-4cUHngf-eWxsKbwYVzxoxYybzXtZqs_aIn9x1Wxuwg1RjMYE74Rhbd-BFGrEyr_byGi7WveWeCkIA,eun1,SILVER
TCdXjlpt5-DMBbpfiPoadIG6yDsm_x1wCRDH6BeSUW_v8DsOfTqiy-04aXdFnlhUbfwDkWeKqTXRfg,eun1,SILVER
YRUhTW-PhsQEe1g5HOl-ghF72yUVVU8IBwGiUbCtFl1UUB9dLTbAV71aBJEFfTyK_LcQyWHect3fHQ,eun1,SILVER
58U-6fg8aeSnoOuNvLfhD598qx1Y_PXrdjXdh4eTOgz9lj8FFcznVj6IImhTW4owJfiKR4EUvoWvJw,eun1,SILVER
o6qW6xCiRc9ECizRQQKV4vTY7-oIdHEl5Chs-PCyBWjbRZqp2CUoUWb6U2r6Pw_t2qXunzJPQx3fvA,eun1,SILVER
V-kA6Wn9V5LcRqwaVG9MoNm78uG0kC9aOdpDEAeOBA2XZMAtj_rhLd6EinQqSI_MW-gkHQRb6RKeGw,eun1,SILVER
-LxAS95t5AF4ME2_SADJ1inf1momraiynhoI5yPpbj9pydFcDfnM86pDfyKz6oDztxfrux1UTscSpA,eun1,SILVER
fIqhlL14DHe-lTcucYXYLNNqUDlc_l9QHbZbMrxcOkbMFUPix0RshQZgAgEMpDsoFyJMkqZYQjiyUg,eun1,SILVER
5-z0ubRdL4g46Cqwo3MYdEmRLMAJ1wy-s6vISfoF2OAutlH8UcdgzzxsvZtJq-A_gtMOnm1PRKDmZw,eun1,SILVER
ggKY66QCMyw_-BLskKdy0XMS3ZX2LZPBskPMyNmpuKTtWW1p8n0bkNC8FFi1hOBF1319ZK7Us8WJrw,eun1,SILVER
UXVlRzljgXnM4tMPKXhPRU32OY9emngaKHo8d9u0cbhHghgfOqDY96-aQatfT1RVwJX3jAJSX6FYrg,eun1,SILVER
sPh5CZ0YtN6PfR1lYaewj2ZgrKEOdp3CMv-g1nj5zWsB8Ockhxj_hOxY8X0BFWlZNU5POqvpEPNCMg,eun1,SILVER
tXnb6JISPRwjwr1z9-ykhLaYxSFUVopu4_UVnEJ3A0NSlVvrixEH0q-crhT_Xlis9cKQuSDCGptb9w,eun1,SILVER
b2hUWCYoz_fbsUYXKHn4qUHtfqtoROES4Or4yeiTNoT2pKRSvadnlDZPgSUuF_IT89jcDW6gABflMw,eun1,SILVER
3kiEkqQ6-LtbgzrhV3wYYBVmWUrf1XZHQuJ_CUhby1Pa7EJO6tT9wN06V_7-C0rEvBO01LAGYc4bEg,eun1,SILVER
hFSFxzjqsgsOr7pPxPvJNhzxCPBZUZNx5IpFt2bUt16nWqT2Xjr8dv7qnLGoliGYshghmz6EUQ6stg,eun1,SILVER
s3WcJXqRcZlv-RNsnqerD8LUopsDaiP8MwG1sz1TumaAaeAIktEUK_-vUk3IXIh1-xrKpclOwHQ-4Q,eun1,SILVER
XFem6d79YlNip5oHNf9TdE-f4AMA9aJsvS7_hSHpjCtwvmz4PZrcnuerMoJDmKLHQ2V3dSfgct1EMQ,eun1,SILVER
17q_eNxVAgZGrpU9HaqxGte1nyk9yq4LVmfcjNAA-DcLgaPv11WazmxHB3iwcfs2wPfCqsrSWPwj6Q,eun1,SILVER
X3Ei1zCwYwvDqURwP-JaJnKtLHUoyCe7bB_uxy47KLA6QDSgJ4MneQj7Ttq8DKHp2DN8Sl3yfOZ-dA,eun1,SILVER
3Itozfm2oxigg-KWApjTQGZZRGZI6j8o7lSwKHzANAvvtBr8qE4sPvIoE-zKqLiCR7jE9bhZnCHI9w,eun1,SILVER
nDF6pAXJYFiLWcgjhwyaeWHutSNuTrmqYTB2h8ak4q9O2GfLncZ5fCnJA13UFpSg121gKBqK6cdLXg,eun1,SILVER
KXvqK516YCI5PLOe0SlIapAPZw8sN6t7-Yf0WVflbo1pEz_v-IapYWefLwVmTymXSCpjg5mJgnXrOg,eun1,SILVER
lVr-YPc6B1SR2B2BKfwZUGWH854mN8Brvrmo2JBepxB8jPro-_XFEdR6ud0ozh-yXZeSQSqI4TTF5Q,eun1,SILVER
vO6RaoM4DNJ4DuS-P4dSUjLmetmiFxlv2ce4xyuUFz2MaoDuLGK_M4fIbwdmMPLMC_OD64IotUeBGA,eun1,SILVER
qKKjZgsYLLvYtTPYhhWJoq1QNIRrhUvA-QrNKfJ-fJKcQj7Q7dk0JIIe1gRKHc0YpSZVs2YcjYLHKw,eun1,SILVER
0GMc7H2NPNgEFpu_KVxSJqETDCVZdjKiazJ7_y2SM1Mpg6gYrIutFiy92mkz8UjqMJg-8fdr4v8Szw,eun1,SILVER
-LV6GS2ry3cjdP4AzjjlENdxRrWuJFWbBtlJBHNrN4kufaAfofSsM6UXoe_NXzCxk6d_PdDrcgt8DQ,eun1,SILVER
tQt0bWZTBw9DgWw8nLSSCoXAQoFMS8zp-dLR03boKlPGY9fGzoiZeeA144MA4ch8jS_-cdGoHuOwvw,eun1,SILVER
CzC3Vna-wbRq9TOGcYndqriRZH2MucmbZacGEVZXRgmPiwREkmuRY4rDjEBkdIKvai9-Ydwq29g3jQ,eun1,SILVER
BJWy2hE9Le970we4h-eyByCH_5M7Drn3CKASmVOsGRSk0UrJTn0Tid6mjIBDrkP1SLsXG4KUpmhQBQ,eun1,SILVER
cTcflU5Ygu2VSl_VgJFEWyR3uXBxUrUWEA-tS-V7MgeJYFEzXLNKPkliLwYmwZAq0TiFoJhuoKyBXg,eun1,SILVER
nn3O4bSXMGBz6kcE772AlRMhvJfH3RsDq6gYDC3I0ZPMyTYYyTz_D9D_ial96hxNU9Lx8jF-pEOfGQ,eun1,SILVER
RfwDjq5HL2HioY4NZKzbacqg2IS0Rqk-0y1ylCFEMzCwhxR7G7b9e1q1zwUwGPvk8-mwByCPZlOQBg,eun1,SILVER
9bha4xhAHiHuYexlgvDshEhIowGdlMv3qlp8jfm7pOwUUcN-nUagPgSPxI6EoQPvE3UorXObYtLj9A,eun1,SILVER
HElOKJ5GYMmoWjRm-V0DxXhh3Dhkqqh39QzCepp1EccsXCVzJnvC1jDH9omhyXsg4wCV0p22_LQ7fg,eun1,SILVER
JJ-snERKHLjEWv-X4TFBnOQCuoOjixBQzrIvtyLvqhh5bWlVaDvnXgXEUf0EVX7p3I7xvNAjFq7GJA,eun1,SILVER
zu3yH7Ir74rXfR7LsZIpq3B01riKImBHEoyBsilElQ77x8dAMWeLciQOlee1PHU7wVxUR2bq082a7w,eun1,SILVER
XG3_qsONqsfOfP1k3iexuCZmBK3lCJ1iIubLaQQAjIsf5h1__SrWciOa3Vu-ThtHdz_zS9n19pjjdg,eun1,SILVER
35liwGs71M7w7oijzUB4-G4JEUmzZ11a7Cih6ygIQRE1RZ1U-TY1I6Ald6LzpXYuujxcIlzMSN2KsQ,eun1,SILVER
m0pdKOG3E5HGKg-L9GkmQPbQiSBE4RDf-iMRmIYtcmbkEk9D_zc2SJsgmWbsgvmM2DBw-WOnJr6BKw,eun1,SILVER
ZK0o7MKU_TK0JW3ioBwlgcOI2RqHF2LLOBjJ9wZoCrAY-uM6lJrSklngDksRRYEqAj3TceeQddlLmw,eun1,SILVER
7IVoYsyjoHkrjbnNL_DXmc90iKjEk7WzckwO9cWer5S4_1X75qrpp-RJFokCbYFZYXcKmgYpQn9icQ,eun1,SILVER
znHguKtFHCR0Sfl3ac4Uvu1VyFhU-qtPafFXkMZNTuZxDBdv8EsCxNNM-HRZEbmF4ggGUGAoTk1aJQ,eun1,SILVER
hsGhcLAuOYpr-9A9xWU6UE1Qz9FS6sD3ZqhRBLBbEihSkVpL9wVpSkyk0A8XxNVmUJwEBDMlJhIErA,eun1,SILVER
d5vxppZ5F_QRhivcutAhGuJbdJji_u0vaiYkN2WAROXzRAF-pSGynbPXU53utWSM2WQt72XiGmZLVw,eun1,SILVER
gWC3KuBBUW9eKv5F4Ztl37WohU0Oxpb_dffYSodLV-CLg3SIK_MJsNXrr7afLQS_fy_qYOxPDuPVrw,eun1,SILVER
shLgK0gh2A282U0dSWekVWQAc-bLHSRNqCpnFNrNgWGiyjwvcKD_r4b1xeDBk39H3y5Oy1hUgokJBg,eun1,SILVER
NQfj0IrHfrHDJMH0n_fTrDLxlcixRkfWgyUgzAbx_T4Ni838Dd8f3K8laTBMygWPqOVSlzzVXne44A,eun1,SILVER
xEILks54hKSzxpos7QwQDR8ryiWLayZXxBQHNDGDh3eOgFzvRjqQg_-8gFUGH0RrMXDiPEBJdtMG6Q,eun1,SILVER
6YGQzmPurx6ndwXoF12GUyxtFFa68uPBzkKmbcbqp_rqpVSDxeH3V4IRpDcJhzChkf4f6LGSlOQjNQ,eun1,SILVER
MqUy4WVWBsvSzIEhdwAgo0EZaO-OIDMqcO3YZq5EKHW6HdsBw9pXNDaL9KQKqgV8uIT11jQfuFX_kg,eun1,SILVER
AC5kMGoMvVe-2onvlSDbVsrrgwNw_ltWRggjMMBRn_Yr_PQOBXQnzOke0u77yb5RF8FO948OuL9Fow,eun1,SILVER
cdRbAtCZ3-dYh8T7T5A5V77sjj6BxzUoteNfJ3WHmDQUXugSssCqLOlgruzZ8sy1YjdUNOdpiu9wQQ,eun1,SILVER
TOeFnGpKN5dxrSPrMgxI9mUt729yaklJYeasPi-mw6a-ezxG_jPOManxiqSiwwC9Zf8_kCXSaQ1BpA,eun1,SILVER
SoTcur_YL2euac6-zfL957ZZxB3S09sO6WTffZ55aNVPx4xJU7aqP0xGF_VOTa4blv9YWoWAcQY0_g,eun1,SILVER
lgWZHqm7VRMLEN5cm9X2KTbyXr_eyBpq7F15Zq2smmdFAX6-G7u7vkkF8FJXnQ6ncRffdDXF8VSGEA,eun1,SILVER
VP76h1jloU23sjb59jd2ljK4H5_blw1nUsXjE4gVkWujQxtEGRCC0NICT2AXInVRE5stl91CchoB1Q,eun1,SILVER
IbxZZezIvSN8dLPKIu4sKgZRoNltamnKHzVWN5rDQ7k34vR3WFyYnFLj75ZWiF03tXjtW0Wggoc7lg,eun1,SILVER
CZsrhz7pRu5V0JvpjTdZRYID6a-DK1l1q--2maIuqVgsIY5EJ-ZKR5qu8_Yd02J1b2-7OUDEb6126w,eun1,SILVER
BSz8c6APmowyP6Alw0bsieEpNlBQY-2_m21E41NQT8kQHCetKuNtHQvYqPltMsgqDTiyTQX8DpEAuw,eun1,SILVER
Kj424Wss0vi7WrRV9rqKdD2cNVH8vT3_mK-okv-S4ul8zmx053V0SAdBuAYqha2utK4FDklAKkrGSQ,eun1,SILVER
pIOz97HS9SE7m5dazaQUaIFx2b1ADA9c5ZiIz1uLE9KmzDjQ2X3FF6QtcFCwZ3E2c-AT2BDHnxVcpQ,eun1,SILVER
t85uxCe34n81ppIZ-OCS8tCs2_BmMMuVbeLbmwEcxOu6LOxxpdqb56-n_9AYAk5VzR43D5QqvjkMaw,eun1,SILVER
EJnicnClPb26ODHzJYA0l97TC0fFQVfspR-huT1ihNo05xGYasF6ycsJR-i79_2ehoc21EC1fVxltg,eun1,SILVER
7kJYyWatPQQQv03wGX_rR-JtWIKadTZlwElt1VNJ_TrYmsiw9riguoJkaOSjwzWuvQoxDxZBoM3-zw,eun1,SILVER
6391GmnpMa21l_7uUVfzQanoGfNvgaTkaoFV3sEFeCcHggzOdMa32csPqNPbz6_eJaCb3afDqt1QHQ,eun1,SILVER
CMD2SnXeLHcq4zZkrwhsAKKUcQuqlO8b32qh5mYcLfxAdnw4d_I3bk1YK9V1s94amif_Qj_MmaeRVw,eun1,SILVER
XH6MLcbofKwIGX4mzprRk0y2mPKVfDBHBoIivVKpHYzRolXaFEc7KHQAFscIZCaHbUOMNLAZTQWknA,eun1,SILVER
uAExUMcZI2D2pRbPfzrcv5c--BkcFSjx5Ixi9ZcGpXSW2tv8iriU8262ZsQ9uM2eCayRcrV1FaSJ4Q,eun1,SILVER
I6cWT7YSYUCuGiSWqdW7QKYReWEC-GDgtVmeUJ8pWTa0WmO13ZQLLTAyyAKBLVSVI8CK5JooDt7C0Q,eun1,SILVER
wfFWph7Vv6WGHKyTiPy4-LRMzLL2i1Nowc4NI_-ixIATrKuv0QWfBqUPVlwFWxMuGGQ5gvjgi5OCmg,eun1,SILVER
kwnRLxSYFEhwSbvcS6SN8zzFUdgF_C8ULGVpq64Y5bBLfRajLQnGuz5wU6WRyQXrBdMKjFz9Wezbbw,eun1,SILVER
3KK7VlVglnE6Nov9rXwjLWRipZ0fBTwdWMJ2PJorWaKusiXLS9i_NgMKXGHpcPewsLt2Eutc6BTbtA,eun1,SILVER
6tdRQn5fnfnZnyMx6haUyRrXq0YcNdJAFxyxhZ2nuF_PuKRjPLElL_sfOsbJle_-zJFCIWmH88qDRA,eun1,SILVER
5Ph3cd-RJUu5Jy7QuY3HtNGSTwCkDizJk3OERypYMghWR_LbkYhQZu_o07yHayrVW5hDYpB_KVuCpA,eun1,SILVER
VL_LgsMqNFEke7B0XPYLxyPKTipqq_ZTePGSWSfSp82LynD9x_EmUsH8Z3ce0tJbODGCm-dnwFyaqA,eun1,SILVER
zgD2Z8lHKAn51vvpovLmZTu4Oc_nivA9eE4F1WCzFCOK94olbyS_ox8vM3W-3TszTPhRVzNb_S4Ccg,eun1,SILVER
4M2L9p5ntAYH-baHdpunDVQVHrqtT2eSQd_saSM5GCyZXMDEp0jT-Ca9lcelT3fcWORYtlVTyulItQ,eun1,SILVER
8aihLVyycIR-7i9npdK5fYA4UXy95t5OA-ATYOplpaYdOq3X1TG62bffUqS2_OiZ2T5iblzKyFTOxw,eun1,SILVER
GoRizTRy4JPQLm3OVko2oy4sPxkMc-fQncCE05ha9jv3CbwT3MXQ90EzfXrzLLZ5pO1skdjjVdA7Jg,eun1,SILVER
_9WtFB0mLLqEh9YC7u3qRTyIz3L95dJBxD76GqAnNsVeRwFet-MpXGrLol14g4fi8R5nU6Mz_vK_MQ,eun1,SILVER
pTW-Wmn12xAKCMRh-wXmpM1PYVGZZIltzQsy5cuRbKHq_bLJrYfHi7JZGcttdNmlj_QOgese2tTqzQ,eun1,SILVER
T8ZY4wGrVG1kW5LwfmGJkDT0izIog1d5QUFXKjAv5pEaUT3t0vuWOLccF-7GeaQ3aZnkWxpvKR93RQ,eun1,SILVER
d3VS1-hNuYN1frT3Xt5mSD0E3GNN7WOSHVcoVT94lJgixfcOolEjSfOxqYQ9YlBlDT3AmUHmJHNzHw,eun1,SILVER
OstJz9ecDL8UkI4x1LZmkTOnyGQBTOgZEa0MCrl3EF4gee85fhU0ZQM-yHCqWAodN6ZTtbN2zu54mg,eun1,SILVER
h2Y4Z1ZhI8CjNd4xicR0xrKH_hYCu7kxOnguPub9GfRjZyRnT-Pv_fmt-hbrHFs5fLtAsgFSwtmUGw,eun1,SILVER
O8vrCV_tXKNU4jYfl-6pNMLL0Wi_2d_SYfiElKJi3un90NqokYf4Xoi33rOJxp5mKMSCxHzy2Uq4HA,eun1,SILVER
-Skk2gzWG0YIwqTOTptrsb-9UP6oEzACaCvRX3mRdT7k83fwZFxcX1BAkLz_tpO7AxJMwoZ9chaFAQ,eun1,SILVER
jElzsiMH3PpIre14zKhym6338j7HBfG6vUN4fqHMWqELw7i6EyK9rD-voC_m5pIXvHXdV35bsvj3Jg,eun1,SILVER
z4L86qeYje4Vp41oZi5W5mjiEQySUi9Y7kzDFYRdsXOVk0NIFvUU2CaekjiqIHnXV6uh10ybgF7DOg,eun1,SILVER
Gu3-aI75zWyiDXy1WcyWvztr7XuS8KD8kXQdkUQsu9Z4GKmnDBdc51TckkIOOgES9jsi2L0E085Z6g,eun1,SILVER
W7A6hIY0l45qORc5Z_pkBZe39LxoCTpf9FVh7do9H4V9wn1mqFP0NzahQwCvSFmg_dxiPIQS9N7ZTQ,eun1,SILVER
cSGoPbzJjeIoED97lQb9HDRRtpHaYSBZ0qTdIqf0wC22rn-KZvwIhWlem9CathErTbMZd4iBc6oZ8A,eun1,SILVER
7qzX8RNPizOUuU61twGr99fe_1kiHqLZu5BQSKcuy5InBspiSwMwHl86UlMedrrkKb6CS7wg9Ln8qA,eun1,SILVER
zztCo6BWm1GLz4CfJtxiuCpzMF5XJcLar74arsv3vNcCIoapmLsSAglcSs4ttQKTqt31i-MDEVBpsA,eun1,SILVER
tALE1Nd9Kt0ilp2TDVKqPkO5x70Zg7Lu1VyXnGWR-JV0UQ8m3cxgiffN3Ik31HlP3o0PZ-pdaPVsTg,eun1,SILVER
9D1gnxNH8yA_1_YkHMwaRicuY6dWebLBTFN2gyNkkk1MaDDvlEkPaPsHq1g-I6wwGcbUFeJP5szkxQ,eun1,SILVER
XTI-BPe-VdPF7poSbyuzQonwR9HCVI1WNtqryUWV4y40XP5gtTg50JiiNQhWBQR2l5ba6kJRK_dLSw,eun1,SILVER
vxvDp1fPoKTcMuf9wjI2M5d_ArnwMWoWLxjisHo3SoGMe5clF966qo3I-QCkvDsE5WBR6DHy1ysekA,eun1,SILVER
3jks6GE2kIMgZA-keWwivADFQWGMuYXjm-eaZQ4FAULzEWopJc9yoJT60DY_IHKfrRsBBG02Koav3A,eun1,SILVER
RRDRqxG7NS2COIMOeLHMcfh__ZCN5dhRvuECTDFipjdWsBnPz_AoQtURX5UwJsAKLhMhJD235Ugh6g,eun1,SILVER
NfopSvGSilIHVXN_fbb78DsVroHJxgJuc-NgU8ISIODlnHqX5RZvsuccpZnevmFRcKl46svRY-VcFA,eun1,SILVER
Je1mAaNW1hVPclfW4jdMb93ENKju3NPWMiS-ZvP3axE3jYeYI9qDC45tAmBI5QkPmO8Lpr07oVhBJA,eun1,SILVER
5DKhhhgmVzTjTyWwcLl4HgALfGh2JRid3NNNEDqvMnI3ST8xOj8-76wMeR-Nov0wF4HMMHigH37A8w,eun1,SILVER
TlNSuevmXUcAi83nEkJHjZ7gXjGm-W_r-9GqstVwglnrdBnmV1VvHRg-x9j1jhqNcvYKdzWW6tlkgw,eun1,SILVER
8C46uDwgLeVfp9lUiNoS73SANf5QQKHu5ZNodhTU6cGaCej_ZEkJQf6Yrj_25K1SvbLJrZh2y4H4Jw,eun1,SILVER
D3WftsibgMF8raKRAJWPinW9kPnR-fpHId5Vl7zpIZ1gmFEo6RsM0ds6aTpnhG-SOjDfVSXlWziYtA,eun1,SILVER
2H6OL6M1Ti1h_5Ma2RVNG8K8ebxkuolNZJuYCVrSYPslQ9q17lWoQFdAHJRQV_WwTVftX5tgWV-48A,eun1,SILVER
1UGBx9yULH1oyZ-p_HVPJISORWYssIsRV1pSLlWsR9VQUDo_Wx1k759rgLKLneN1XcvGNE5qT7noaw,eun1,SILVER
bZKeu7qGnOR99qfy7KKfZc5bjOSzqUjO_4Vo9qWOkf3I96Qf7lTwfl10Ybj92JkxGimKxl7SsGON4A,eun1,SILVER
B6Zq-Rtuh7aKRdTmG7CrFPOheLmgVBjI-cXiMhWqCakaDRYWrn4y21qOgcLch0JGZADEmF5bXpRLrQ,eun1,SILVER
i3Gf9pOy5w9-1yTJ17VneeAUzrJYodj4lqBsjiaOSGoahO8-r3-d46ieM2-OQVqG7I8cGVkaWd6q4g,eun1,SILVER
uLW2eve--9hBye3GK2YXHs3OTmHeCqsXCw4W5IxJW5YvUSI_9RlPlB0wPI-G2Y0QBKe79tNCSmGiSA,eun1,SILVER
UA9aPQjhS08CFP3waPxZ8lMwuMdB-mhG26r7xmIiWSPo0bXzW1JFLSXqGvCYsydv8v2aaox0DslxoQ,eun1,SILVER
80KvFILRS1geyqRkLg4eBr4DHw27h67tUHDttnv0-z2JZgFgpyshwTJ6wBQTnyBl_R_jWzvk3pUKSg,eun1,SILVER
BPvqfAzU62JlkfG1gFqP3tvxS_zKi9M1lkQ-WJtd8_83k5wz5D0kHSjPKj5j_4lvWqhwqHyTWRa3XQ,eun1,SILVER
nZ_1lMwQ-L8qjpTKFo_va5dGTT3Z4QA0m-aMxkSijegta3AddW9MdeKm7bbYvg1T3hhPmlqFpA0Bbw,eun1,SILVER
u4Un5N0gmruVzR0EhX3HShhflzkOFm_sCmc-CYqscsoJ6EB2Max9xMpLLGO0xdIAvQLeXmiawjg0ZA,eun1,SILVER
4RsTrdG_meMEJYY83YN2mLIbspSSP2NzrtpVVKdRmStayqrgxManELeW6UPb6g89mY0rHJr9kbQhJg,eun1,SILVER
39t05CGQfxhauOPJ_EaCRQdsWUvPnX-qt0JnjTwAqb-C5v90xD7CLVyQOhjQeRbrtkPXrniARUw13Q,eun1,SILVER
N06V_2K4EkgxCsSHQBIadJ2D0U2_dyOSjtscnxg9gobPnV9GzRQ24upa6jKaSDb80_Ypj0ohKO9j5g,eun1,SILVER
nXT8Ck7sxJQ6PlDadz6x3EvKCniJxSucY-GQBZmNMWsUa-1ffkRRU1MghYItfFM0iArL4qkjAFxDpA,eun1,SILVER
2BxzNWxOzXfoGqdYnURa6TYCoMiajrHoLs8hEyk6aC6som38XVxCfr3tqJw2wcJ1ETN_ViRjU7bdFA,eun1,SILVER
70ZNKPKnJvFoWVVXoaQwsyscP0xVH9FyD0VH5bvsCBlm9QMVAIU8aegnSEiGZDrs3yRrlqocAnQYiQ,eun1,SILVER
BjDxZmMJ80XnfvcNWiQpWXqIA1ebNW6bs56mq0xzP1w47vf06n3ks_H7eX0WJ_xZL53a0PfsxUtTaQ,eun1,SILVER
Wjf5k8UAeI0w1VMQMRISA_ydbT4ewpEPwMC4oUIV7aFgDmTu2Gmm6hY76PcI1Fn9YNO2VNseNfuPlA,eun1,SILVER
Vf89fkytIq8_AJCmPM_6aoQR4rHrGtwO5CGd1rB95Rmtax7R9c3x1PpbZd9UpZ7pq7h4ejAhie3PDg,eun1,SILVER
-ip3ikR5iFdNckjJQncQ2qED449mIGxTJeiUHgXaDsmbsLOPn4epCLC8zI27esS_3d3o5s7g3N0KMg,eun1,SILVER
5ejJKaivuGuiNuEMopnYOoEmHiBffuDPoXc8Q3Jd4yYJKsRc9haaxYLZ-m9ZfkFH1UDdn6eQmBM3IQ,eun1,SILVER
Nwd1kIhMY84Y9TaqA6-v5CMKui9cDZrt4E35T5ARew3-BYI9z7oLalTuR9Ubfy7EQDq70VG7Kj4Egw,eun1,SILVER
D5y4ZYKPd0O83bDgoGi_J7Dzp8vbwd_-rabyfwTkAgNfCNowCPaspN7Kke2wZW4_9Pmb0_W2B9XjVw,eun1,SILVER
h3yYZfsPGx5qvKkEcjv6KkCGCFd5sjWdquVY54R11Ay4GjfzzQI9rX-9lJFQH1ncAhOyvOJaJcym7Q,eun1,SILVER
vORSDtR40HlStdpM0-I5ze8VnlgCPWzRAXzmmTgvGBIA0UBP2XJW1sVxMGz4aHxbV8BKxchG3j3lyg,eun1,SILVER
BOUu1huuMo8AgEvOzY_1chWyh_Wss_h_EuuaM14dscQRx_uf3s2XCAbKX1XEghSU6mm_hgA_m1wvzA,euw1,SILVER
